{
"type": "FeatureCollection",
"name": "targets_battery",
"crs": { "type": "name", "properties": { "name": "urn:ogc:def:crs:OGC:1.3:CRS84" } },
"features": [
{ "type": "Feature", "properties": { "sample_id": "ID082F773225", "latitude": 49.87061, "longitude": -116.7766, "rock_class": "sedimentary rocks", "rock_type": "quartzite, quartz arenite sedimentary rocks", "terrane": "North America - basinal strata", "terrane_name": "North America - basinal strata", "era": "Proterozoic to Paleozoic", "lithium_ppm": 61.3, "cobalt_ppm": 21.3, "nickel_ppm": 31.6, "score_battery": 1.4481969317837498, "rank_battery": 625, "dist_to_fault_km": 0.3, "dist_to_terrane_boundary_km": 3.23, "grid_id": "58_166", "year": 1977 }, "geometry": { "type": "Point", "coordinates": [ -116.7766, 49.87061 ] } },
{ "type": "Feature", "properties": { "sample_id": "ID082F773237", "latitude": 49.66159, "longitude": -116.87053, "rock_class": "sedimentary rocks", "rock_type": "mudstone, siltstone, shale fine clastic sedimentary rocks", "terrane": "Kootenay", "terrane_name": "North America - basinal strata", "era": "Paleozoic", "lithium_ppm": 50.8, "cobalt_ppm": 11.9, "nickel_ppm": 111.7, "score_battery": 1.3606790398324691, "rank_battery": 850, "dist_to_fault_km": 2.3, "dist_to_terrane_boundary_km": 6.1, "grid_id": "55_165", "year": 1977 }, "geometry": { "type": "Point", "coordinates": [ -116.87053, 49.66159 ] } },
{ "type": "Feature", "properties": { "sample_id": "ID082F775172", "latitude": 49.59481, "longitude": -116.75062, "rock_class": "sedimentary rocks", "rock_type": "coarse clastic sedimentary rocks", "terrane": "North America - platformal strata", "terrane_name": "North America - platformal strata", "era": "Proterozoic", "lithium_ppm": 33.6, "cobalt_ppm": 38.8, "nickel_ppm": 144.5, "score_battery": 1.7457712258316755, "rank_battery": 181, "dist_to_fault_km": 5.35, "dist_to_terrane_boundary_km": 4.3, "grid_id": "55_166", "year": 1977 }, "geometry": { "type": "Point", "coordinates": [ -116.75062, 49.59481 ] } },
{ "type": "Feature", "properties": { "sample_id": "ID082F775173", "latitude": 49.60807, "longitude": -116.76693, "rock_class": "sedimentary rocks", "rock_type": "coarse clastic sedimentary rocks", "terrane": "North America - platformal strata", "terrane_name": "North America - platformal strata", "era": "Proterozoic", "lithium_ppm": 30.0, "cobalt_ppm": 44.9, "nickel_ppm": 202.6, "score_battery": 1.8350767852120859, "rank_battery": 114, "dist_to_fault_km": 4.13, "dist_to_terrane_boundary_km": 2.75, "grid_id": "55_166", "year": 1977 }, "geometry": { "type": "Point", "coordinates": [ -116.76693, 49.60807 ] } },
{ "type": "Feature", "properties": { "sample_id": "ID082F775178", "latitude": 49.62157, "longitude": -116.73444, "rock_class": "sedimentary rocks", "rock_type": "coarse clastic sedimentary rocks", "terrane": "North America - platformal strata", "terrane_name": "North America - platformal strata", "era": "Proterozoic", "lithium_ppm": 38.9, "cobalt_ppm": 32.4, "nickel_ppm": 97.2, "score_battery": 1.6466647837706589, "rank_battery": 270, "dist_to_fault_km": 5.41, "dist_to_terrane_boundary_km": 4.59, "grid_id": "55_166", "year": 1977 }, "geometry": { "type": "Point", "coordinates": [ -116.73444, 49.62157 ] } },
{ "type": "Feature", "properties": { "sample_id": "ID082F775204", "latitude": 49.94746, "longitude": -116.76468, "rock_class": "sedimentary rocks", "rock_type": "quartzite, quartz arenite sedimentary rocks", "terrane": "North America - basinal strata", "terrane_name": "North America - basinal strata", "era": "Proterozoic to Paleozoic", "lithium_ppm": 58.9, "cobalt_ppm": 17.9, "nickel_ppm": 41.6, "score_battery": 1.4043624330953079, "rank_battery": 737, "dist_to_fault_km": 0.02, "dist_to_terrane_boundary_km": 1.08, "grid_id": "59_166", "year": 1977 }, "geometry": { "type": "Point", "coordinates": [ -116.76468, 49.94746 ] } },
{ "type": "Feature", "properties": { "sample_id": "ID082F775208", "latitude": 49.69215, "longitude": -116.28004, "rock_class": "sedimentary rocks", "rock_type": "argillite, greywacke, wacke, conglomerate turbidites", "terrane": "North America - platformal strata", "terrane_name": "North America - platformal strata", "era": "Proterozoic", "lithium_ppm": 36.7, "cobalt_ppm": 31.1, "nickel_ppm": 86.5, "score_battery": 1.5538616378585308, "rank_battery": 416, "dist_to_fault_km": 0.97, "dist_to_terrane_boundary_km": 34.15, "grid_id": "56_169", "year": 1977 }, "geometry": { "type": "Point", "coordinates": [ -116.28004, 49.69215 ] } },
{ "type": "Feature", "properties": { "sample_id": "ID082F775225", "latitude": 49.9426, "longitude": -116.25276, "rock_class": "sedimentary rocks", "rock_type": "argillite, greywacke, wacke, conglomerate turbidites", "terrane": "North America - platformal strata", "terrane_name": "North America - platformal strata", "era": "Proterozoic", "lithium_ppm": 59.1, "cobalt_ppm": 22.7, "nickel_ppm": 22.2, "score_battery": 1.3629886566351401, "rank_battery": 845, "dist_to_fault_km": 4.53, "dist_to_terrane_boundary_km": 34.81, "grid_id": "59_169", "year": 1977 }, "geometry": { "type": "Point", "coordinates": [ -116.25276, 49.9426 ] } },
{ "type": "Feature", "properties": { "sample_id": "ID082F775230", "latitude": 49.98737, "longitude": -116.18904, "rock_class": "sedimentary rocks", "rock_type": "argillite, greywacke, wacke, conglomerate turbidites", "terrane": "North America - platformal strata", "terrane_name": "North America - platformal strata", "era": "Proterozoic", "lithium_ppm": 60.6, "cobalt_ppm": 22.6, "nickel_ppm": 44.1, "score_battery": 1.5584733403569966, "rank_battery": 408, "dist_to_fault_km": 9.54, "dist_to_terrane_boundary_km": 40.27, "grid_id": "60_170", "year": 1977 }, "geometry": { "type": "Point", "coordinates": [ -116.18904, 49.98737 ] } },
{ "type": "Feature", "properties": { "sample_id": "ID082F775231", "latitude": 49.97075, "longitude": -116.16639, "rock_class": "sedimentary rocks", "rock_type": "argillite, greywacke, wacke, conglomerate turbidites", "terrane": "North America - platformal strata", "terrane_name": "North America - platformal strata", "era": "Proterozoic", "lithium_ppm": 56.4, "cobalt_ppm": 42.8, "nickel_ppm": 49.6, "score_battery": 1.8702086797491302, "rank_battery": 97, "dist_to_fault_km": 8.03, "dist_to_terrane_boundary_km": 41.5, "grid_id": "59_170", "year": 1977 }, "geometry": { "type": "Point", "coordinates": [ -116.16639, 49.97075 ] } },
{ "type": "Feature", "properties": { "sample_id": "ID082F775248", "latitude": 49.98385, "longitude": -116.32888, "rock_class": "sedimentary rocks", "rock_type": "argillite, greywacke, wacke, conglomerate turbidites", "terrane": "North America - platformal strata", "terrane_name": "North America - platformal strata", "era": "Proterozoic", "lithium_ppm": 65.3, "cobalt_ppm": 17.2, "nickel_ppm": 27.5, "score_battery": 1.3473124110263925, "rank_battery": 896, "dist_to_fault_km": 1.74, "dist_to_terrane_boundary_km": 30.36, "grid_id": "59_169", "year": 1977 }, "geometry": { "type": "Point", "coordinates": [ -116.32888, 49.98385 ] } },
{ "type": "Feature", "properties": { "sample_id": "ID082F775331", "latitude": 49.93484, "longitude": -117.59327, "rock_class": "intrusive rocks", "rock_type": "granite, alkali feldspar granite intrusive rocks", "terrane": "Post Accretionary", "terrane_name": "Quesnellia", "era": "Cenozoic", "lithium_ppm": 49.0, "cobalt_ppm": 14.7, "nickel_ppm": 97.5, "score_battery": 1.4040883912596462, "rank_battery": 738, "dist_to_fault_km": 0.7, "dist_to_terrane_boundary_km": 1.11, "grid_id": "58_160", "year": 1977 }, "geometry": { "type": "Point", "coordinates": [ -117.59327, 49.93484 ] } },
{ "type": "Feature", "properties": { "sample_id": "ID082F775376", "latitude": 49.4551, "longitude": -116.32065, "rock_class": "sedimentary rocks", "rock_type": "limestone, slate, siltstone, argillite", "terrane": "North America - platformal strata", "terrane_name": "North America - platformal strata", "era": "Proterozoic to Paleozoic", "lithium_ppm": 61.6, "cobalt_ppm": 22.0, "nickel_ppm": 59.1, "score_battery": 1.6339922702985399, "rank_battery": 290, "dist_to_fault_km": 0.51, "dist_to_terrane_boundary_km": 38.66, "grid_id": "54_170", "year": 1977 }, "geometry": { "type": "Point", "coordinates": [ -116.32065, 49.4551 ] } },
{ "type": "Feature", "properties": { "sample_id": "ID082F777105", "latitude": 49.02742, "longitude": -117.03275, "rock_class": "sedimentary rocks", "rock_type": "argillite, greywacke, wacke, conglomerate turbidites", "terrane": "North America - platformal strata", "terrane_name": "North America - platformal strata", "era": "Proterozoic", "lithium_ppm": 47.4, "cobalt_ppm": 22.8, "nickel_ppm": 37.9, "score_battery": 1.3515638132574677, "rank_battery": 885, "dist_to_fault_km": 0.07, "dist_to_terrane_boundary_km": 11.64, "grid_id": "48_165", "year": 1977 }, "geometry": { "type": "Point", "coordinates": [ -117.03275, 49.02742 ] } },
{ "type": "Feature", "properties": { "sample_id": "ID082F777182", "latitude": 49.76212, "longitude": -116.30804, "rock_class": "sedimentary rocks", "rock_type": "undivided sedimentary rocks", "terrane": "North America - platformal strata", "terrane_name": "North America - platformal strata", "era": "Proterozoic", "lithium_ppm": 29.8, "cobalt_ppm": 55.2, "nickel_ppm": 150.6, "score_battery": 1.8587850206373497, "rank_battery": 102, "dist_to_fault_km": 0.68, "dist_to_terrane_boundary_km": 31.38, "grid_id": "57_169", "year": 1977 }, "geometry": { "type": "Point", "coordinates": [ -116.30804, 49.76212 ] } },
{ "type": "Feature", "properties": { "sample_id": "ID082F777265", "latitude": 49.79455, "longitude": -116.97482, "rock_class": "sedimentary rocks", "rock_type": "limestone, slate, siltstone, argillite", "terrane": "Quesnellia", "terrane_name": "Quesnellia", "era": "Mesozoic", "lithium_ppm": 45.6, "cobalt_ppm": 14.3, "nickel_ppm": 104.6, "score_battery": 1.3591293553066834, "rank_battery": 853, "dist_to_fault_km": 1.27, "dist_to_terrane_boundary_km": 1.98, "grid_id": "57_164", "year": 1977 }, "geometry": { "type": "Point", "coordinates": [ -116.97482, 49.79455 ] } },
{ "type": "Feature", "properties": { "sample_id": "ID082F777316", "latitude": 49.98903, "longitude": -117.02144, "rock_class": "volcanic rocks", "rock_type": "basaltic volcanic rocks", "terrane": "Slide Mountain", "terrane_name": "Slide Mountain", "era": "Paleozoic", "lithium_ppm": 20.1, "cobalt_ppm": 47.9, "nickel_ppm": 196.9, "score_battery": 1.5879302608164707, "rank_battery": 359, "dist_to_fault_km": 1.66, "dist_to_terrane_boundary_km": 0.44, "grid_id": "59_164", "year": 1977 }, "geometry": { "type": "Point", "coordinates": [ -117.02144, 49.98903 ] } },
{ "type": "Feature", "properties": { "sample_id": "ID082F779165", "latitude": 49.94832, "longitude": -117.72415, "rock_class": "sedimentary rocks", "rock_type": "limestone, slate, siltstone, argillite", "terrane": "Quesnellia", "terrane_name": "Quesnellia", "era": "Mesozoic", "lithium_ppm": 74.8, "cobalt_ppm": 19.2, "nickel_ppm": 91.3, "score_battery": 1.816823562449007, "rank_battery": 126, "dist_to_fault_km": 1.46, "dist_to_terrane_boundary_km": 3.42, "grid_id": "58_159", "year": 1977 }, "geometry": { "type": "Point", "coordinates": [ -117.72415, 49.94832 ] } },
{ "type": "Feature", "properties": { "sample_id": "ID082F779169", "latitude": 49.94276, "longitude": -117.7661, "rock_class": "sedimentary rocks", "rock_type": "limestone, slate, siltstone, argillite", "terrane": "Quesnellia", "terrane_name": "Quesnellia", "era": "Mesozoic", "lithium_ppm": 52.9, "cobalt_ppm": 14.3, "nickel_ppm": 66.2, "score_battery": 1.3399658434687902, "rank_battery": 921, "dist_to_fault_km": 1.5, "dist_to_terrane_boundary_km": 2.24, "grid_id": "58_158", "year": 1977 }, "geometry": { "type": "Point", "coordinates": [ -117.7661, 49.94276 ] } },
{ "type": "Feature", "properties": { "sample_id": "ID082F779199", "latitude": 49.96239, "longitude": -117.22256, "rock_class": "sedimentary rocks", "rock_type": "limestone, slate, siltstone, argillite", "terrane": "Quesnellia", "terrane_name": "Quesnellia", "era": "Mesozoic", "lithium_ppm": 39.8, "cobalt_ppm": 20.8, "nickel_ppm": 115.2, "score_battery": 1.4799818714189175, "rank_battery": 556, "dist_to_fault_km": 10.86, "dist_to_terrane_boundary_km": 12.3, "grid_id": "58_162", "year": 1977 }, "geometry": { "type": "Point", "coordinates": [ -117.22256, 49.96239 ] } },
{ "type": "Feature", "properties": { "sample_id": "ID082G901293", "latitude": 49.42010405, "longitude": -115.2380092, "rock_class": "sedimentary rocks", "rock_type": "argillite, greywacke, wacke, conglomerate turbidites", "terrane": "North America - platformal strata", "terrane_name": "North America - platformal strata", "era": "Proterozoic", "lithium_ppm": 18.0, "cobalt_ppm": 59.9, "nickel_ppm": 105.4, "score_battery": 1.462560508857315, "rank_battery": 589, "dist_to_fault_km": 1.93, "dist_to_terrane_boundary_km": 99.56, "grid_id": "54_177", "year": 1990 }, "geometry": { "type": "Point", "coordinates": [ -115.2380092, 49.42010405 ] } },
{ "type": "Feature", "properties": { "sample_id": "ID082G903070", "latitude": 49.70032641, "longitude": -115.410624, "rock_class": "sedimentary rocks", "rock_type": "dolomitic carbonate rocks", "terrane": "North America - platformal strata", "terrane_name": "North America - platformal strata", "era": "Paleozoic", "lithium_ppm": 55.7, "cobalt_ppm": 17.4, "nickel_ppm": 37.7, "score_battery": 1.3249878007126139, "rank_battery": 975, "dist_to_fault_km": 0.76, "dist_to_terrane_boundary_km": 96.46, "grid_id": "57_176", "year": 1990 }, "geometry": { "type": "Point", "coordinates": [ -115.410624, 49.70032641 ] } },
{ "type": "Feature", "properties": { "sample_id": "ID082G905024", "latitude": 49.35035037, "longitude": -115.6204457, "rock_class": "sedimentary rocks", "rock_type": "argillite, greywacke, wacke, conglomerate turbidites", "terrane": "North America - platformal strata", "terrane_name": "North America - platformal strata", "era": "Proterozoic", "lithium_ppm": 62.3, "cobalt_ppm": 17.4, "nickel_ppm": 31.4, "score_battery": 1.3550362253734132, "rank_battery": 875, "dist_to_fault_km": 0.45, "dist_to_terrane_boundary_km": 90.62, "grid_id": "53_175", "year": 1990 }, "geometry": { "type": "Point", "coordinates": [ -115.6204457, 49.350350369999987 ] } },
{ "type": "Feature", "properties": { "sample_id": "ID082J901178", "latitude": 50.40098622, "longitude": -115.4676009, "rock_class": "sedimentary rocks", "rock_type": "limestone, slate, siltstone, argillite", "terrane": "North America - platformal strata", "terrane_name": "North America - platformal strata", "era": "Paleozoic", "lithium_ppm": 59.8, "cobalt_ppm": 16.1, "nickel_ppm": 38.7, "score_battery": 1.342318024068295, "rank_battery": 913, "dist_to_fault_km": 13.97, "dist_to_terrane_boundary_km": 98.26, "grid_id": "65_174", "year": 1990 }, "geometry": { "type": "Point", "coordinates": [ -115.4676009, 50.400986220000014 ] } },
{ "type": "Feature", "properties": { "sample_id": "ID082J901188", "latitude": 50.34952823, "longitude": -115.5018831, "rock_class": "sedimentary rocks", "rock_type": "limestone, slate, siltstone, argillite", "terrane": "North America - platformal strata", "terrane_name": "North America - platformal strata", "era": "Paleozoic", "lithium_ppm": 53.3, "cobalt_ppm": 19.9, "nickel_ppm": 39.7, "score_battery": 1.376055292606633, "rank_battery": 806, "dist_to_fault_km": 13.5, "dist_to_terrane_boundary_km": 94.39, "grid_id": "64_174", "year": 1990 }, "geometry": { "type": "Point", "coordinates": [ -115.5018831, 50.34952823 ] } },
{ "type": "Feature", "properties": { "sample_id": "ID082J901189", "latitude": 50.34952823, "longitude": -115.5018831, "rock_class": "sedimentary rocks", "rock_type": "limestone, slate, siltstone, argillite", "terrane": "North America - platformal strata", "terrane_name": "North America - platformal strata", "era": "Paleozoic", "lithium_ppm": 50.3, "cobalt_ppm": 19.8, "nickel_ppm": 39.6, "score_battery": 1.3324481467630369, "rank_battery": 954, "dist_to_fault_km": 13.5, "dist_to_terrane_boundary_km": 94.39, "grid_id": "64_174", "year": 1990 }, "geometry": { "type": "Point", "coordinates": [ -115.5018831, 50.34952823 ] } },
{ "type": "Feature", "properties": { "sample_id": "ID082J901190", "latitude": 50.36055568, "longitude": -115.563961, "rock_class": "sedimentary rocks", "rock_type": "limestone, slate, siltstone, argillite", "terrane": "North America - platformal strata", "terrane_name": "North America - platformal strata", "era": "Paleozoic", "lithium_ppm": 52.7, "cobalt_ppm": 20.0, "nickel_ppm": 40.1, "score_battery": 1.3733661349618458, "rank_battery": 813, "dist_to_fault_km": 9.7, "dist_to_terrane_boundary_km": 90.43, "grid_id": "64_173", "year": 1990 }, "geometry": { "type": "Point", "coordinates": [ -115.563961, 50.360555679999969 ] } },
{ "type": "Feature", "properties": { "sample_id": "ID082J905184", "latitude": 50.39850982, "longitude": -115.5668386, "rock_class": "sedimentary rocks", "rock_type": "dolomitic carbonate rocks", "terrane": "North America - platformal strata", "terrane_name": "North America - platformal strata", "era": "Paleozoic", "lithium_ppm": 52.4, "cobalt_ppm": 18.6, "nickel_ppm": 40.1, "score_battery": 1.3324899492768616, "rank_battery": 953, "dist_to_fault_km": 9.55, "dist_to_terrane_boundary_km": 91.44, "grid_id": "65_173", "year": 1990 }, "geometry": { "type": "Point", "coordinates": [ -115.5668386, 50.39850981999998 ] } },
{ "type": "Feature", "properties": { "sample_id": "ID082K771014", "latitude": 50.38538, "longitude": -117.17528, "rock_class": "sedimentary rocks", "rock_type": "mudstone, siltstone, shale fine clastic sedimentary rocks", "terrane": "Kootenay", "terrane_name": "North America - basinal strata", "era": "Paleozoic", "lithium_ppm": 20.0, "cobalt_ppm": 39.4, "nickel_ppm": 182.2, "score_battery": 1.4615124109634174, "rank_battery": 592, "dist_to_fault_km": 0.03, "dist_to_terrane_boundary_km": 10.95, "grid_id": "63_162", "year": 1977 }, "geometry": { "type": "Point", "coordinates": [ -117.17528, 50.38538 ] } },
{ "type": "Feature", "properties": { "sample_id": "ID082K771015", "latitude": 50.39023, "longitude": -117.17597, "rock_class": "volcanic rocks", "rock_type": "basaltic volcanic rocks", "terrane": "Kootenay", "terrane_name": "North America - basinal strata", "era": "Paleozoic", "lithium_ppm": 28.5, "cobalt_ppm": 33.9, "nickel_ppm": 88.5, "score_battery": 1.430470862229509, "rank_battery": 662, "dist_to_fault_km": 0.01, "dist_to_terrane_boundary_km": 11.19, "grid_id": "63_162", "year": 1977 }, "geometry": { "type": "Point", "coordinates": [ -117.17597, 50.39023 ] } },
{ "type": "Feature", "properties": { "sample_id": "ID082K771023", "latitude": 50.3297, "longitude": -117.05929, "rock_class": "sedimentary rocks", "rock_type": "mudstone, siltstone, shale fine clastic sedimentary rocks", "terrane": "Kootenay", "terrane_name": "North America - basinal strata", "era": "Paleozoic", "lithium_ppm": 23.8, "cobalt_ppm": 36.7, "nickel_ppm": 106.3, "score_battery": 1.3976336728565315, "rank_battery": 754, "dist_to_fault_km": 4.1, "dist_to_terrane_boundary_km": 10.89, "grid_id": "63_163", "year": 1977 }, "geometry": { "type": "Point", "coordinates": [ -117.05929, 50.3297 ] } },
{ "type": "Feature", "properties": { "sample_id": "ID082K771035", "latitude": 50.52015, "longitude": -117.29138, "rock_class": "volcanic rocks", "rock_type": "basaltic volcanic rocks", "terrane": "Kootenay", "terrane_name": "North America - basinal strata", "era": "Paleozoic", "lithium_ppm": 28.1, "cobalt_ppm": 33.3, "nickel_ppm": 103.5, "score_battery": 1.4535105423287682, "rank_battery": 610, "dist_to_fault_km": 2.78, "dist_to_terrane_boundary_km": 9.86, "grid_id": "64_161", "year": 1977 }, "geometry": { "type": "Point", "coordinates": [ -117.29138, 50.52015 ] } },
{ "type": "Feature", "properties": { "sample_id": "ID082K771036", "latitude": 50.56234, "longitude": -117.37124, "rock_class": "sedimentary rocks", "rock_type": "limestone, slate, siltstone, argillite", "terrane": "Kootenay", "terrane_name": "North America - basinal strata", "era": "Paleozoic", "lithium_ppm": 42.1, "cobalt_ppm": 22.3, "nickel_ppm": 56.8, "score_battery": 1.3651864748953131, "rank_battery": 833, "dist_to_fault_km": 2.36, "dist_to_terrane_boundary_km": 9.78, "grid_id": "65_160", "year": 1977 }, "geometry": { "type": "Point", "coordinates": [ -117.37124, 50.56234 ] } },
{ "type": "Feature", "properties": { "sample_id": "ID082K771038", "latitude": 50.58606, "longitude": -117.40602, "rock_class": "sedimentary rocks", "rock_type": "limestone, slate, siltstone, argillite", "terrane": "Kootenay", "terrane_name": "North America - basinal strata", "era": "Paleozoic", "lithium_ppm": 45.9, "cobalt_ppm": 23.5, "nickel_ppm": 51.4, "score_battery": 1.4254755899368499, "rank_battery": 679, "dist_to_fault_km": 2.83, "dist_to_terrane_boundary_km": 10.36, "grid_id": "65_160", "year": 1977 }, "geometry": { "type": "Point", "coordinates": [ -117.40602, 50.58606 ] } },
{ "type": "Feature", "properties": { "sample_id": "ID082K771113", "latitude": 50.88724, "longitude": -116.90301, "rock_class": "sedimentary rocks", "rock_type": "coarse clastic sedimentary rocks", "terrane": "North America - platformal strata", "terrane_name": "North America - platformal strata", "era": "Proterozoic", "lithium_ppm": 49.1, "cobalt_ppm": 21.9, "nickel_ppm": 49.1, "score_battery": 1.4240777925275274, "rank_battery": 684, "dist_to_fault_km": 8.91, "dist_to_terrane_boundary_km": 29.35, "grid_id": "69_163", "year": 1977 }, "geometry": { "type": "Point", "coordinates": [ -116.90301, 50.88724 ] } },
{ "type": "Feature", "properties": { "sample_id": "ID082K771116", "latitude": 50.83278, "longitude": -116.79728, "rock_class": "sedimentary rocks", "rock_type": "coarse clastic sedimentary rocks", "terrane": "North America - platformal strata", "terrane_name": "North America - platformal strata", "era": "Proterozoic", "lithium_ppm": 59.9, "cobalt_ppm": 26.2, "nickel_ppm": 66.2, "score_battery": 1.7344045981451097, "rank_battery": 190, "dist_to_fault_km": 7.31, "dist_to_terrane_boundary_km": 32.77, "grid_id": "68_164", "year": 1977 }, "geometry": { "type": "Point", "coordinates": [ -116.79728, 50.83278 ] } },
{ "type": "Feature", "properties": { "sample_id": "ID082K771117", "latitude": 50.84505, "longitude": -116.82781, "rock_class": "sedimentary rocks", "rock_type": "coarse clastic sedimentary rocks", "terrane": "North America - platformal strata", "terrane_name": "North America - platformal strata", "era": "Proterozoic", "lithium_ppm": 46.2, "cobalt_ppm": 20.9, "nickel_ppm": 61.5, "score_battery": 1.4178003987597456, "rank_battery": 701, "dist_to_fault_km": 9.66, "dist_to_terrane_boundary_km": 31.52, "grid_id": "68_164", "year": 1977 }, "geometry": { "type": "Point", "coordinates": [ -116.82781, 50.84505 ] } },
{ "type": "Feature", "properties": { "sample_id": "ID082K771119", "latitude": 50.86462, "longitude": -116.86835, "rock_class": "sedimentary rocks", "rock_type": "coarse clastic sedimentary rocks", "terrane": "North America - platformal strata", "terrane_name": "North America - platformal strata", "era": "Proterozoic", "lithium_ppm": 40.3, "cobalt_ppm": 23.3, "nickel_ppm": 60.0, "score_battery": 1.3719633628592314, "rank_battery": 816, "dist_to_fault_km": 12.41, "dist_to_terrane_boundary_km": 30.03, "grid_id": "69_164", "year": 1977 }, "geometry": { "type": "Point", "coordinates": [ -116.86835, 50.86462 ] } },
{ "type": "Feature", "properties": { "sample_id": "ID082K771120", "latitude": 50.8943, "longitude": -116.8847, "rock_class": "sedimentary rocks", "rock_type": "coarse clastic sedimentary rocks", "terrane": "North America - platformal strata", "terrane_name": "North America - platformal strata", "era": "Proterozoic", "lithium_ppm": 57.5, "cobalt_ppm": 23.9, "nickel_ppm": 65.4, "score_battery": 1.6553465490707961, "rank_battery": 261, "dist_to_fault_km": 9.51, "dist_to_terrane_boundary_km": 30.86, "grid_id": "69_163", "year": 1977 }, "geometry": { "type": "Point", "coordinates": [ -116.8847, 50.8943 ] } },
{ "type": "Feature", "properties": { "sample_id": "ID082K773153", "latitude": 50.67142, "longitude": -117.44785, "rock_class": "volcanic rocks", "rock_type": "basaltic volcanic rocks", "terrane": "Kootenay", "terrane_name": "North America - basinal strata", "era": "Paleozoic", "lithium_ppm": 14.9, "cobalt_ppm": 47.8, "nickel_ppm": 172.9, "score_battery": 1.3507684603693546, "rank_battery": 889, "dist_to_fault_km": 0.47, "dist_to_terrane_boundary_km": 14.48, "grid_id": "66_160", "year": 1977 }, "geometry": { "type": "Point", "coordinates": [ -117.44785, 50.67142 ] } },
{ "type": "Feature", "properties": { "sample_id": "ID082K773176", "latitude": 50.78635, "longitude": -117.64747, "rock_class": "volcanic rocks", "rock_type": "basaltic volcanic rocks", "terrane": "Kootenay", "terrane_name": "North America - basinal strata", "era": "Paleozoic", "lithium_ppm": 44.8, "cobalt_ppm": 25.4, "nickel_ppm": 62.8, "score_battery": 1.5019308033607646, "rank_battery": 515, "dist_to_fault_km": 1.96, "dist_to_terrane_boundary_km": 15.63, "grid_id": "67_158", "year": 1977 }, "geometry": { "type": "Point", "coordinates": [ -117.64747, 50.78635 ] } },
{ "type": "Feature", "properties": { "sample_id": "ID082K773177", "latitude": 50.76699, "longitude": -117.67503, "rock_class": "sedimentary rocks", "rock_type": "limestone, slate, siltstone, argillite", "terrane": "Kootenay", "terrane_name": "North America - basinal strata", "era": "Paleozoic", "lithium_ppm": 50.4, "cobalt_ppm": 20.7, "nickel_ppm": 39.8, "score_battery": 1.3578170441997901, "rank_battery": 859, "dist_to_fault_km": 4.54, "dist_to_terrane_boundary_km": 13.17, "grid_id": "67_158", "year": 1977 }, "geometry": { "type": "Point", "coordinates": [ -117.67503, 50.76699 ] } },
{ "type": "Feature", "properties": { "sample_id": "ID082K773178", "latitude": 50.77011, "longitude": -117.68766, "rock_class": "sedimentary rocks", "rock_type": "limestone, slate, siltstone, argillite", "terrane": "Kootenay", "terrane_name": "North America - basinal strata", "era": "Paleozoic", "lithium_ppm": 25.6, "cobalt_ppm": 31.9, "nickel_ppm": 87.9, "score_battery": 1.3235744025332807, "rank_battery": 983, "dist_to_fault_km": 5.11, "dist_to_terrane_boundary_km": 13.26, "grid_id": "67_158", "year": 1977 }, "geometry": { "type": "Point", "coordinates": [ -117.68766, 50.77011 ] } },
{ "type": "Feature", "properties": { "sample_id": "ID082K773180", "latitude": 50.76713, "longitude": -117.74131, "rock_class": "sedimentary rocks", "rock_type": "limestone, slate, siltstone, argillite", "terrane": "Kootenay", "terrane_name": "North America - basinal strata", "era": "Paleozoic", "lithium_ppm": 45.2, "cobalt_ppm": 31.4, "nickel_ppm": 76.8, "score_battery": 1.6714194538685967, "rank_battery": 251, "dist_to_fault_km": 4.27, "dist_to_terrane_boundary_km": 12.22, "grid_id": "67_158", "year": 1977 }, "geometry": { "type": "Point", "coordinates": [ -117.74131, 50.76713 ] } },
{ "type": "Feature", "properties": { "sample_id": "ID082K773206", "latitude": 50.71997, "longitude": -117.45381, "rock_class": "sedimentary rocks", "rock_type": "limestone, slate, siltstone, argillite", "terrane": "Kootenay", "terrane_name": "North America - basinal strata", "era": "Paleozoic", "lithium_ppm": 24.3, "cobalt_ppm": 38.2, "nickel_ppm": 137.2, "score_battery": 1.5012970099853624, "rank_battery": 516, "dist_to_fault_km": 1.16, "dist_to_terrane_boundary_km": 12.03, "grid_id": "67_160", "year": 1977 }, "geometry": { "type": "Point", "coordinates": [ -117.45381, 50.71997 ] } },
{ "type": "Feature", "properties": { "sample_id": "ID082K773256", "latitude": 50.48283, "longitude": -116.6092, "rock_class": "sedimentary rocks", "rock_type": "undivided sedimentary rocks", "terrane": "North America - platformal strata", "terrane_name": "North America - platformal strata", "era": "Proterozoic", "lithium_ppm": 54.2, "cobalt_ppm": 21.7, "nickel_ppm": 59.2, "score_battery": 1.5380501264018687, "rank_battery": 442, "dist_to_fault_km": 4.92, "dist_to_terrane_boundary_km": 25.35, "grid_id": "65_166", "year": 1977 }, "geometry": { "type": "Point", "coordinates": [ -116.6092, 50.48283 ] } },
{ "type": "Feature", "properties": { "sample_id": "ID082K773259", "latitude": 50.42885, "longitude": -116.49662, "rock_class": "sedimentary rocks", "rock_type": "coarse clastic sedimentary rocks", "terrane": "North America - platformal strata", "terrane_name": "North America - platformal strata", "era": "Proterozoic", "lithium_ppm": 42.9, "cobalt_ppm": 30.5, "nickel_ppm": 69.2, "score_battery": 1.5922055499417145, "rank_battery": 354, "dist_to_fault_km": 0.05, "dist_to_terrane_boundary_km": 30.15, "grid_id": "64_167", "year": 1977 }, "geometry": { "type": "Point", "coordinates": [ -116.49662, 50.42885 ] } },
{ "type": "Feature", "properties": { "sample_id": "ID082K773269", "latitude": 50.50855, "longitude": -116.56413, "rock_class": "sedimentary rocks", "rock_type": "undivided sedimentary rocks", "terrane": "North America - platformal strata", "terrane_name": "North America - platformal strata", "era": "Proterozoic", "lithium_ppm": 49.3, "cobalt_ppm": 19.1, "nickel_ppm": 50.5, "score_battery": 1.3646359221722237, "rank_battery": 840, "dist_to_fault_km": 2.08, "dist_to_terrane_boundary_km": 29.5, "grid_id": "65_166", "year": 1977 }, "geometry": { "type": "Point", "coordinates": [ -116.56413, 50.50855 ] } },
{ "type": "Feature", "properties": { "sample_id": "ID082K773271", "latitude": 50.47389, "longitude": -116.6226, "rock_class": "sedimentary rocks", "rock_type": "coarse clastic sedimentary rocks", "terrane": "North America - platformal strata", "terrane_name": "North America - platformal strata", "era": "Proterozoic", "lithium_ppm": 57.5, "cobalt_ppm": 22.5, "nickel_ppm": 56.3, "score_battery": 1.5844353992916587, "rank_battery": 365, "dist_to_fault_km": 6.14, "dist_to_terrane_boundary_km": 24.04, "grid_id": "65_166", "year": 1977 }, "geometry": { "type": "Point", "coordinates": [ -116.6226, 50.47389 ] } },
{ "type": "Feature", "properties": { "sample_id": "ID082K773273", "latitude": 50.5241, "longitude": -116.5435, "rock_class": "sedimentary rocks", "rock_type": "undivided sedimentary rocks", "terrane": "North America - platformal strata", "terrane_name": "North America - platformal strata", "era": "Proterozoic", "lithium_ppm": 38.4, "cobalt_ppm": 22.5, "nickel_ppm": 59.9, "score_battery": 1.3201580400254196, "rank_battery": 995, "dist_to_fault_km": 0.87, "dist_to_terrane_boundary_km": 31.59, "grid_id": "65_166", "year": 1977 }, "geometry": { "type": "Point", "coordinates": [ -116.5435, 50.5241 ] } },
{ "type": "Feature", "properties": { "sample_id": "ID082K773304", "latitude": 50.95841, "longitude": -116.96587, "rock_class": "sedimentary rocks", "rock_type": "coarse clastic sedimentary rocks", "terrane": "North America - platformal strata", "terrane_name": "North America - platformal strata", "era": "Proterozoic", "lithium_ppm": 51.9, "cobalt_ppm": 21.3, "nickel_ppm": 56.4, "score_battery": 1.48539399317252, "rank_battery": 549, "dist_to_fault_km": 3.29, "dist_to_terrane_boundary_km": 31.23, "grid_id": "70_163", "year": 1977 }, "geometry": { "type": "Point", "coordinates": [ -116.96587, 50.95841 ] } },
{ "type": "Feature", "properties": { "sample_id": "ID082K775009", "latitude": 50.22476, "longitude": -117.14295, "rock_class": "sedimentary rocks", "rock_type": "limestone, slate, siltstone, argillite", "terrane": "Kootenay", "terrane_name": "North America - basinal strata", "era": "Paleozoic", "lithium_ppm": 35.3, "cobalt_ppm": 30.6, "nickel_ppm": 73.2, "score_battery": 1.4738788264442875, "rank_battery": 566, "dist_to_fault_km": 1.35, "dist_to_terrane_boundary_km": 2.72, "grid_id": "61_163", "year": 1977 }, "geometry": { "type": "Point", "coordinates": [ -117.14295, 50.22476 ] } },
{ "type": "Feature", "properties": { "sample_id": "ID082K775011", "latitude": 50.68152, "longitude": -117.32998, "rock_class": "sedimentary rocks", "rock_type": "undivided sedimentary rocks", "terrane": "Kootenay", "terrane_name": "North America - basinal strata", "era": "Paleozoic", "lithium_ppm": 19.7, "cobalt_ppm": 43.0, "nickel_ppm": 182.9, "score_battery": 1.4979735637228708, "rank_battery": 525, "dist_to_fault_km": 3.85, "dist_to_terrane_boundary_km": 8.29, "grid_id": "66_161", "year": 1977 }, "geometry": { "type": "Point", "coordinates": [ -117.32998, 50.68152 ] } },
{ "type": "Feature", "properties": { "sample_id": "ID082K775014", "latitude": 50.67336, "longitude": -117.32704, "rock_class": "volcanic rocks", "rock_type": "basaltic volcanic rocks", "terrane": "Kootenay", "terrane_name": "North America - basinal strata", "era": "Paleozoic", "lithium_ppm": 18.6, "cobalt_ppm": 57.8, "nickel_ppm": 240.4, "score_battery": 1.68801020952721, "rank_battery": 231, "dist_to_fault_km": 3.62, "dist_to_terrane_boundary_km": 8.54, "grid_id": "66_161", "year": 1977 }, "geometry": { "type": "Point", "coordinates": [ -117.32704, 50.67336 ] } },
{ "type": "Feature", "properties": { "sample_id": "ID082K775067", "latitude": 50.84198, "longitude": -117.6184, "rock_class": "sedimentary rocks", "rock_type": "undivided sedimentary rocks", "terrane": "Kootenay", "terrane_name": "North America - basinal strata", "era": "Paleozoic", "lithium_ppm": 40.3, "cobalt_ppm": 26.5, "nickel_ppm": 67.0, "score_battery": 1.4675759263504804, "rank_battery": 576, "dist_to_fault_km": 0.71, "dist_to_terrane_boundary_km": 9.64, "grid_id": "68_158", "year": 1977 }, "geometry": { "type": "Point", "coordinates": [ -117.6184, 50.84198 ] } },
{ "type": "Feature", "properties": { "sample_id": "ID082K775083", "latitude": 50.79164, "longitude": -117.65848, "rock_class": "volcanic rocks", "rock_type": "basaltic volcanic rocks", "terrane": "Kootenay", "terrane_name": "North America - basinal strata", "era": "Paleozoic", "lithium_ppm": 40.9, "cobalt_ppm": 33.8, "nickel_ppm": 98.9, "score_battery": 1.7080233886110887, "rank_battery": 204, "dist_to_fault_km": 2.3, "dist_to_terrane_boundary_km": 15.67, "grid_id": "67_158", "year": 1977 }, "geometry": { "type": "Point", "coordinates": [ -117.65848, 50.79164 ] } },
{ "type": "Feature", "properties": { "sample_id": "ID082K775084", "latitude": 50.81274, "longitude": -117.70779, "rock_class": "volcanic rocks", "rock_type": "basaltic volcanic rocks", "terrane": "Kootenay", "terrane_name": "North America - basinal strata", "era": "Paleozoic", "lithium_ppm": 36.3, "cobalt_ppm": 25.4, "nickel_ppm": 56.3, "score_battery": 1.3269552666305202, "rank_battery": 968, "dist_to_fault_km": 3.49, "dist_to_terrane_boundary_km": 16.59, "grid_id": "67_158", "year": 1977 }, "geometry": { "type": "Point", "coordinates": [ -117.70779, 50.81274 ] } },
{ "type": "Feature", "properties": { "sample_id": "ID082K775085", "latitude": 50.79017, "longitude": -117.7548, "rock_class": "sedimentary rocks", "rock_type": "limestone, slate, siltstone, argillite", "terrane": "Kootenay", "terrane_name": "North America - basinal strata", "era": "Paleozoic", "lithium_ppm": 31.8, "cobalt_ppm": 30.8, "nickel_ppm": 85.1, "score_battery": 1.4455549932038696, "rank_battery": 633, "dist_to_fault_km": 1.58, "dist_to_terrane_boundary_km": 14.57, "grid_id": "67_157", "year": 1977 }, "geometry": { "type": "Point", "coordinates": [ -117.7548, 50.79017 ] } },
{ "type": "Feature", "properties": { "sample_id": "ID082K775086", "latitude": 50.79017, "longitude": -117.7548, "rock_class": "sedimentary rocks", "rock_type": "limestone, slate, siltstone, argillite", "terrane": "Kootenay", "terrane_name": "North America - basinal strata", "era": "Paleozoic", "lithium_ppm": 31.5, "cobalt_ppm": 30.6, "nickel_ppm": 82.7, "score_battery": 1.427988218873816, "rank_battery": 671, "dist_to_fault_km": 1.58, "dist_to_terrane_boundary_km": 14.57, "grid_id": "67_157", "year": 1977 }, "geometry": { "type": "Point", "coordinates": [ -117.7548, 50.79017 ] } },
{ "type": "Feature", "properties": { "sample_id": "ID082K775124", "latitude": 50.70525, "longitude": -117.29548, "rock_class": "sedimentary rocks", "rock_type": "mudstone, siltstone, shale fine clastic sedimentary rocks", "terrane": "Kootenay", "terrane_name": "North America - basinal strata", "era": "Paleozoic", "lithium_ppm": 48.8, "cobalt_ppm": 22.4, "nickel_ppm": 45.9, "score_battery": 1.4134659538916337, "rank_battery": 717, "dist_to_fault_km": 4.06, "dist_to_terrane_boundary_km": 4.89, "grid_id": "66_161", "year": 1977 }, "geometry": { "type": "Point", "coordinates": [ -117.29548, 50.70525 ] } },
{ "type": "Feature", "properties": { "sample_id": "ID082K775147", "latitude": 50.76054, "longitude": -117.4431, "rock_class": "sedimentary rocks", "rock_type": "mudstone, siltstone, shale fine clastic sedimentary rocks", "terrane": "Kootenay", "terrane_name": "North America - basinal strata", "era": "Paleozoic", "lithium_ppm": 35.5, "cobalt_ppm": 26.6, "nickel_ppm": 56.2, "score_battery": 1.3348512422124872, "rank_battery": 943, "dist_to_fault_km": 2.91, "dist_to_terrane_boundary_km": 8.43, "grid_id": "67_160", "year": 1977 }, "geometry": { "type": "Point", "coordinates": [ -117.4431, 50.76054 ] } },
{ "type": "Feature", "properties": { "sample_id": "ID082K775148", "latitude": 50.76539, "longitude": -117.44346, "rock_class": "sedimentary rocks", "rock_type": "mudstone, siltstone, shale fine clastic sedimentary rocks", "terrane": "Kootenay", "terrane_name": "North America - basinal strata", "era": "Paleozoic", "lithium_ppm": 45.4, "cobalt_ppm": 26.5, "nickel_ppm": 47.3, "score_battery": 1.4575447697989372, "rank_battery": 604, "dist_to_fault_km": 3.34, "dist_to_terrane_boundary_km": 8.08, "grid_id": "67_160", "year": 1977 }, "geometry": { "type": "Point", "coordinates": [ -117.44346, 50.76539 ] } },
{ "type": "Feature", "properties": { "sample_id": "ID082K775249", "latitude": 50.65548, "longitude": -116.90539, "rock_class": "sedimentary rocks", "rock_type": "coarse clastic sedimentary rocks", "terrane": "North America - platformal strata", "terrane_name": "North America - platformal strata", "era": "Proterozoic", "lithium_ppm": 59.2, "cobalt_ppm": 18.9, "nickel_ppm": 55.6, "score_battery": 1.512528658438226, "rank_battery": 487, "dist_to_fault_km": 14.82, "dist_to_terrane_boundary_km": 16.76, "grid_id": "66_164", "year": 1977 }, "geometry": { "type": "Point", "coordinates": [ -116.90539, 50.65548 ] } },
{ "type": "Feature", "properties": { "sample_id": "ID082K775254", "latitude": 50.70751, "longitude": -116.83426, "rock_class": "intrusive rocks", "rock_type": "granodioritic intrusive rocks", "terrane": "Post Accretionary", "terrane_name": "North America - platformal strata", "era": "Mesozoic", "lithium_ppm": 42.9, "cobalt_ppm": 22.3, "nickel_ppm": 63.4, "score_battery": 1.407568542826342, "rank_battery": 731, "dist_to_fault_km": 16.46, "dist_to_terrane_boundary_km": 23.92, "grid_id": "67_164", "year": 1977 }, "geometry": { "type": "Point", "coordinates": [ -116.83426, 50.70751 ] } },
{ "type": "Feature", "properties": { "sample_id": "ID082K775259", "latitude": 50.45265, "longitude": -116.64194, "rock_class": "sedimentary rocks", "rock_type": "coarse clastic sedimentary rocks", "terrane": "North America - platformal strata", "terrane_name": "North America - platformal strata", "era": "Proterozoic", "lithium_ppm": 49.1, "cobalt_ppm": 27.1, "nickel_ppm": 66.2, "score_battery": 1.6131319859390119, "rank_battery": 323, "dist_to_fault_km": 8.25, "dist_to_terrane_boundary_km": 21.74, "grid_id": "64_166", "year": 1977 }, "geometry": { "type": "Point", "coordinates": [ -116.64194, 50.45265 ] } },
{ "type": "Feature", "properties": { "sample_id": "ID082K775269", "latitude": 50.51785, "longitude": -116.76266, "rock_class": "sedimentary rocks", "rock_type": "coarse clastic sedimentary rocks", "terrane": "North America - platformal strata", "terrane_name": "North America - platformal strata", "era": "Proterozoic", "lithium_ppm": 45.0, "cobalt_ppm": 19.9, "nickel_ppm": 53.0, "score_battery": 1.3348755787362685, "rank_battery": 942, "dist_to_fault_km": 11.9, "dist_to_terrane_boundary_km": 17.48, "grid_id": "65_165", "year": 1977 }, "geometry": { "type": "Point", "coordinates": [ -116.76266, 50.51785 ] } },
{ "type": "Feature", "properties": { "sample_id": "ID082K775271", "latitude": 50.49308, "longitude": -116.75727, "rock_class": "sedimentary rocks", "rock_type": "coarse clastic sedimentary rocks", "terrane": "North America - platformal strata", "terrane_name": "North America - platformal strata", "era": "Proterozoic", "lithium_ppm": 43.8, "cobalt_ppm": 23.7, "nickel_ppm": 60.7, "score_battery": 1.4415773930539066, "rank_battery": 644, "dist_to_fault_km": 9.43, "dist_to_terrane_boundary_km": 16.55, "grid_id": "65_165", "year": 1977 }, "geometry": { "type": "Point", "coordinates": [ -116.75727, 50.49308 ] } },
{ "type": "Feature", "properties": { "sample_id": "ID082K775280", "latitude": 50.58066, "longitude": -116.60725, "rock_class": "sedimentary rocks", "rock_type": "coarse clastic sedimentary rocks", "terrane": "North America - platformal strata", "terrane_name": "North America - platformal strata", "era": "Proterozoic", "lithium_ppm": 36.3, "cobalt_ppm": 65.5, "nickel_ppm": 96.2, "score_battery": 1.9642965866442124, "rank_battery": 67, "dist_to_fault_km": 7.91, "dist_to_terrane_boundary_km": 30.48, "grid_id": "66_166", "year": 1977 }, "geometry": { "type": "Point", "coordinates": [ -116.60725, 50.58066 ] } },
{ "type": "Feature", "properties": { "sample_id": "ID082K775283", "latitude": 50.5728, "longitude": -116.63618, "rock_class": "sedimentary rocks", "rock_type": "coarse clastic sedimentary rocks", "terrane": "North America - platformal strata", "terrane_name": "North America - platformal strata", "era": "Proterozoic", "lithium_ppm": 36.2, "cobalt_ppm": 26.0, "nickel_ppm": 61.9, "score_battery": 1.3623485421904595, "rank_battery": 847, "dist_to_fault_km": 8.89, "dist_to_terrane_boundary_km": 28.25, "grid_id": "66_166", "year": 1977 }, "geometry": { "type": "Point", "coordinates": [ -116.63618, 50.5728 ] } },
{ "type": "Feature", "properties": { "sample_id": "ID082K775328", "latitude": 50.85064, "longitude": -116.93321, "rock_class": "sedimentary rocks", "rock_type": "coarse clastic sedimentary rocks", "terrane": "North America - platformal strata", "terrane_name": "North America - platformal strata", "era": "Proterozoic", "lithium_ppm": 60.4, "cobalt_ppm": 26.5, "nickel_ppm": 62.3, "score_battery": 1.7298687528001813, "rank_battery": 195, "dist_to_fault_km": 10.87, "dist_to_terrane_boundary_km": 25.31, "grid_id": "68_163", "year": 1977 }, "geometry": { "type": "Point", "coordinates": [ -116.93321, 50.85064 ] } },
{ "type": "Feature", "properties": { "sample_id": "ID082K775329", "latitude": 50.84748, "longitude": -116.92847, "rock_class": "sedimentary rocks", "rock_type": "coarse clastic sedimentary rocks", "terrane": "North America - platformal strata", "terrane_name": "North America - platformal strata", "era": "Proterozoic", "lithium_ppm": 44.0, "cobalt_ppm": 57.4, "nickel_ppm": 69.6, "score_battery": 1.9414647340230471, "rank_battery": 72, "dist_to_fault_km": 11.33, "dist_to_terrane_boundary_km": 25.42, "grid_id": "68_163", "year": 1977 }, "geometry": { "type": "Point", "coordinates": [ -116.92847, 50.84748 ] } },
{ "type": "Feature", "properties": { "sample_id": "ID082K775333", "latitude": 50.81055, "longitude": -116.7754, "rock_class": "sedimentary rocks", "rock_type": "coarse clastic sedimentary rocks", "terrane": "North America - platformal strata", "terrane_name": "North America - platformal strata", "era": "Proterozoic", "lithium_ppm": 39.4, "cobalt_ppm": 21.2, "nickel_ppm": 67.4, "score_battery": 1.3390199979122097, "rank_battery": 927, "dist_to_fault_km": 5.97, "dist_to_terrane_boundary_km": 32.97, "grid_id": "68_164", "year": 1977 }, "geometry": { "type": "Point", "coordinates": [ -116.7754, 50.81055 ] } },
{ "type": "Feature", "properties": { "sample_id": "ID082K775335", "latitude": 50.87915, "longitude": -116.77369, "rock_class": "sedimentary rocks", "rock_type": "coarse clastic sedimentary rocks", "terrane": "North America - platformal strata", "terrane_name": "North America - platformal strata", "era": "Proterozoic", "lithium_ppm": 39.6, "cobalt_ppm": 23.7, "nickel_ppm": 65.1, "score_battery": 1.3903215218003435, "rank_battery": 776, "dist_to_fault_km": 8.16, "dist_to_terrane_boundary_km": 36.66, "grid_id": "69_164", "year": 1977 }, "geometry": { "type": "Point", "coordinates": [ -116.77369, 50.87915 ] } },
{ "type": "Feature", "properties": { "sample_id": "ID082K775336", "latitude": 50.86798, "longitude": -116.69088, "rock_class": "sedimentary rocks", "rock_type": "coarse clastic sedimentary rocks", "terrane": "North America - platformal strata", "terrane_name": "North America - platformal strata", "era": "Proterozoic", "lithium_ppm": 59.5, "cobalt_ppm": 22.1, "nickel_ppm": 62.8, "score_battery": 1.6282703597275927, "rank_battery": 298, "dist_to_fault_km": 2.22, "dist_to_terrane_boundary_km": 41.22, "grid_id": "69_165", "year": 1977 }, "geometry": { "type": "Point", "coordinates": [ -116.69088, 50.86798 ] } },
{ "type": "Feature", "properties": { "sample_id": "ID082K775339", "latitude": 50.95827, "longitude": -116.81147, "rock_class": "sedimentary rocks", "rock_type": "coarse clastic sedimentary rocks", "terrane": "North America - platformal strata", "terrane_name": "North America - platformal strata", "era": "Proterozoic", "lithium_ppm": 53.1, "cobalt_ppm": 19.7, "nickel_ppm": 55.9, "score_battery": 1.459140738653314, "rank_battery": 601, "dist_to_fault_km": 8.64, "dist_to_terrane_boundary_km": 39.3, "grid_id": "70_164", "year": 1977 }, "geometry": { "type": "Point", "coordinates": [ -116.81147, 50.95827 ] } },
{ "type": "Feature", "properties": { "sample_id": "ID082K775340", "latitude": 50.94382, "longitude": -116.88048, "rock_class": "sedimentary rocks", "rock_type": "coarse clastic sedimentary rocks", "terrane": "North America - platformal strata", "terrane_name": "North America - platformal strata", "era": "Proterozoic", "lithium_ppm": 35.2, "cobalt_ppm": 25.2, "nickel_ppm": 64.5, "score_battery": 1.3378872340875265, "rank_battery": 934, "dist_to_fault_km": 6.87, "dist_to_terrane_boundary_km": 34.6, "grid_id": "70_163", "year": 1977 }, "geometry": { "type": "Point", "coordinates": [ -116.88048, 50.94382 ] } },
{ "type": "Feature", "properties": { "sample_id": "ID082K775342", "latitude": 50.91558, "longitude": -116.74978, "rock_class": "sedimentary rocks", "rock_type": "coarse clastic sedimentary rocks", "terrane": "North America - platformal strata", "terrane_name": "North America - platformal strata", "era": "Proterozoic", "lithium_ppm": 54.5, "cobalt_ppm": 23.3, "nickel_ppm": 65.7, "score_battery": 1.6061258704537564, "rank_battery": 336, "dist_to_fault_km": 8.37, "dist_to_terrane_boundary_km": 40.09, "grid_id": "69_164", "year": 1977 }, "geometry": { "type": "Point", "coordinates": [ -116.74978, 50.91558 ] } },
{ "type": "Feature", "properties": { "sample_id": "ID082K775343", "latitude": 50.91558, "longitude": -116.74978, "rock_class": "sedimentary rocks", "rock_type": "coarse clastic sedimentary rocks", "terrane": "North America - platformal strata", "terrane_name": "North America - platformal strata", "era": "Proterozoic", "lithium_ppm": 50.5, "cobalt_ppm": 21.0, "nickel_ppm": 63.4, "score_battery": 1.4902959418140664, "rank_battery": 539, "dist_to_fault_km": 8.37, "dist_to_terrane_boundary_km": 40.09, "grid_id": "69_164", "year": 1977 }, "geometry": { "type": "Point", "coordinates": [ -116.74978, 50.91558 ] } },
{ "type": "Feature", "properties": { "sample_id": "ID082K775344", "latitude": 50.95561, "longitude": -116.70668, "rock_class": "sedimentary rocks", "rock_type": "coarse clastic sedimentary rocks", "terrane": "North America - platformal strata", "terrane_name": "North America - platformal strata", "era": "Proterozoic", "lithium_ppm": 50.2, "cobalt_ppm": 18.5, "nickel_ppm": 58.4, "score_battery": 1.39972249555312, "rank_battery": 748, "dist_to_fault_km": 4.1, "dist_to_terrane_boundary_km": 45.02, "grid_id": "70_165", "year": 1977 }, "geometry": { "type": "Point", "coordinates": [ -116.70668, 50.95561 ] } },
{ "type": "Feature", "properties": { "sample_id": "ID082K775348", "latitude": 50.82398, "longitude": -116.71684, "rock_class": "sedimentary rocks", "rock_type": "coarse clastic sedimentary rocks", "terrane": "North America - platformal strata", "terrane_name": "North America - platformal strata", "era": "Proterozoic", "lithium_ppm": 57.4, "cobalt_ppm": 23.9, "nickel_ppm": 75.2, "score_battery": 1.6914570274535254, "rank_battery": 229, "dist_to_fault_km": 1.62, "dist_to_terrane_boundary_km": 37.31, "grid_id": "68_165", "year": 1977 }, "geometry": { "type": "Point", "coordinates": [ -116.71684, 50.82398 ] } },
{ "type": "Feature", "properties": { "sample_id": "ID082K775351", "latitude": 50.77843, "longitude": -116.47038, "rock_class": "sedimentary rocks", "rock_type": "quartzite, quartz arenite sedimentary rocks", "terrane": "North America - platformal strata", "terrane_name": "North America - platformal strata", "era": "Proterozoic", "lithium_ppm": 68.4, "cobalt_ppm": 17.5, "nickel_ppm": 27.3, "score_battery": 1.3866099546939852, "rank_battery": 787, "dist_to_fault_km": 3.9, "dist_to_terrane_boundary_km": 50.05, "grid_id": "68_166", "year": 1977 }, "geometry": { "type": "Point", "coordinates": [ -116.47038, 50.77843 ] } },
{ "type": "Feature", "properties": { "sample_id": "ID082K775352", "latitude": 50.75997, "longitude": -116.52714, "rock_class": "sedimentary rocks", "rock_type": "quartzite, quartz arenite sedimentary rocks", "terrane": "North America - platformal strata", "terrane_name": "North America - platformal strata", "era": "Proterozoic", "lithium_ppm": 100.0, "cobalt_ppm": 20.0, "nickel_ppm": 31.0, "score_battery": 1.754281196595904, "rank_battery": 176, "dist_to_fault_km": 1.94, "dist_to_terrane_boundary_km": 45.57, "grid_id": "68_166", "year": 1977 }, "geometry": { "type": "Point", "coordinates": [ -116.52714, 50.75997 ] } },
{ "type": "Feature", "properties": { "sample_id": "ID082K775499", "latitude": 50.62737, "longitude": -116.75428, "rock_class": "sedimentary rocks", "rock_type": "coarse clastic sedimentary rocks", "terrane": "North America - platformal strata", "terrane_name": "North America - platformal strata", "era": "Proterozoic", "lithium_ppm": 56.6, "cobalt_ppm": 20.0, "nickel_ppm": 57.4, "score_battery": 1.5184253608045841, "rank_battery": 475, "dist_to_fault_km": 17.03, "dist_to_terrane_boundary_km": 24.12, "grid_id": "66_165", "year": 1977 }, "geometry": { "type": "Point", "coordinates": [ -116.75428, 50.62737 ] } },
{ "type": "Feature", "properties": { "sample_id": "ID082K775500", "latitude": 50.60184, "longitude": -116.80545, "rock_class": "sedimentary rocks", "rock_type": "coarse clastic sedimentary rocks", "terrane": "North America - platformal strata", "terrane_name": "North America - platformal strata", "era": "Proterozoic", "lithium_ppm": 48.0, "cobalt_ppm": 18.6, "nickel_ppm": 56.8, "score_battery": 1.363853668771484, "rank_battery": 842, "dist_to_fault_km": 20.77, "dist_to_terrane_boundary_km": 19.54, "grid_id": "66_164", "year": 1977 }, "geometry": { "type": "Point", "coordinates": [ -116.80545, 50.60184 ] } },
{ "type": "Feature", "properties": { "sample_id": "ID082K775502", "latitude": 50.57554, "longitude": -116.78149, "rock_class": "sedimentary rocks", "rock_type": "coarse clastic sedimentary rocks", "terrane": "North America - platformal strata", "terrane_name": "North America - platformal strata", "era": "Proterozoic", "lithium_ppm": 48.4, "cobalt_ppm": 18.8, "nickel_ppm": 57.2, "score_battery": 1.3769286552517686, "rank_battery": 803, "dist_to_fault_km": 17.95, "dist_to_terrane_boundary_km": 19.4, "grid_id": "66_165", "year": 1977 }, "geometry": { "type": "Point", "coordinates": [ -116.78149, 50.57554 ] } },
{ "type": "Feature", "properties": { "sample_id": "ID082K775503", "latitude": 50.57554, "longitude": -116.78149, "rock_class": "sedimentary rocks", "rock_type": "coarse clastic sedimentary rocks", "terrane": "North America - platformal strata", "terrane_name": "North America - platformal strata", "era": "Proterozoic", "lithium_ppm": 46.4, "cobalt_ppm": 19.0, "nickel_ppm": 56.9, "score_battery": 1.3515421067636502, "rank_battery": 886, "dist_to_fault_km": 17.95, "dist_to_terrane_boundary_km": 19.4, "grid_id": "66_165", "year": 1977 }, "geometry": { "type": "Point", "coordinates": [ -116.78149, 50.57554 ] } },
{ "type": "Feature", "properties": { "sample_id": "ID082K775504", "latitude": 50.49267, "longitude": -116.87246, "rock_class": "sedimentary rocks", "rock_type": "coarse clastic sedimentary rocks", "terrane": "North America - platformal strata", "terrane_name": "North America - platformal strata", "era": "Proterozoic", "lithium_ppm": 48.1, "cobalt_ppm": 19.1, "nickel_ppm": 61.5, "score_battery": 1.3999702310633286, "rank_battery": 747, "dist_to_fault_km": 9.7, "dist_to_terrane_boundary_km": 9.29, "grid_id": "65_164", "year": 1977 }, "geometry": { "type": "Point", "coordinates": [ -116.87246, 50.49267 ] } },
{ "type": "Feature", "properties": { "sample_id": "ID082K775505", "latitude": 50.48093, "longitude": -116.83142, "rock_class": "sedimentary rocks", "rock_type": "coarse clastic sedimentary rocks", "terrane": "North America - platformal strata", "terrane_name": "North America - platformal strata", "era": "Proterozoic", "lithium_ppm": 43.8, "cobalt_ppm": 23.7, "nickel_ppm": 62.5, "score_battery": 1.4493741985460911, "rank_battery": 619, "dist_to_fault_km": 7.47, "dist_to_terrane_boundary_km": 11.26, "grid_id": "64_164", "year": 1977 }, "geometry": { "type": "Point", "coordinates": [ -116.83142, 50.48093 ] } },
{ "type": "Feature", "properties": { "sample_id": "ID082K775508", "latitude": 50.28017, "longitude": -116.59148, "rock_class": "sedimentary rocks", "rock_type": "quartzite, quartz arenite sedimentary rocks", "terrane": "North America - basinal strata", "terrane_name": "North America - platformal strata", "era": "Proterozoic to Paleozoic", "lithium_ppm": 62.7, "cobalt_ppm": 17.4, "nickel_ppm": 55.0, "score_battery": 1.5078755596311317, "rank_battery": 500, "dist_to_fault_km": 2.87, "dist_to_terrane_boundary_km": 18.07, "grid_id": "62_166", "year": 1977 }, "geometry": { "type": "Point", "coordinates": [ -116.59148, 50.28017 ] } },
{ "type": "Feature", "properties": { "sample_id": "ID082K775529", "latitude": 50.11002, "longitude": -117.11737, "rock_class": "volcanic rocks", "rock_type": "basaltic volcanic rocks", "terrane": "Slide Mountain", "terrane_name": "Slide Mountain", "era": "Paleozoic", "lithium_ppm": 24.8, "cobalt_ppm": 33.8, "nickel_ppm": 96.8, "score_battery": 1.3577758469555412, "rank_battery": 860, "dist_to_fault_km": 0.82, "dist_to_terrane_boundary_km": 0.99, "grid_id": "60_163", "year": 1977 }, "geometry": { "type": "Point", "coordinates": [ -117.11737, 50.11002 ] } },
{ "type": "Feature", "properties": { "sample_id": "ID082K775543", "latitude": 50.10336, "longitude": -117.03721, "rock_class": "sedimentary rocks", "rock_type": "limestone, slate, siltstone, argillite", "terrane": "Kootenay", "terrane_name": "North America - basinal strata", "era": "Paleozoic", "lithium_ppm": 30.5, "cobalt_ppm": 32.7, "nickel_ppm": 65.6, "score_battery": 1.3782302818551986, "rank_battery": 800, "dist_to_fault_km": 3.52, "dist_to_terrane_boundary_km": 3.13, "grid_id": "60_163", "year": 1977 }, "geometry": { "type": "Point", "coordinates": [ -117.03721, 50.10336 ] } },
{ "type": "Feature", "properties": { "sample_id": "ID082K775623", "latitude": 50.12257, "longitude": -117.30281, "rock_class": "volcanic rocks", "rock_type": "basaltic volcanic rocks", "terrane": "Slide Mountain", "terrane_name": "Quesnellia", "era": "Paleozoic", "lithium_ppm": 24.6, "cobalt_ppm": 46.6, "nickel_ppm": 164.2, "score_battery": 1.6618885397978849, "rank_battery": 257, "dist_to_fault_km": 11.8, "dist_to_terrane_boundary_km": 0.34, "grid_id": "60_162", "year": 1977 }, "geometry": { "type": "Point", "coordinates": [ -117.30281, 50.12257 ] } },
{ "type": "Feature", "properties": { "sample_id": "ID082K777004", "latitude": 50.01977, "longitude": -117.08632, "rock_class": "sedimentary rocks", "rock_type": "limestone, slate, siltstone, argillite", "terrane": "Quesnellia", "terrane_name": "Quesnellia", "era": "Mesozoic", "lithium_ppm": 17.8, "cobalt_ppm": 58.2, "nickel_ppm": 539.9, "score_battery": 1.8807786354888494, "rank_battery": 93, "dist_to_fault_km": 5.57, "dist_to_terrane_boundary_km": 0.95, "grid_id": "59_163", "year": 1977 }, "geometry": { "type": "Point", "coordinates": [ -117.08632, 50.01977 ] } },
{ "type": "Feature", "properties": { "sample_id": "ID082K777005", "latitude": 50.01977, "longitude": -117.08632, "rock_class": "sedimentary rocks", "rock_type": "limestone, slate, siltstone, argillite", "terrane": "Quesnellia", "terrane_name": "Quesnellia", "era": "Mesozoic", "lithium_ppm": 19.2, "cobalt_ppm": 54.8, "nickel_ppm": 550.1, "score_battery": 1.9052386784933555, "rank_battery": 85, "dist_to_fault_km": 5.57, "dist_to_terrane_boundary_km": 0.95, "grid_id": "59_163", "year": 1977 }, "geometry": { "type": "Point", "coordinates": [ -117.08632, 50.01977 ] } },
{ "type": "Feature", "properties": { "sample_id": "ID082K777011", "latitude": 50.04749, "longitude": -117.11033, "rock_class": "sedimentary rocks", "rock_type": "limestone, slate, siltstone, argillite", "terrane": "Quesnellia", "terrane_name": "Slide Mountain", "era": "Mesozoic", "lithium_ppm": 21.7, "cobalt_ppm": 38.7, "nickel_ppm": 97.7, "score_battery": 1.339769034446652, "rank_battery": 922, "dist_to_fault_km": 4.38, "dist_to_terrane_boundary_km": 0.11, "grid_id": "59_163", "year": 1977 }, "geometry": { "type": "Point", "coordinates": [ -117.11033, 50.04749 ] } },
{ "type": "Feature", "properties": { "sample_id": "ID082K777062", "latitude": 50.40897, "longitude": -116.97579, "rock_class": "sedimentary rocks", "rock_type": "mudstone, siltstone, shale fine clastic sedimentary rocks", "terrane": "Kootenay", "terrane_name": "North America - basinal strata", "era": "Paleozoic", "lithium_ppm": 17.1, "cobalt_ppm": 29.1, "nickel_ppm": 282.5, "score_battery": 1.3169357596729858, "rank_battery": 1002, "dist_to_fault_km": 0.25, "dist_to_terrane_boundary_km": 1.53, "grid_id": "64_163", "year": 1977 }, "geometry": { "type": "Point", "coordinates": [ -116.97579, 50.40897 ] } },
{ "type": "Feature", "properties": { "sample_id": "ID082K777119", "latitude": 50.80598, "longitude": -116.47784, "rock_class": "sedimentary rocks", "rock_type": "quartzite, quartz arenite sedimentary rocks", "terrane": "North America - platformal strata", "terrane_name": "North America - platformal strata", "era": "Proterozoic", "lithium_ppm": 30.3, "cobalt_ppm": 38.0, "nickel_ppm": 40.7, "score_battery": 1.3248706820476281, "rank_battery": 976, "dist_to_fault_km": 5.81, "dist_to_terrane_boundary_km": 51.24, "grid_id": "68_166", "year": 1977 }, "geometry": { "type": "Point", "coordinates": [ -116.47784, 50.80598 ] } },
{ "type": "Feature", "properties": { "sample_id": "ID082K777139", "latitude": 50.70708, "longitude": -116.50012, "rock_class": "sedimentary rocks", "rock_type": "quartzite, quartz arenite sedimentary rocks", "terrane": "North America - platformal strata", "terrane_name": "North America - platformal strata", "era": "Proterozoic", "lithium_ppm": 36.2, "cobalt_ppm": 57.0, "nickel_ppm": 72.5, "score_battery": 1.8134741943698511, "rank_battery": 131, "dist_to_fault_km": 2.12, "dist_to_terrane_boundary_km": 44.04, "grid_id": "67_166", "year": 1977 }, "geometry": { "type": "Point", "coordinates": [ -116.50012, 50.70708 ] } },
{ "type": "Feature", "properties": { "sample_id": "ID082K777140", "latitude": 50.70516, "longitude": -116.52551, "rock_class": "sedimentary rocks", "rock_type": "undivided sedimentary rocks", "terrane": "North America - platformal strata", "terrane_name": "North America - platformal strata", "era": "Proterozoic", "lithium_ppm": 44.2, "cobalt_ppm": 38.5, "nickel_ppm": 58.6, "score_battery": 1.6895828208680874, "rank_battery": 230, "dist_to_fault_km": 0.92, "dist_to_terrane_boundary_km": 42.41, "grid_id": "67_166", "year": 1977 }, "geometry": { "type": "Point", "coordinates": [ -116.52551, 50.70516 ] } },
{ "type": "Feature", "properties": { "sample_id": "ID082K779017", "latitude": 50.13325, "longitude": -117.9345, "rock_class": "metamorphic rocks", "rock_type": "paragneiss metamorphic rocks", "terrane": "Kootenay", "terrane_name": "North America - basinal strata", "era": "Proterozoic to Paleozoic", "lithium_ppm": 34.9, "cobalt_ppm": 17.3, "nickel_ppm": 152.0, "score_battery": 1.3700928825639018, "rank_battery": 821, "dist_to_fault_km": 1.58, "dist_to_terrane_boundary_km": 3.92, "grid_id": "60_157", "year": 1977 }, "geometry": { "type": "Point", "coordinates": [ -117.9345, 50.13325 ] } },
{ "type": "Feature", "properties": { "sample_id": "ID082K779053", "latitude": 50.10853, "longitude": -117.83965, "rock_class": "sedimentary rocks", "rock_type": "limestone, slate, siltstone, argillite", "terrane": "Kootenay", "terrane_name": "Quesnellia", "era": "Paleozoic", "lithium_ppm": 28.9, "cobalt_ppm": 29.3, "nickel_ppm": 141.1, "score_battery": 1.4897975063061211, "rank_battery": 540, "dist_to_fault_km": 0.6, "dist_to_terrane_boundary_km": 0.27, "grid_id": "59_158", "year": 1977 }, "geometry": { "type": "Point", "coordinates": [ -117.83965, 50.10853 ] } },
{ "type": "Feature", "properties": { "sample_id": "ID082K779136", "latitude": 50.33529, "longitude": -116.85333, "rock_class": "sedimentary rocks", "rock_type": "quartzite, quartz arenite sedimentary rocks", "terrane": "North America - basinal strata", "terrane_name": "North America - platformal strata", "era": "Proterozoic to Paleozoic", "lithium_ppm": 48.5, "cobalt_ppm": 21.0, "nickel_ppm": 44.4, "score_battery": 1.3673672345256978, "rank_battery": 828, "dist_to_fault_km": 6.06, "dist_to_terrane_boundary_km": 2.75, "grid_id": "63_164", "year": 1977 }, "geometry": { "type": "Point", "coordinates": [ -116.85333, 50.33529 ] } },
{ "type": "Feature", "properties": { "sample_id": "ID082K779147", "latitude": 50.51498, "longitude": -117.26345, "rock_class": "sedimentary rocks", "rock_type": "limestone, slate, siltstone, argillite", "terrane": "Kootenay", "terrane_name": "North America - basinal strata", "era": "Paleozoic", "lithium_ppm": 25.5, "cobalt_ppm": 26.8, "nickel_ppm": 124.0, "score_battery": 1.3232253387988617, "rank_battery": 985, "dist_to_fault_km": 1.77, "dist_to_terrane_boundary_km": 11.31, "grid_id": "64_161", "year": 1977 }, "geometry": { "type": "Point", "coordinates": [ -117.26345, 50.51498 ] } },
{ "type": "Feature", "properties": { "sample_id": "ID082K779196", "latitude": 50.80071, "longitude": -116.68728, "rock_class": "sedimentary rocks", "rock_type": "coarse clastic sedimentary rocks", "terrane": "North America - platformal strata", "terrane_name": "North America - platformal strata", "era": "Proterozoic", "lithium_ppm": 43.0, "cobalt_ppm": 21.4, "nickel_ppm": 64.1, "score_battery": 1.3910497736866172, "rank_battery": 769, "dist_to_fault_km": 2.83, "dist_to_terrane_boundary_km": 37.94, "grid_id": "68_165", "year": 1977 }, "geometry": { "type": "Point", "coordinates": [ -116.68728, 50.80071 ] } },
{ "type": "Feature", "properties": { "sample_id": "ID082K779197", "latitude": 50.80071, "longitude": -116.68728, "rock_class": "sedimentary rocks", "rock_type": "coarse clastic sedimentary rocks", "terrane": "North America - platformal strata", "terrane_name": "North America - platformal strata", "era": "Proterozoic", "lithium_ppm": 43.7, "cobalt_ppm": 21.4, "nickel_ppm": 61.8, "score_battery": 1.3925101833854447, "rank_battery": 766, "dist_to_fault_km": 2.83, "dist_to_terrane_boundary_km": 37.94, "grid_id": "68_165", "year": 1977 }, "geometry": { "type": "Point", "coordinates": [ -116.68728, 50.80071 ] } },
{ "type": "Feature", "properties": { "sample_id": "ID082K779200", "latitude": 50.81986, "longitude": -116.67092, "rock_class": "sedimentary rocks", "rock_type": "coarse clastic sedimentary rocks", "terrane": "North America - platformal strata", "terrane_name": "North America - platformal strata", "era": "Proterozoic", "lithium_ppm": 41.0, "cobalt_ppm": 21.9, "nickel_ppm": 68.1, "score_battery": 1.3859751637008755, "rank_battery": 790, "dist_to_fault_km": 0.96, "dist_to_terrane_boundary_km": 39.96, "grid_id": "68_165", "year": 1977 }, "geometry": { "type": "Point", "coordinates": [ -116.67092, 50.81986 ] } },
{ "type": "Feature", "properties": { "sample_id": "ID082K779202", "latitude": 50.83971, "longitude": -116.64947, "rock_class": "sedimentary rocks", "rock_type": "quartzite, quartz arenite sedimentary rocks", "terrane": "North America - platformal strata", "terrane_name": "North America - platformal strata", "era": "Proterozoic", "lithium_ppm": 40.2, "cobalt_ppm": 26.2, "nickel_ppm": 60.3, "score_battery": 1.4318632026638425, "rank_battery": 659, "dist_to_fault_km": 0.07, "dist_to_terrane_boundary_km": 42.32, "grid_id": "69_165", "year": 1977 }, "geometry": { "type": "Point", "coordinates": [ -116.64947, 50.83971 ] } },
{ "type": "Feature", "properties": { "sample_id": "ID082K779206", "latitude": 50.85189, "longitude": -116.5398, "rock_class": "sedimentary rocks", "rock_type": "quartzite, quartz arenite sedimentary rocks", "terrane": "North America - platformal strata", "terrane_name": "North America - platformal strata", "era": "Proterozoic", "lithium_ppm": 60.3, "cobalt_ppm": 20.7, "nickel_ppm": 65.9, "score_battery": 1.6170321059578441, "rank_battery": 318, "dist_to_fault_km": 4.57, "dist_to_terrane_boundary_km": 49.78, "grid_id": "69_166", "year": 1977 }, "geometry": { "type": "Point", "coordinates": [ -116.5398, 50.85189 ] } },
{ "type": "Feature", "properties": { "sample_id": "ID082M775329", "latitude": 51.9089, "longitude": -118.22762, "rock_class": "metamorphic rocks", "rock_type": "metamorphic rocks, undivided", "terrane": "North America - platformal strata", "terrane_name": "North America - platformal strata", "era": "Proterozoic", "lithium_ppm": null, "cobalt_ppm": 57.0, "nickel_ppm": 158.5, "score_battery": 1.3664368682751464, "rank_battery": 831, "dist_to_fault_km": 0.54, "dist_to_terrane_boundary_km": 11.37, "grid_id": "79_153", "year": 1977 }, "geometry": { "type": "Point", "coordinates": [ -118.22762, 51.9089 ] } },
{ "type": "Feature", "properties": { "sample_id": "ID083D051196", "latitude": 52.68547, "longitude": -118.98918, "rock_class": "metamorphic rocks", "rock_type": "orthogneiss metamorphic rocks", "terrane": "North America - basinal strata", "terrane_name": "North America - platformal strata", "era": "Proterozoic", "lithium_ppm": null, "cobalt_ppm": 100.0, "nickel_ppm": 97.3, "score_battery": 1.5318337802780828, "rank_battery": 452, "dist_to_fault_km": 0.6, "dist_to_terrane_boundary_km": 2.31, "grid_id": "87_147", "year": 2005 }, "geometry": { "type": "Point", "coordinates": [ -118.98918, 52.68547 ] } },
{ "type": "Feature", "properties": { "sample_id": "ID083D051420", "latitude": 52.42356, "longitude": -119.14387, "rock_class": "metamorphic rocks", "rock_type": "metamorphic rocks, undivided", "terrane": "North America - basinal strata", "terrane_name": "North America - platformal strata", "era": "Proterozoic", "lithium_ppm": null, "cobalt_ppm": 122.5, "nickel_ppm": 137.4, "score_battery": 1.7321522852249098, "rank_battery": 191, "dist_to_fault_km": 0.46, "dist_to_terrane_boundary_km": 3.47, "grid_id": "84_146", "year": 2005 }, "geometry": { "type": "Point", "coordinates": [ -119.14387, 52.42356 ] } },
{ "type": "Feature", "properties": { "sample_id": "ID083D053003", "latitude": 52.7966, "longitude": -119.00711, "rock_class": "sedimentary rocks", "rock_type": "undivided sedimentary rocks", "terrane": "North America - platformal strata", "terrane_name": "North America - platformal strata", "era": "Proterozoic", "lithium_ppm": null, "cobalt_ppm": 65.2, "nickel_ppm": 139.9, "score_battery": 1.403536106664065, "rank_battery": 740, "dist_to_fault_km": 0.18, "dist_to_terrane_boundary_km": 8.8, "grid_id": "88_146", "year": 2005 }, "geometry": { "type": "Point", "coordinates": [ -119.00711, 52.7966 ] } },
{ "type": "Feature", "properties": { "sample_id": "ID083E051494", "latitude": 53.5179, "longitude": -119.98794, "rock_class": "sedimentary rocks", "rock_type": "coarse clastic sedimentary rocks", "terrane": "North America - platformal strata", "terrane_name": "North America - platformal strata", "era": "Proterozoic", "lithium_ppm": null, "cobalt_ppm": 81.5, "nickel_ppm": 105.2, "score_battery": 1.444594030967925, "rank_battery": 635, "dist_to_fault_km": 2.71, "dist_to_terrane_boundary_km": 24.23, "grid_id": "96_139", "year": 2005 }, "geometry": { "type": "Point", "coordinates": [ -119.98794, 53.5179 ] } },
{ "type": "Feature", "properties": { "sample_id": "ID092H813009", "latitude": 49.11449, "longitude": -121.10055, "rock_class": "volcanic rocks", "rock_type": "basaltic volcanic rocks", "terrane": "Bridge River", "terrane_name": "Bridge River", "era": "Paleozoic to Mesozoic", "lithium_ppm": null, "cobalt_ppm": 127.0, "nickel_ppm": 59.3, "score_battery": 1.5260268751453889, "rank_battery": 460, "dist_to_fault_km": 5.65, "dist_to_terrane_boundary_km": 5.64, "grid_id": "46_135", "year": 1981 }, "geometry": { "type": "Point", "coordinates": [ -121.100550219597821, 49.114487242916766 ] } },
{ "type": "Feature", "properties": { "sample_id": "ID092H813093", "latitude": 49.47453, "longitude": -121.26113, "rock_class": "ultramafic rocks", "rock_type": "ultramafic rocks", "terrane": "Bridge River", "terrane_name": "Methow", "era": "Paleozoic to Mesozoic", "lithium_ppm": null, "cobalt_ppm": 41.4, "nickel_ppm": 602.0, "score_battery": 1.5594696552265841, "rank_battery": 405, "dist_to_fault_km": 0.2, "dist_to_terrane_boundary_km": 0.2, "grid_id": "50_134", "year": 1981 }, "geometry": { "type": "Point", "coordinates": [ -121.26113, 49.47453 ] } },
{ "type": "Feature", "properties": { "sample_id": "ID092H813132", "latitude": 49.69096, "longitude": -121.4042, "rock_class": "intrusive rocks", "rock_type": "granodioritic intrusive rocks", "terrane": "Post Accretionary", "terrane_name": "Bridge River", "era": "Mesozoic", "lithium_ppm": null, "cobalt_ppm": 44.3, "nickel_ppm": 328.0, "score_battery": 1.430579398883737, "rank_battery": 661, "dist_to_fault_km": 0.14, "dist_to_terrane_boundary_km": 1.88, "grid_id": "53_133", "year": 1981 }, "geometry": { "type": "Point", "coordinates": [ -121.4042, 49.69096 ] } },
{ "type": "Feature", "properties": { "sample_id": "ID092I091484", "latitude": 50.50142, "longitude": -121.67116, "rock_class": "intrusive rocks", "rock_type": "granodioritic intrusive rocks", "terrane": "Quesnellia", "terrane_name": "Quesnellia", "era": "Paleozoic to Mesozoic", "lithium_ppm": null, "cobalt_ppm": 212.0, "nickel_ppm": 101.8, "score_battery": 1.9430107556807947, "rank_battery": 70, "dist_to_fault_km": 0.71, "dist_to_terrane_boundary_km": 3.4, "grid_id": "61_130", "year": 2009 }, "geometry": { "type": "Point", "coordinates": [ -121.67116, 50.50142 ] } },
{ "type": "Feature", "properties": { "sample_id": "ID092I811164", "latitude": 50.86217, "longitude": -120.55466, "rock_class": "volcanic rocks", "rock_type": "undivided volcanic rocks", "terrane": "Overlap", "terrane_name": "Quesnellia", "era": "Cenozoic", "lithium_ppm": null, "cobalt_ppm": 43.3, "nickel_ppm": 397.0, "score_battery": 1.4702646693983139, "rank_battery": 574, "dist_to_fault_km": 0.04, "dist_to_terrane_boundary_km": 42.12, "grid_id": "66_138", "year": 1981 }, "geometry": { "type": "Point", "coordinates": [ -120.55466, 50.86217 ] } },
{ "type": "Feature", "properties": { "sample_id": "ID092I813030", "latitude": 50.1492, "longitude": -121.75934, "rock_class": "sedimentary rocks", "rock_type": "marine sedimentary and volcanic rocks", "terrane": "Bridge River", "terrane_name": "Bridge River", "era": "Paleozoic to Mesozoic", "lithium_ppm": null, "cobalt_ppm": 39.6, "nickel_ppm": 579.0, "score_battery": 1.5257263071751865, "rank_battery": 461, "dist_to_fault_km": 2.03, "dist_to_terrane_boundary_km": 5.19, "grid_id": "57_130", "year": 1981 }, "geometry": { "type": "Point", "coordinates": [ -121.75934, 50.1492 ] } },
{ "type": "Feature", "properties": { "sample_id": "ID092I813031", "latitude": 50.1492, "longitude": -121.75934, "rock_class": "sedimentary rocks", "rock_type": "marine sedimentary and volcanic rocks", "terrane": "Bridge River", "terrane_name": "Bridge River", "era": "Paleozoic to Mesozoic", "lithium_ppm": null, "cobalt_ppm": 43.2, "nickel_ppm": 621.0, "score_battery": 1.5901155072273516, "rank_battery": 357, "dist_to_fault_km": 2.03, "dist_to_terrane_boundary_km": 5.19, "grid_id": "57_130", "year": 1981 }, "geometry": { "type": "Point", "coordinates": [ -121.75934, 50.1492 ] } },
{ "type": "Feature", "properties": { "sample_id": "ID092I815035", "latitude": 50.16751, "longitude": -121.80819, "rock_class": "sedimentary rocks", "rock_type": "marine sedimentary and volcanic rocks", "terrane": "Bridge River", "terrane_name": "Bridge River", "era": "Paleozoic to Mesozoic", "lithium_ppm": null, "cobalt_ppm": 52.7, "nickel_ppm": 861.0, "score_battery": 1.7827076952401777, "rank_battery": 150, "dist_to_fault_km": 1.24, "dist_to_terrane_boundary_km": 4.51, "grid_id": "58_129", "year": 1981 }, "geometry": { "type": "Point", "coordinates": [ -121.80819, 50.16751 ] } },
{ "type": "Feature", "properties": { "sample_id": "ID092I815039", "latitude": 50.22887, "longitude": -121.89819, "rock_class": "intrusive rocks", "rock_type": "granodioritic intrusive rocks", "terrane": "Post Accretionary", "terrane_name": "Bridge River", "era": "Mesozoic to Cenozoic", "lithium_ppm": null, "cobalt_ppm": 63.2, "nickel_ppm": 988.0, "score_battery": 1.9154796494266979, "rank_battery": 82, "dist_to_fault_km": 0.73, "dist_to_terrane_boundary_km": 8.35, "grid_id": "58_129", "year": 1981 }, "geometry": { "type": "Point", "coordinates": [ -121.89819, 50.22887 ] } },
{ "type": "Feature", "properties": { "sample_id": "ID092J091698", "latitude": 50.94315, "longitude": -122.6128, "rock_class": "sedimentary rocks", "rock_type": "marine sedimentary and volcanic rocks", "terrane": "Bridge River", "terrane_name": "Methow", "era": "Paleozoic-Mesozoic", "lithium_ppm": null, "cobalt_ppm": 37.2, "nickel_ppm": 490.9, "score_battery": 1.4484700414427287, "rank_battery": 623, "dist_to_fault_km": 0.05, "dist_to_terrane_boundary_km": 0.11, "grid_id": "66_123", "year": 2009 }, "geometry": { "type": "Point", "coordinates": [ -122.6128, 50.94315 ] } },
{ "type": "Feature", "properties": { "sample_id": "ID092J091699", "latitude": 50.92531, "longitude": -122.58195, "rock_class": "sedimentary rocks", "rock_type": "marine sedimentary and volcanic rocks", "terrane": "Bridge River", "terrane_name": "Methow", "era": "Paleozoic-Mesozoic", "lithium_ppm": null, "cobalt_ppm": 53.4, "nickel_ppm": 808.3, "score_battery": 1.7725289305288865, "rank_battery": 156, "dist_to_fault_km": 0.14, "dist_to_terrane_boundary_km": 0.08, "grid_id": "66_123", "year": 2009 }, "geometry": { "type": "Point", "coordinates": [ -122.58195, 50.92531 ] } },
{ "type": "Feature", "properties": { "sample_id": "ID092J091700", "latitude": 50.92343, "longitude": -122.57915, "rock_class": "sedimentary rocks", "rock_type": "marine sedimentary and volcanic rocks", "terrane": "Bridge River", "terrane_name": "Methow", "era": "Paleozoic-Mesozoic", "lithium_ppm": null, "cobalt_ppm": 34.4, "nickel_ppm": 595.7, "score_battery": 1.4601274355836971, "rank_battery": 595, "dist_to_fault_km": 0.19, "dist_to_terrane_boundary_km": 0.06, "grid_id": "66_124", "year": 2009 }, "geometry": { "type": "Point", "coordinates": [ -122.57915, 50.92343 ] } },
{ "type": "Feature", "properties": { "sample_id": "ID092J091782", "latitude": 50.89934, "longitude": -122.52085, "rock_class": "sedimentary rocks", "rock_type": "marine sedimentary and volcanic rocks", "terrane": "Bridge River", "terrane_name": "Methow", "era": "Paleozoic-Mesozoic", "lithium_ppm": null, "cobalt_ppm": 40.5, "nickel_ppm": 369.3, "score_battery": 1.4157885521359757, "rank_battery": 711, "dist_to_fault_km": 0.04, "dist_to_terrane_boundary_km": 0.82, "grid_id": "65_124", "year": 2009 }, "geometry": { "type": "Point", "coordinates": [ -122.52085, 50.89934 ] } },
{ "type": "Feature", "properties": { "sample_id": "ID092J091783", "latitude": 50.89936, "longitude": -122.52086, "rock_class": "sedimentary rocks", "rock_type": "marine sedimentary and volcanic rocks", "terrane": "Bridge River", "terrane_name": "Methow", "era": "Paleozoic-Mesozoic", "lithium_ppm": null, "cobalt_ppm": 39.5, "nickel_ppm": 353.5, "score_battery": 1.3909214351514452, "rank_battery": 773, "dist_to_fault_km": 0.04, "dist_to_terrane_boundary_km": 0.82, "grid_id": "65_124", "year": 2009 }, "geometry": { "type": "Point", "coordinates": [ -122.52086, 50.89936 ] } },
{ "type": "Feature", "properties": { "sample_id": "ID092J811052", "latitude": 50.80353, "longitude": -122.08029, "rock_class": "ultramafic rocks", "rock_type": "ultramafic rocks", "terrane": "Cadwallader", "terrane_name": "Methow", "era": "Paleozoic", "lithium_ppm": null, "cobalt_ppm": 36.4, "nickel_ppm": 408.0, "score_battery": 1.3871103411704402, "rank_battery": 785, "dist_to_fault_km": 0.93, "dist_to_terrane_boundary_km": 2.76, "grid_id": "65_127", "year": 1981 }, "geometry": { "type": "Point", "coordinates": [ -122.08029, 50.80353 ] } },
{ "type": "Feature", "properties": { "sample_id": "ID092J811116", "latitude": 50.24123, "longitude": -122.48072, "rock_class": "intrusive rocks", "rock_type": "quartz dioritic intrusive rocks", "terrane": "Post Accretionary", "terrane_name": "Cadwallader", "era": "Mesozoic", "lithium_ppm": null, "cobalt_ppm": 44.0, "nickel_ppm": 580.0, "score_battery": 1.581219655278749, "rank_battery": 369, "dist_to_fault_km": 1.21, "dist_to_terrane_boundary_km": 3.46, "grid_id": "58_125", "year": 1981 }, "geometry": { "type": "Point", "coordinates": [ -122.48072, 50.24123 ] } },
{ "type": "Feature", "properties": { "sample_id": "ID092J811117", "latitude": 50.24658, "longitude": -122.48795, "rock_class": "intrusive rocks", "rock_type": "quartz dioritic intrusive rocks", "terrane": "Post Accretionary", "terrane_name": "Cadwallader", "era": "Mesozoic", "lithium_ppm": null, "cobalt_ppm": 59.9, "nickel_ppm": 1005.0, "score_battery": 1.8918800788070551, "rank_battery": 90, "dist_to_fault_km": 1.14, "dist_to_terrane_boundary_km": 3.62, "grid_id": "58_125", "year": 1981 }, "geometry": { "type": "Point", "coordinates": [ -122.48795, 50.24658 ] } },
{ "type": "Feature", "properties": { "sample_id": "ID092J811118", "latitude": 50.26677, "longitude": -122.51641, "rock_class": "intrusive rocks", "rock_type": "quartz dioritic intrusive rocks", "terrane": "Post Accretionary", "terrane_name": "Cadwallader", "era": "Mesozoic", "lithium_ppm": null, "cobalt_ppm": 58.0, "nickel_ppm": 928.0, "score_battery": 1.8533394608320679, "rank_battery": 107, "dist_to_fault_km": 3.47, "dist_to_terrane_boundary_km": 4.27, "grid_id": "58_124", "year": 1981 }, "geometry": { "type": "Point", "coordinates": [ -122.51641, 50.26677 ] } },
{ "type": "Feature", "properties": { "sample_id": "ID092J811119", "latitude": 50.28377, "longitude": -122.55692, "rock_class": "intrusive rocks", "rock_type": "granodioritic intrusive rocks", "terrane": "Post Accretionary", "terrane_name": "Cadwallader", "era": "Mesozoic", "lithium_ppm": null, "cobalt_ppm": 56.2, "nickel_ppm": 919.0, "score_battery": 1.8341304256039224, "rank_battery": 115, "dist_to_fault_km": 3.19, "dist_to_terrane_boundary_km": 5.85, "grid_id": "59_124", "year": 1981 }, "geometry": { "type": "Point", "coordinates": [ -122.55692, 50.28377 ] } },
{ "type": "Feature", "properties": { "sample_id": "ID092J811120", "latitude": 50.14283, "longitude": -123.16248, "rock_class": "sedimentary rocks", "rock_type": "marine sedimentary and volcanic rocks", "terrane": "Overlap", "terrane_name": "Coast plutonic complex", "era": "Mesozoic", "lithium_ppm": null, "cobalt_ppm": 41.6, "nickel_ppm": 360.0, "score_battery": 1.422882428496977, "rank_battery": 686, "dist_to_fault_km": 11.47, "dist_to_terrane_boundary_km": 8.67, "grid_id": "57_120", "year": 1981 }, "geometry": { "type": "Point", "coordinates": [ -123.16248, 50.14283 ] } },
{ "type": "Feature", "properties": { "sample_id": "ID092J813002", "latitude": 50.75209, "longitude": -122.76506, "rock_class": "sedimentary rocks", "rock_type": "undivided sedimentary rocks", "terrane": "Bridge River", "terrane_name": "Bridge River", "era": "Mesozoic", "lithium_ppm": null, "cobalt_ppm": 53.5, "nickel_ppm": 783.0, "score_battery": 1.7648996012068103, "rank_battery": 164, "dist_to_fault_km": 0.15, "dist_to_terrane_boundary_km": 0.17, "grid_id": "64_122", "year": 1981 }, "geometry": { "type": "Point", "coordinates": [ -122.76506, 50.75209 ] } },
{ "type": "Feature", "properties": { "sample_id": "ID092J813012", "latitude": 50.99542, "longitude": -122.37058, "rock_class": "sedimentary rocks", "rock_type": "undivided sedimentary rocks", "terrane": "Cadwallader", "terrane_name": "Methow", "era": "Mesozoic", "lithium_ppm": null, "cobalt_ppm": 53.9, "nickel_ppm": 927.0, "score_battery": 1.814530123505218, "rank_battery": 129, "dist_to_fault_km": 0.03, "dist_to_terrane_boundary_km": 1.21, "grid_id": "67_125", "year": 1981 }, "geometry": { "type": "Point", "coordinates": [ -122.37058, 50.99542 ] } },
{ "type": "Feature", "properties": { "sample_id": "ID092J813013", "latitude": 50.99542, "longitude": -122.37058, "rock_class": "sedimentary rocks", "rock_type": "undivided sedimentary rocks", "terrane": "Cadwallader", "terrane_name": "Methow", "era": "Mesozoic", "lithium_ppm": null, "cobalt_ppm": 52.5, "nickel_ppm": 886.0, "score_battery": 1.7884639562568387, "rank_battery": 143, "dist_to_fault_km": 0.03, "dist_to_terrane_boundary_km": 1.21, "grid_id": "67_125", "year": 1981 }, "geometry": { "type": "Point", "coordinates": [ -122.37058, 50.99542 ] } },
{ "type": "Feature", "properties": { "sample_id": "ID092J813016", "latitude": 50.94505, "longitude": -122.28771, "rock_class": "ultramafic rocks", "rock_type": "ultramafic rocks", "terrane": "Cadwallader", "terrane_name": "Methow", "era": "Paleozoic", "lithium_ppm": null, "cobalt_ppm": 40.8, "nickel_ppm": 498.0, "score_battery": 1.5005186817272687, "rank_battery": 520, "dist_to_fault_km": 0.04, "dist_to_terrane_boundary_km": 2.55, "grid_id": "66_126", "year": 1981 }, "geometry": { "type": "Point", "coordinates": [ -122.28771, 50.94505 ] } },
{ "type": "Feature", "properties": { "sample_id": "ID092J813018", "latitude": 50.89775, "longitude": -122.23727, "rock_class": "ultramafic rocks", "rock_type": "ultramafic rocks", "terrane": "Cadwallader", "terrane_name": "Methow", "era": "Paleozoic", "lithium_ppm": null, "cobalt_ppm": 35.3, "nickel_ppm": 367.0, "score_battery": 1.3425046687892375, "rank_battery": 911, "dist_to_fault_km": 0.4, "dist_to_terrane_boundary_km": 3.86, "grid_id": "66_126", "year": 1981 }, "geometry": { "type": "Point", "coordinates": [ -122.23727, 50.89775 ] } },
{ "type": "Feature", "properties": { "sample_id": "ID092J813034", "latitude": 50.84168, "longitude": -122.90929, "rock_class": "sedimentary rocks", "rock_type": "marine sedimentary and volcanic rocks", "terrane": "Bridge River", "terrane_name": "Cadwallader", "era": "Paleozoic-Mesozoic", "lithium_ppm": null, "cobalt_ppm": 33.3, "nickel_ppm": 546.0, "score_battery": 1.4196665986892829, "rank_battery": 696, "dist_to_fault_km": 0.04, "dist_to_terrane_boundary_km": 3.16, "grid_id": "65_121", "year": 1981 }, "geometry": { "type": "Point", "coordinates": [ -122.90929, 50.84168 ] } },
{ "type": "Feature", "properties": { "sample_id": "ID092J813039", "latitude": 50.90901, "longitude": -122.86791, "rock_class": "sedimentary rocks", "rock_type": "marine sedimentary and volcanic rocks", "terrane": "Bridge River", "terrane_name": "Bridge River", "era": "Paleozoic-Mesozoic", "lithium_ppm": null, "cobalt_ppm": 37.8, "nickel_ppm": 391.0, "score_battery": 1.39525274200146, "rank_battery": 761, "dist_to_fault_km": 0.26, "dist_to_terrane_boundary_km": 4.53, "grid_id": "65_122", "year": 1981 }, "geometry": { "type": "Point", "coordinates": [ -122.86791, 50.90901 ] } },
{ "type": "Feature", "properties": { "sample_id": "ID092J813042", "latitude": 50.91802, "longitude": -122.81017, "rock_class": "sedimentary rocks", "rock_type": "marine sedimentary and volcanic rocks", "terrane": "Bridge River", "terrane_name": "Bridge River", "era": "Paleozoic-Mesozoic", "lithium_ppm": null, "cobalt_ppm": 38.5, "nickel_ppm": 462.0, "score_battery": 1.449949763951675, "rank_battery": 616, "dist_to_fault_km": 0.61, "dist_to_terrane_boundary_km": 5.02, "grid_id": "66_122", "year": 1981 }, "geometry": { "type": "Point", "coordinates": [ -122.81017, 50.91802 ] } },
{ "type": "Feature", "properties": { "sample_id": "ID092J815023", "latitude": 50.96375, "longitude": -122.89877, "rock_class": "ultramafic rocks", "rock_type": "ultramafic rocks", "terrane": "Cadwallader", "terrane_name": "Bridge River", "era": "Paleozoic", "lithium_ppm": null, "cobalt_ppm": 59.3, "nickel_ppm": 871.0, "score_battery": 1.8478266905684577, "rank_battery": 110, "dist_to_fault_km": 0.01, "dist_to_terrane_boundary_km": 1.32, "grid_id": "66_121", "year": 1981 }, "geometry": { "type": "Point", "coordinates": [ -122.89877, 50.96375 ] } },
{ "type": "Feature", "properties": { "sample_id": "ID092J815026", "latitude": 50.94961, "longitude": -122.84017, "rock_class": "sedimentary rocks", "rock_type": "marine sedimentary and volcanic rocks", "terrane": "Bridge River", "terrane_name": "Bridge River", "era": "Paleozoic-Mesozoic", "lithium_ppm": null, "cobalt_ppm": 51.6, "nickel_ppm": 706.0, "score_battery": 1.7178933357000521, "rank_battery": 197, "dist_to_fault_km": 0.61, "dist_to_terrane_boundary_km": 5.16, "grid_id": "66_122", "year": 1981 }, "geometry": { "type": "Point", "coordinates": [ -122.84017, 50.94961 ] } },
{ "type": "Feature", "properties": { "sample_id": "ID092J815028", "latitude": 50.98859, "longitude": -122.60881, "rock_class": "sedimentary rocks", "rock_type": "coarse clastic sedimentary rocks", "terrane": "Cadwallader", "terrane_name": "Methow", "era": "Mesozoic", "lithium_ppm": null, "cobalt_ppm": 67.7, "nickel_ppm": 1045.0, "score_battery": 1.9669020774400885, "rank_battery": 65, "dist_to_fault_km": 0.24, "dist_to_terrane_boundary_km": 4.04, "grid_id": "66_123", "year": 1981 }, "geometry": { "type": "Point", "coordinates": [ -122.60881, 50.98859 ] } },
{ "type": "Feature", "properties": { "sample_id": "ID092J815029", "latitude": 50.95513, "longitude": -122.63376, "rock_class": "sedimentary rocks", "rock_type": "marine sedimentary and volcanic rocks", "terrane": "Bridge River", "terrane_name": "Methow", "era": "Paleozoic-Mesozoic", "lithium_ppm": null, "cobalt_ppm": 49.8, "nickel_ppm": 751.0, "score_battery": 1.716002968412973, "rank_battery": 198, "dist_to_fault_km": 0.06, "dist_to_terrane_boundary_km": 0.11, "grid_id": "66_123", "year": 1981 }, "geometry": { "type": "Point", "coordinates": [ -122.63376, 50.95513 ] } },
{ "type": "Feature", "properties": { "sample_id": "ID092J815030", "latitude": 50.95513, "longitude": -122.63376, "rock_class": "sedimentary rocks", "rock_type": "marine sedimentary and volcanic rocks", "terrane": "Bridge River", "terrane_name": "Methow", "era": "Paleozoic-Mesozoic", "lithium_ppm": null, "cobalt_ppm": 55.3, "nickel_ppm": 748.0, "score_battery": 1.7698939462421879, "rank_battery": 159, "dist_to_fault_km": 0.06, "dist_to_terrane_boundary_km": 0.11, "grid_id": "66_123", "year": 1981 }, "geometry": { "type": "Point", "coordinates": [ -122.63376, 50.95513 ] } },
{ "type": "Feature", "properties": { "sample_id": "ID092J815572", "latitude": 50.71029, "longitude": -122.70593, "rock_class": "metamorphic rocks", "rock_type": "serpentinite ultramafic rocks", "terrane": "Bridge River", "terrane_name": "Cadwallader", "era": "Paleozoic", "lithium_ppm": null, "cobalt_ppm": 36.0, "nickel_ppm": 450.0, "score_battery": 1.4078641446044335, "rank_battery": 729, "dist_to_fault_km": 0.05, "dist_to_terrane_boundary_km": 1.33, "grid_id": "63_123", "year": 1981 }, "geometry": { "type": "Point", "coordinates": [ -122.70593, 50.71029 ] } },
{ "type": "Feature", "properties": { "sample_id": "ID092J815596", "latitude": 50.8955, "longitude": -122.34735, "rock_class": "intrusive rocks", "rock_type": "high level quartz phyric, felsitic intrusive rocks", "terrane": "Post Accretionary", "terrane_name": "Methow", "era": "Cenozoic", "lithium_ppm": null, "cobalt_ppm": 53.3, "nickel_ppm": 688.0, "score_battery": 1.7279113407484017, "rank_battery": 196, "dist_to_fault_km": 0.53, "dist_to_terrane_boundary_km": 7.56, "grid_id": "66_125", "year": 1981 }, "geometry": { "type": "Point", "coordinates": [ -122.34735, 50.8955 ] } },
{ "type": "Feature", "properties": { "sample_id": "ID092J815599", "latitude": 50.96364, "longitude": -122.37046, "rock_class": "ultramafic rocks", "rock_type": "ultramafic rocks", "terrane": "Cadwallader", "terrane_name": "Methow", "era": "Paleozoic", "lithium_ppm": null, "cobalt_ppm": 47.4, "nickel_ppm": 725.0, "score_battery": 1.6805809748840053, "rank_battery": 236, "dist_to_fault_km": 1.99, "dist_to_terrane_boundary_km": 4.42, "grid_id": "66_125", "year": 1981 }, "geometry": { "type": "Point", "coordinates": [ -122.37046, 50.96364 ] } },
{ "type": "Feature", "properties": { "sample_id": "ID092J815602", "latitude": 50.98842, "longitude": -122.48473, "rock_class": "ultramafic rocks", "rock_type": "ultramafic rocks", "terrane": "Cadwallader", "terrane_name": "Methow", "era": "Paleozoic", "lithium_ppm": null, "cobalt_ppm": 71.0, "nickel_ppm": 1270.0, "score_battery": 2.0448182565390467, "rank_battery": 47, "dist_to_fault_km": 0.77, "dist_to_terrane_boundary_km": 5.51, "grid_id": "66_124", "year": 1981 }, "geometry": { "type": "Point", "coordinates": [ -122.48473, 50.98842 ] } },
{ "type": "Feature", "properties": { "sample_id": "ID092J815603", "latitude": 50.98842, "longitude": -122.48473, "rock_class": "ultramafic rocks", "rock_type": "ultramafic rocks", "terrane": "Cadwallader", "terrane_name": "Methow", "era": "Paleozoic", "lithium_ppm": null, "cobalt_ppm": 69.6, "nickel_ppm": 1240.0, "score_battery": 2.0278407475568461, "rank_battery": 50, "dist_to_fault_km": 0.77, "dist_to_terrane_boundary_km": 5.51, "grid_id": "66_124", "year": 1981 }, "geometry": { "type": "Point", "coordinates": [ -122.48473, 50.98842 ] } },
{ "type": "Feature", "properties": { "sample_id": "ID092J815604", "latitude": 50.99851, "longitude": -122.40018, "rock_class": "ultramafic rocks", "rock_type": "ultramafic rocks", "terrane": "Cadwallader", "terrane_name": "Methow", "era": "Paleozoic", "lithium_ppm": null, "cobalt_ppm": 67.6, "nickel_ppm": 1135.0, "score_battery": 1.9885027030474087, "rank_battery": 59, "dist_to_fault_km": 0.94, "dist_to_terrane_boundary_km": 1.78, "grid_id": "67_125", "year": 1981 }, "geometry": { "type": "Point", "coordinates": [ -122.40018, 50.99851 ] } },
{ "type": "Feature", "properties": { "sample_id": "ID092N913095", "latitude": 51.95063779, "longitude": -125.2242693, "rock_class": "intrusive rocks", "rock_type": "granodioritic intrusive rocks", "terrane": "Post Accretionary", "terrane_name": "Stikinia", "era": "Mesozoic", "lithium_ppm": 32.0, "cobalt_ppm": 30.3, "nickel_ppm": 52.6, "score_battery": 1.3128901370866022, "rank_battery": 1013, "dist_to_fault_km": 0.67, "dist_to_terrane_boundary_km": 46.14, "grid_id": "77_105", "year": 1991 }, "geometry": { "type": "Point", "coordinates": [ -125.2242693, 51.95063779 ] } },
{ "type": "Feature", "properties": { "sample_id": "ID092N913100", "latitude": 51.91444321, "longitude": -125.299986, "rock_class": "intrusive rocks", "rock_type": "granodioritic intrusive rocks", "terrane": "Post Accretionary", "terrane_name": "Stikinia", "era": "Mesozoic-Cenozoic", "lithium_ppm": 39.3, "cobalt_ppm": 27.9, "nickel_ppm": 45.6, "score_battery": 1.3742534119147869, "rank_battery": 810, "dist_to_fault_km": 3.95, "dist_to_terrane_boundary_km": 40.29, "grid_id": "76_104", "year": 1991 }, "geometry": { "type": "Point", "coordinates": [ -125.299986, 51.91444321 ] } },
{ "type": "Feature", "properties": { "sample_id": "ID092O793027", "latitude": 51.01586, "longitude": -122.74457, "rock_class": "sedimentary rocks", "rock_type": "conglomerate, coarse clastic sedimentary rocks", "terrane": "Overlap", "terrane_name": "Cadwallader", "era": "Mesozoic", "lithium_ppm": null, "cobalt_ppm": 37.6, "nickel_ppm": 447.0, "score_battery": 1.428694281037288, "rank_battery": 667, "dist_to_fault_km": 0.01, "dist_to_terrane_boundary_km": 0.35, "grid_id": "67_122", "year": 1979 }, "geometry": { "type": "Point", "coordinates": [ -122.74457, 51.01586 ] } },
{ "type": "Feature", "properties": { "sample_id": "ID092O793047", "latitude": 51.04403, "longitude": -122.77234, "rock_class": "sedimentary rocks", "rock_type": "undivided sedimentary rocks", "terrane": "Overlap", "terrane_name": "Methow", "era": "Mesozoic", "lithium_ppm": null, "cobalt_ppm": 72.5, "nickel_ppm": 1430.0, "score_battery": 2.0879936850218241, "rank_battery": 38, "dist_to_fault_km": 0.23, "dist_to_terrane_boundary_km": 0.46, "grid_id": "67_122", "year": 1979 }, "geometry": { "type": "Point", "coordinates": [ -122.77234, 51.04403 ] } },
{ "type": "Feature", "properties": { "sample_id": "ID092O793049", "latitude": 51.04347, "longitude": -122.51682, "rock_class": "ultramafic rocks", "rock_type": "ultramafic rocks", "terrane": "Cadwallader", "terrane_name": "Methow", "era": "Paleozoic", "lithium_ppm": null, "cobalt_ppm": 80.4, "nickel_ppm": 1540.0, "score_battery": 2.162669565109101, "rank_battery": 31, "dist_to_fault_km": 0.25, "dist_to_terrane_boundary_km": 1.62, "grid_id": "67_124", "year": 1979 }, "geometry": { "type": "Point", "coordinates": [ -122.51682, 51.04347 ] } },
{ "type": "Feature", "properties": { "sample_id": "ID092O793050", "latitude": 51.03249, "longitude": -122.49662, "rock_class": "ultramafic rocks", "rock_type": "ultramafic rocks", "terrane": "Cadwallader", "terrane_name": "Methow", "era": "Paleozoic", "lithium_ppm": null, "cobalt_ppm": 84.8, "nickel_ppm": 1710.0, "score_battery": 2.2191960917089752, "rank_battery": 19, "dist_to_fault_km": 0.07, "dist_to_terrane_boundary_km": 1.87, "grid_id": "67_124", "year": 1979 }, "geometry": { "type": "Point", "coordinates": [ -122.49662, 51.03249 ] } },
{ "type": "Feature", "properties": { "sample_id": "ID092O793052", "latitude": 51.11932, "longitude": -122.62271, "rock_class": "sedimentary rocks", "rock_type": "undivided sedimentary rocks", "terrane": "Overlap", "terrane_name": "Stikinia", "era": "Mesozoic", "lithium_ppm": null, "cobalt_ppm": 39.5, "nickel_ppm": 550.0, "score_battery": 1.5104999767186993, "rank_battery": 491, "dist_to_fault_km": 0.73, "dist_to_terrane_boundary_km": 1.07, "grid_id": "68_123", "year": 1979 }, "geometry": { "type": "Point", "coordinates": [ -122.62271, 51.11932 ] } },
{ "type": "Feature", "properties": { "sample_id": "ID092O793063", "latitude": 51.09363, "longitude": -122.5455, "rock_class": "sedimentary rocks", "rock_type": "undivided sedimentary rocks", "terrane": "Overlap", "terrane_name": "Stikinia", "era": "Mesozoic", "lithium_ppm": null, "cobalt_ppm": 66.9, "nickel_ppm": 1220.0, "score_battery": 2.0025820829460819, "rank_battery": 55, "dist_to_fault_km": 2.01, "dist_to_terrane_boundary_km": 1.87, "grid_id": "68_124", "year": 1979 }, "geometry": { "type": "Point", "coordinates": [ -122.5455, 51.09363 ] } },
{ "type": "Feature", "properties": { "sample_id": "ID092O793066", "latitude": 51.08272, "longitude": -122.52809, "rock_class": "sedimentary rocks", "rock_type": "undivided sedimentary rocks", "terrane": "Overlap", "terrane_name": "Stikinia", "era": "Mesozoic", "lithium_ppm": null, "cobalt_ppm": 75.1, "nickel_ppm": 1560.0, "score_battery": 2.1301605033660747, "rank_battery": 34, "dist_to_fault_km": 1.56, "dist_to_terrane_boundary_km": 1.59, "grid_id": "68_124", "year": 1979 }, "geometry": { "type": "Point", "coordinates": [ -122.52809, 51.08272 ] } },
{ "type": "Feature", "properties": { "sample_id": "ID092O793069", "latitude": 51.0163, "longitude": -122.46033, "rock_class": "ultramafic rocks", "rock_type": "ultramafic rocks", "terrane": "Cadwallader", "terrane_name": "Methow", "era": "Paleozoic", "lithium_ppm": null, "cobalt_ppm": 80.6, "nickel_ppm": 1420.0, "score_battery": 2.1420006596673717, "rank_battery": 33, "dist_to_fault_km": 0.09, "dist_to_terrane_boundary_km": 1.98, "grid_id": "67_124", "year": 1979 }, "geometry": { "type": "Point", "coordinates": [ -122.46033, 51.0163 ] } },
{ "type": "Feature", "properties": { "sample_id": "ID092O795010", "latitude": 51.75181, "longitude": -123.06896, "rock_class": "volcanic rocks", "rock_type": "undivided volcanic rocks", "terrane": "Overlap", "terrane_name": "Stikinia", "era": "Cenozoic", "lithium_ppm": null, "cobalt_ppm": 155.0, "nickel_ppm": 61.9, "score_battery": 1.6432666717000093, "rank_battery": 277, "dist_to_fault_km": 19.27, "dist_to_terrane_boundary_km": 24.53, "grid_id": "75_120", "year": 1979 }, "geometry": { "type": "Point", "coordinates": [ -123.06896, 51.75181 ] } },
{ "type": "Feature", "properties": { "sample_id": "ID092O795333", "latitude": 51.05301, "longitude": -122.63191, "rock_class": "ultramafic rocks", "rock_type": "ultramafic rocks", "terrane": "Cadwallader", "terrane_name": "Methow", "era": "Paleozoic", "lithium_ppm": null, "cobalt_ppm": 82.7, "nickel_ppm": 1640.0, "score_battery": 2.1946181534653988, "rank_battery": 23, "dist_to_fault_km": 0.27, "dist_to_terrane_boundary_km": 5.32, "grid_id": "67_123", "year": 1979 }, "geometry": { "type": "Point", "coordinates": [ -122.63191, 51.05301 ] } },
{ "type": "Feature", "properties": { "sample_id": "ID092O795335", "latitude": 51.06536, "longitude": -122.70166, "rock_class": "sedimentary rocks", "rock_type": "undivided sedimentary rocks", "terrane": "Overlap", "terrane_name": "Methow", "era": "Mesozoic", "lithium_ppm": null, "cobalt_ppm": 40.1, "nickel_ppm": 515.0, "score_battery": 1.5005704031291609, "rank_battery": 519, "dist_to_fault_km": 0.33, "dist_to_terrane_boundary_km": 5.66, "grid_id": "67_123", "year": 1979 }, "geometry": { "type": "Point", "coordinates": [ -122.70166, 51.06536 ] } },
{ "type": "Feature", "properties": { "sample_id": "ID092O795337", "latitude": 51.04973, "longitude": -122.7051, "rock_class": "sedimentary rocks", "rock_type": "marine sedimentary and volcanic rocks", "terrane": "Bridge River", "terrane_name": "Methow", "era": "Paleozoic-Mesozoic", "lithium_ppm": null, "cobalt_ppm": 37.0, "nickel_ppm": 432.0, "score_battery": 1.4110825917985113, "rank_battery": 723, "dist_to_fault_km": 0.09, "dist_to_terrane_boundary_km": 4.27, "grid_id": "67_123", "year": 1979 }, "geometry": { "type": "Point", "coordinates": [ -122.7051, 51.04973 ] } },
{ "type": "Feature", "properties": { "sample_id": "ID092O795339", "latitude": 51.03832, "longitude": -122.72214, "rock_class": "sedimentary rocks", "rock_type": "marine sedimentary and volcanic rocks", "terrane": "Bridge River", "terrane_name": "Methow", "era": "Paleozoic-Mesozoic", "lithium_ppm": null, "cobalt_ppm": 33.7, "nickel_ppm": 424.0, "score_battery": 1.357443055323805, "rank_battery": 862, "dist_to_fault_km": 0.53, "dist_to_terrane_boundary_km": 2.53, "grid_id": "67_122", "year": 1979 }, "geometry": { "type": "Point", "coordinates": [ -122.72214, 51.03832 ] } },
{ "type": "Feature", "properties": { "sample_id": "ID092O795340", "latitude": 51.00368, "longitude": -122.65886, "rock_class": "sedimentary rocks", "rock_type": "undivided sedimentary rocks", "terrane": "Overlap", "terrane_name": "Methow", "era": "Mesozoic", "lithium_ppm": null, "cobalt_ppm": 56.0, "nickel_ppm": 999.0, "score_battery": 1.8548651051782286, "rank_battery": 106, "dist_to_fault_km": 0.12, "dist_to_terrane_boundary_km": 2.85, "grid_id": "67_123", "year": 1979 }, "geometry": { "type": "Point", "coordinates": [ -122.65886, 51.00368 ] } },
{ "type": "Feature", "properties": { "sample_id": "ID092O795342", "latitude": 51.00136, "longitude": -122.65056, "rock_class": "sedimentary rocks", "rock_type": "marine sedimentary and volcanic rocks", "terrane": "Bridge River", "terrane_name": "Methow", "era": "Paleozoic-Mesozoic", "lithium_ppm": null, "cobalt_ppm": 51.95, "nickel_ppm": 939.0, "score_battery": 1.7986731239357994, "rank_battery": 136, "dist_to_fault_km": 0.03, "dist_to_terrane_boundary_km": 3.07, "grid_id": "67_123", "year": 1979 }, "geometry": { "type": "Point", "coordinates": [ -122.65056, 51.00136 ] } },
{ "type": "Feature", "properties": { "sample_id": "ID092P793266", "latitude": 51.68348, "longitude": -120.37076, "rock_class": "sedimentary rocks", "rock_type": "marine sedimentary and volcanic rocks", "terrane": "Quesnellia", "terrane_name": "Quesnellia", "era": "Mesozoic", "lithium_ppm": null, "cobalt_ppm": 45.3, "nickel_ppm": 278.0, "score_battery": 1.3975605429577058, "rank_battery": 756, "dist_to_fault_km": 0.97, "dist_to_terrane_boundary_km": 6.11, "grid_id": "75_138", "year": 1979 }, "geometry": { "type": "Point", "coordinates": [ -120.37076, 51.68348 ] } },
{ "type": "Feature", "properties": { "sample_id": "ID092P793353", "latitude": 51.02172, "longitude": -121.45798, "rock_class": "sedimentary rocks", "rock_type": "marine sedimentary and volcanic rocks", "terrane": "Cache Creek", "terrane_name": "Cache Creek", "era": "Paleozoic-Mesozoic", "lithium_ppm": null, "cobalt_ppm": 52.4, "nickel_ppm": 440.0, "score_battery": 1.5979929405227384, "rank_battery": 349, "dist_to_fault_km": 2.19, "dist_to_terrane_boundary_km": 9.42, "grid_id": "67_131", "year": 1979 }, "geometry": { "type": "Point", "coordinates": [ -121.45798, 51.02172 ] } },
{ "type": "Feature", "properties": { "sample_id": "ID092P793373", "latitude": 51.24054, "longitude": -121.21213, "rock_class": "volcanic rocks", "rock_type": "basaltic volcanic rocks", "terrane": "Younger Volcanics", "terrane_name": "Quesnellia", "era": "Cenozoic", "lithium_ppm": null, "cobalt_ppm": 48.5, "nickel_ppm": 209.0, "score_battery": 1.3562693831580988, "rank_battery": 870, "dist_to_fault_km": 5.48, "dist_to_terrane_boundary_km": 12.16, "grid_id": "70_133", "year": 1979 }, "geometry": { "type": "Point", "coordinates": [ -121.21213, 51.24054 ] } },
{ "type": "Feature", "properties": { "sample_id": "ID093A801189", "latitude": 52.58047, "longitude": -121.42775, "rock_class": "sedimentary rocks", "rock_type": "transitional mixed volcanic and sedimentary rocks", "terrane": "Quesnellia", "terrane_name": "Quesnellia", "era": "Mesozoic", "lithium_ppm": null, "cobalt_ppm": 122.7, "nickel_ppm": 120.2, "score_battery": 1.6970361481640848, "rank_battery": 220, "dist_to_fault_km": 2.94, "dist_to_terrane_boundary_km": 9.08, "grid_id": "85_130", "year": 1980 }, "geometry": { "type": "Point", "coordinates": [ -121.42775, 52.58047 ] } },
{ "type": "Feature", "properties": { "sample_id": "ID093A805037", "latitude": 52.70672, "longitude": -121.93991, "rock_class": "volcanic rocks", "rock_type": "volcaniclastic rocks", "terrane": "Quesnellia", "terrane_name": "Quesnellia", "era": "Mesozoic", "lithium_ppm": null, "cobalt_ppm": 43.4, "nickel_ppm": 594.8, "score_battery": 1.5808614951753688, "rank_battery": 371, "dist_to_fault_km": 0.4, "dist_to_terrane_boundary_km": 10.22, "grid_id": "86_127", "year": 1980 }, "geometry": { "type": "Point", "coordinates": [ -121.93991, 52.70672 ] } },
{ "type": "Feature", "properties": { "sample_id": "ID093A805058", "latitude": 52.73814, "longitude": -121.76863, "rock_class": "sedimentary rocks", "rock_type": "undivided sedimentary rocks", "terrane": "Quesnellia", "terrane_name": "Quesnellia", "era": "Mesozoic", "lithium_ppm": null, "cobalt_ppm": 45.3, "nickel_ppm": 623.0, "score_battery": 1.615809084182271, "rank_battery": 321, "dist_to_fault_km": 1.13, "dist_to_terrane_boundary_km": 8.02, "grid_id": "86_128", "year": 1980 }, "geometry": { "type": "Point", "coordinates": [ -121.76863, 52.73814 ] } },
{ "type": "Feature", "properties": { "sample_id": "ID093A805065", "latitude": 52.72772, "longitude": -121.65081, "rock_class": "sedimentary rocks", "rock_type": "undivided sedimentary rocks", "terrane": "Quesnellia", "terrane_name": "Quesnellia", "era": "Mesozoic", "lithium_ppm": null, "cobalt_ppm": 46.5, "nickel_ppm": 632.4, "score_battery": 1.6335469741791218, "rank_battery": 293, "dist_to_fault_km": 0.49, "dist_to_terrane_boundary_km": 3.15, "grid_id": "86_129", "year": 1980 }, "geometry": { "type": "Point", "coordinates": [ -121.65081, 52.72772 ] } },
{ "type": "Feature", "properties": { "sample_id": "ID093A805254", "latitude": 52.78183, "longitude": -120.5853, "rock_class": "sedimentary rocks", "rock_type": "undivided sedimentary rocks", "terrane": "Cassiar", "terrane_name": "Cassiar", "era": "Proterozoic", "lithium_ppm": null, "cobalt_ppm": 76.4, "nickel_ppm": 117.2, "score_battery": 1.4394949531460615, "rank_battery": 648, "dist_to_fault_km": 0.33, "dist_to_terrane_boundary_km": 1.79, "grid_id": "87_136", "year": 1980 }, "geometry": { "type": "Point", "coordinates": [ -120.5853, 52.78183 ] } },
{ "type": "Feature", "properties": { "sample_id": "ID093A805690", "latitude": 52.05488, "longitude": -120.48291, "rock_class": "metamorphic rocks", "rock_type": "metasediments", "terrane": "Kootenay", "terrane_name": "North America - basinal strata", "era": "Neoproterozoic to Paleozoic", "lithium_ppm": null, "cobalt_ppm": 47.2, "nickel_ppm": 614.8, "score_battery": 1.6337298826164557, "rank_battery": 292, "dist_to_fault_km": 2.78, "dist_to_terrane_boundary_km": 5.2, "grid_id": "79_137", "year": 1980 }, "geometry": { "type": "Point", "coordinates": [ -120.48291, 52.05488 ] } },
{ "type": "Feature", "properties": { "sample_id": "ID093B801078", "latitude": 52.66298, "longitude": -122.93824, "rock_class": "volcanic rocks", "rock_type": "basaltic volcanic rocks", "terrane": "Overlap", "terrane_name": "Cache Creek", "era": "Cenozoic", "lithium_ppm": null, "cobalt_ppm": 98.8, "nickel_ppm": 159.4, "score_battery": 1.6582031381724787, "rank_battery": 260, "dist_to_fault_km": 29.1, "dist_to_terrane_boundary_km": 13.67, "grid_id": "85_120", "year": 1980 }, "geometry": { "type": "Point", "coordinates": [ -122.93824, 52.66298 ] } },
{ "type": "Feature", "properties": { "sample_id": "ID093B801182", "latitude": 52.82198, "longitude": -123.11217, "rock_class": "volcanic rocks", "rock_type": "basaltic volcanic rocks", "terrane": "Overlap", "terrane_name": "Cache Creek", "era": "Cenozoic", "lithium_ppm": null, "cobalt_ppm": 72.7, "nickel_ppm": 100.1, "score_battery": 1.3709290990950036, "rank_battery": 819, "dist_to_fault_km": 31.23, "dist_to_terrane_boundary_km": 13.09, "grid_id": "87_119", "year": 1980 }, "geometry": { "type": "Point", "coordinates": [ -123.11217, 52.82198 ] } },
{ "type": "Feature", "properties": { "sample_id": "ID093B805226", "latitude": 52.62285, "longitude": -123.92723, "rock_class": "volcanic rocks", "rock_type": "basaltic volcanic rocks", "terrane": "Younger Volcanics", "terrane_name": "Stikinia", "era": "Cenozoic", "lithium_ppm": null, "cobalt_ppm": 86.9, "nickel_ppm": 64.3, "score_battery": 1.3466375703836122, "rank_battery": 899, "dist_to_fault_km": 25.39, "dist_to_terrane_boundary_km": 45.22, "grid_id": "84_114", "year": 1980 }, "geometry": { "type": "Point", "coordinates": [ -123.92723, 52.62285 ] } },
{ "type": "Feature", "properties": { "sample_id": "ID093E861076", "latitude": 53.67431, "longitude": -127.14746, "rock_class": "volcanic rocks", "rock_type": "calc-alkaline volcanic rocks", "terrane": "Stikinia", "terrane_name": "Stikinia", "era": "Mesozoic", "lithium_ppm": null, "cobalt_ppm": 111.9, "nickel_ppm": 45.5, "score_battery": 1.3884336447885368, "rank_battery": 783, "dist_to_fault_km": 0.43, "dist_to_terrane_boundary_km": 34.7, "grid_id": "96_92", "year": 1986 }, "geometry": { "type": "Point", "coordinates": [ -127.14746, 53.67431 ] } },
{ "type": "Feature", "properties": { "sample_id": "ID093G841639", "latitude": 53.60284, "longitude": -122.13629, "rock_class": "volcanic rocks", "rock_type": "basaltic volcaniclastic rocks", "terrane": "Quesnellia", "terrane_name": "Quesnellia", "era": "Mesozoic", "lithium_ppm": null, "cobalt_ppm": 75.6, "nickel_ppm": 220.0, "score_battery": 1.6036119939589455, "rank_battery": 341, "dist_to_fault_km": 0.31, "dist_to_terrane_boundary_km": 0.91, "grid_id": "96_125", "year": 1984 }, "geometry": { "type": "Point", "coordinates": [ -122.13629, 53.60284 ] } },
{ "type": "Feature", "properties": { "sample_id": "ID093G855022", "latitude": 53.64814, "longitude": -123.49257, "rock_class": "volcanic rocks", "rock_type": "basaltic volcanic rocks", "terrane": "Cache Creek", "terrane_name": "Cache Creek", "era": "Paleozoic to Mesozoic", "lithium_ppm": null, "cobalt_ppm": 36.0, "nickel_ppm": 546.1, "score_battery": 1.4602381008394452, "rank_battery": 594, "dist_to_fault_km": 1.8, "dist_to_terrane_boundary_km": 0.23, "grid_id": "96_116", "year": 1985 }, "geometry": { "type": "Point", "coordinates": [ -123.49257, 53.64814 ] } },
{ "type": "Feature", "properties": { "sample_id": "ID093G855035", "latitude": 53.63138, "longitude": -123.38644, "rock_class": "metamorphic rocks", "rock_type": "serpentinite ultramafic rocks", "terrane": "Cache Creek", "terrane_name": "Cache Creek", "era": "Paleozoic to Mesozoic", "lithium_ppm": null, "cobalt_ppm": 29.1, "nickel_ppm": 481.0, "score_battery": 1.315512950655283, "rank_battery": 1006, "dist_to_fault_km": 0.83, "dist_to_terrane_boundary_km": 5.08, "grid_id": "96_117", "year": 1985 }, "geometry": { "type": "Point", "coordinates": [ -123.38644, 53.63138 ] } },
{ "type": "Feature", "properties": { "sample_id": "ID093G855049", "latitude": 53.67442, "longitude": -123.34116, "rock_class": "metamorphic rocks", "rock_type": "serpentinite ultramafic rocks", "terrane": "Cache Creek", "terrane_name": "Cache Creek", "era": "Paleozoic to Mesozoic", "lithium_ppm": null, "cobalt_ppm": 29.0, "nickel_ppm": 517.3, "score_battery": 1.3334205817168532, "rank_battery": 949, "dist_to_fault_km": 0.53, "dist_to_terrane_boundary_km": 10.2, "grid_id": "96_117", "year": 1985 }, "geometry": { "type": "Point", "coordinates": [ -123.34116, 53.67442 ] } },
{ "type": "Feature", "properties": { "sample_id": "ID093G855310", "latitude": 53.65839, "longitude": -123.50702, "rock_class": "volcanic rocks", "rock_type": "basaltic volcanic rocks", "terrane": "Cache Creek", "terrane_name": "Cache Creek", "era": "Paleozoic to Mesozoic", "lithium_ppm": null, "cobalt_ppm": 34.5, "nickel_ppm": 568.2, "score_battery": 1.448843049166449, "rank_battery": 621, "dist_to_fault_km": 1.72, "dist_to_terrane_boundary_km": 0.05, "grid_id": "96_116", "year": 1985 }, "geometry": { "type": "Point", "coordinates": [ -123.50702, 53.65839 ] } },
{ "type": "Feature", "properties": { "sample_id": "ID093G855474", "latitude": 53.01951, "longitude": -123.63517, "rock_class": "volcanic rocks", "rock_type": "basaltic volcanic rocks", "terrane": "Younger Volcanics", "terrane_name": "Stikinia", "era": "Cenozoic", "lithium_ppm": null, "cobalt_ppm": 81.3, "nickel_ppm": 133.9, "score_battery": 1.5081545719688545, "rank_battery": 499, "dist_to_fault_km": 17.49, "dist_to_terrane_boundary_km": 6.72, "grid_id": "89_115", "year": 1985 }, "geometry": { "type": "Point", "coordinates": [ -123.63517, 53.01951 ] } },
{ "type": "Feature", "properties": { "sample_id": "ID093H841013", "latitude": 53.89765218, "longitude": -121.2732788, "rock_class": "sedimentary rocks", "rock_type": "limestone, marble, calcareous sedimentary rocks", "terrane": "North America - platformal strata", "terrane_name": "North America - platformal strata", "era": "Paleozoic", "lithium_ppm": 47.4, "cobalt_ppm": 25.7, "nickel_ppm": 108.7, "score_battery": 1.6941547329509357, "rank_battery": 225, "dist_to_fault_km": 0.2, "dist_to_terrane_boundary_km": 5.69, "grid_id": "99_130", "year": 1984 }, "geometry": { "type": "Point", "coordinates": [ -121.2732788, 53.89765218 ] } },
{ "type": "Feature", "properties": { "sample_id": "ID093H841678", "latitude": 53.42518309, "longitude": -121.0623237, "rock_class": "sedimentary rocks", "rock_type": "mudstone, siltstone, shale fine clastic sedimentary rocks", "terrane": "Cassiar", "terrane_name": "Cassiar", "era": "Proterozoic", "lithium_ppm": 78.4, "cobalt_ppm": 14.3, "nickel_ppm": 36.4, "score_battery": 1.4562700386247882, "rank_battery": 608, "dist_to_fault_km": 0.32, "dist_to_terrane_boundary_km": 22.7, "grid_id": "94_132", "year": 1984 }, "geometry": { "type": "Point", "coordinates": [ -121.062323699999979, 53.425183089999983 ] } },
{ "type": "Feature", "properties": { "sample_id": "ID093H855014", "latitude": 53.82343013, "longitude": -120.4169959, "rock_class": "sedimentary rocks", "rock_type": "coarse clastic sedimentary rocks", "terrane": "North America - platformal strata", "terrane_name": "North America - platformal strata", "era": "Proterozoic", "lithium_ppm": 53.7, "cobalt_ppm": 19.0, "nickel_ppm": 34.3, "score_battery": 1.3191348216006324, "rank_battery": 997, "dist_to_fault_km": 1.0, "dist_to_terrane_boundary_km": 31.55, "grid_id": "99_136", "year": 1985 }, "geometry": { "type": "Point", "coordinates": [ -120.4169959, 53.82343013 ] } },
{ "type": "Feature", "properties": { "sample_id": "ID093H855044", "latitude": 53.52941648, "longitude": -120.7303475, "rock_class": "sedimentary rocks", "rock_type": "mudstone, siltstone, shale fine clastic sedimentary rocks", "terrane": "Cassiar", "terrane_name": "Cassiar", "era": "Proterozoic", "lithium_ppm": 47.2, "cobalt_ppm": 30.4, "nickel_ppm": 45.0, "score_battery": 1.5422779964863385, "rank_battery": 431, "dist_to_fault_km": 3.71, "dist_to_terrane_boundary_km": 7.04, "grid_id": "96_134", "year": 1985 }, "geometry": { "type": "Point", "coordinates": [ -120.730347499999979, 53.529416479999988 ] } },
{ "type": "Feature", "properties": { "sample_id": "ID093H855052", "latitude": 53.82070693, "longitude": -120.6376237, "rock_class": "sedimentary rocks", "rock_type": "coarse clastic sedimentary rocks", "terrane": "North America - platformal strata", "terrane_name": "North America - platformal strata", "era": "Proterozoic", "lithium_ppm": 67.2, "cobalt_ppm": 25.0, "nickel_ppm": 45.8, "score_battery": 1.692607111604282, "rank_battery": 228, "dist_to_fault_km": 0.41, "dist_to_terrane_boundary_km": 22.46, "grid_id": "99_135", "year": 1985 }, "geometry": { "type": "Point", "coordinates": [ -120.6376237, 53.820706929999986 ] } },
{ "type": "Feature", "properties": { "sample_id": "ID093H855065", "latitude": 53.90308158, "longitude": -120.2129331, "rock_class": "sedimentary rocks", "rock_type": "mudstone, siltstone, shale fine clastic sedimentary rocks", "terrane": "North America - platformal strata", "terrane_name": "North America - platformal strata", "era": "Proterozoic", "lithium_ppm": 71.0, "cobalt_ppm": 16.3, "nickel_ppm": 31.8, "score_battery": 1.416884317501228, "rank_battery": 704, "dist_to_fault_km": 0.67, "dist_to_terrane_boundary_km": 46.78, "grid_id": "100_137", "year": 1985 }, "geometry": { "type": "Point", "coordinates": [ -120.2129331, 53.90308157999997 ] } },
{ "type": "Feature", "properties": { "sample_id": "ID093H855074", "latitude": 53.82322134, "longitude": -120.1224078, "rock_class": "sedimentary rocks", "rock_type": "mudstone, siltstone, shale fine clastic sedimentary rocks", "terrane": "North America - platformal strata", "terrane_name": "North America - platformal strata", "era": "Proterozoic", "lithium_ppm": 69.5, "cobalt_ppm": 18.8, "nickel_ppm": 45.2, "score_battery": 1.5669886745447688, "rank_battery": 394, "dist_to_fault_km": 0.14, "dist_to_terrane_boundary_km": 42.13, "grid_id": "99_138", "year": 1985 }, "geometry": { "type": "Point", "coordinates": [ -120.122407800000019, 53.823221339999975 ] } },
{ "type": "Feature", "properties": { "sample_id": "ID093H855078", "latitude": 53.83588849, "longitude": -120.2051779, "rock_class": "sedimentary rocks", "rock_type": "quartzite, quartz arenite sedimentary rocks", "terrane": "North America - platformal strata", "terrane_name": "North America - platformal strata", "era": "Paleozoic", "lithium_ppm": 48.2, "cobalt_ppm": 24.2, "nickel_ppm": 53.4, "score_battery": 1.484708731428066, "rank_battery": 551, "dist_to_fault_km": 2.79, "dist_to_terrane_boundary_km": 40.84, "grid_id": "99_138", "year": 1985 }, "geometry": { "type": "Point", "coordinates": [ -120.2051779, 53.83588849 ] } },
{ "type": "Feature", "properties": { "sample_id": "ID093H855097", "latitude": 53.78918424, "longitude": -120.1595582, "rock_class": "sedimentary rocks", "rock_type": "coarse clastic sedimentary rocks", "terrane": "North America - platformal strata", "terrane_name": "North America - platformal strata", "era": "Proterozoic", "lithium_ppm": 78.9, "cobalt_ppm": 13.6, "nickel_ppm": 34.3, "score_battery": 1.4200166342818168, "rank_battery": 694, "dist_to_fault_km": 0.93, "dist_to_terrane_boundary_km": 37.62, "grid_id": "99_138", "year": 1985 }, "geometry": { "type": "Point", "coordinates": [ -120.1595582, 53.78918424 ] } },
{ "type": "Feature", "properties": { "sample_id": "ID093H855100", "latitude": 53.79959132, "longitude": -120.3177679, "rock_class": "sedimentary rocks", "rock_type": "coarse clastic sedimentary rocks", "terrane": "North America - platformal strata", "terrane_name": "North America - platformal strata", "era": "Proterozoic", "lithium_ppm": 71.7, "cobalt_ppm": 31.8, "nickel_ppm": 45.1, "score_battery": 1.8581615110760104, "rank_battery": 103, "dist_to_fault_km": 2.66, "dist_to_terrane_boundary_km": 33.44, "grid_id": "99_137", "year": 1985 }, "geometry": { "type": "Point", "coordinates": [ -120.3177679, 53.799591319999983 ] } },
{ "type": "Feature", "properties": { "sample_id": "ID093H855134", "latitude": 53.20787345, "longitude": -120.442744, "rock_class": "sedimentary rocks", "rock_type": "coarse clastic sedimentary rocks", "terrane": "Cassiar", "terrane_name": "Cassiar", "era": "Proterozoic", "lithium_ppm": 61.7, "cobalt_ppm": 22.7, "nickel_ppm": 54.0, "score_battery": 1.627115961285178, "rank_battery": 301, "dist_to_fault_km": 9.34, "dist_to_terrane_boundary_km": 21.69, "grid_id": "92_136", "year": 1985 }, "geometry": { "type": "Point", "coordinates": [ -120.442744, 53.20787344999998 ] } },
{ "type": "Feature", "properties": { "sample_id": "ID093H855137", "latitude": 53.15641151, "longitude": -120.369184, "rock_class": "sedimentary rocks", "rock_type": "coarse clastic sedimentary rocks", "terrane": "Cassiar", "terrane_name": "Cassiar", "era": "Proterozoic", "lithium_ppm": 55.6, "cobalt_ppm": 18.7, "nickel_ppm": 49.1, "score_battery": 1.4302448715330365, "rank_battery": 664, "dist_to_fault_km": 7.17, "dist_to_terrane_boundary_km": 22.82, "grid_id": "92_137", "year": 1985 }, "geometry": { "type": "Point", "coordinates": [ -120.369184, 53.156411509999977 ] } },
{ "type": "Feature", "properties": { "sample_id": "ID093H855138", "latitude": 53.10262484, "longitude": -120.453611, "rock_class": "sedimentary rocks", "rock_type": "coarse clastic sedimentary rocks", "terrane": "Cassiar", "terrane_name": "Cassiar", "era": "Proterozoic", "lithium_ppm": 77.1, "cobalt_ppm": 24.2, "nickel_ppm": 63.7, "score_battery": 1.8600022782402459, "rank_battery": 101, "dist_to_fault_km": 2.57, "dist_to_terrane_boundary_km": 31.05, "grid_id": "91_137", "year": 1985 }, "geometry": { "type": "Point", "coordinates": [ -120.453611, 53.102624839999983 ] } },
{ "type": "Feature", "properties": { "sample_id": "ID093H855151", "latitude": 53.78673563, "longitude": -120.1632312, "rock_class": "sedimentary rocks", "rock_type": "coarse clastic sedimentary rocks", "terrane": "North America - platformal strata", "terrane_name": "North America - platformal strata", "era": "Proterozoic", "lithium_ppm": 122.0, "cobalt_ppm": 21.1, "nickel_ppm": 31.8, "score_battery": 1.9282764233963634, "rank_battery": 77, "dist_to_fault_km": 1.27, "dist_to_terrane_boundary_km": 37.26, "grid_id": "99_138", "year": 1985 }, "geometry": { "type": "Point", "coordinates": [ -120.1632312, 53.78673563 ] } },
{ "type": "Feature", "properties": { "sample_id": "ID093H855158", "latitude": 53.69831302, "longitude": -120.0425283, "rock_class": "sedimentary rocks", "rock_type": "mudstone, siltstone, shale fine clastic sedimentary rocks", "terrane": "North America - platformal strata", "terrane_name": "North America - platformal strata", "era": "Proterozoic", "lithium_ppm": 61.9, "cobalt_ppm": 20.8, "nickel_ppm": 37.5, "score_battery": 1.4879814386253489, "rank_battery": 546, "dist_to_fault_km": 1.79, "dist_to_terrane_boundary_km": 34.58, "grid_id": "98_139", "year": 1985 }, "geometry": { "type": "Point", "coordinates": [ -120.042525973062055, 53.69831896738004 ] } },
{ "type": "Feature", "properties": { "sample_id": "ID093H855187", "latitude": 53.51900855, "longitude": -120.065014, "rock_class": "sedimentary rocks", "rock_type": "undivided sedimentary rocks", "terrane": "North America - platformal strata", "terrane_name": "North America - platformal strata", "era": "Proterozoic", "lithium_ppm": 76.0, "cobalt_ppm": 55.2, "nickel_ppm": 299.6, "score_battery": 2.6953323547638712, "rank_battery": 6, "dist_to_fault_km": 0.72, "dist_to_terrane_boundary_km": 20.46, "grid_id": "96_139", "year": 1985 }, "geometry": { "type": "Point", "coordinates": [ -120.065014130361689, 53.519012188065943 ] } },
{ "type": "Feature", "properties": { "sample_id": "ID093H855231", "latitude": 53.70083011, "longitude": -120.0370481, "rock_class": "sedimentary rocks", "rock_type": "mudstone, siltstone, shale fine clastic sedimentary rocks", "terrane": "North America - platformal strata", "terrane_name": "North America - platformal strata", "era": "Proterozoic", "lithium_ppm": 59.6, "cobalt_ppm": 21.7, "nickel_ppm": 38.4, "score_battery": 1.4894176312837029, "rank_battery": 543, "dist_to_fault_km": 1.49, "dist_to_terrane_boundary_km": 35.04, "grid_id": "98_139", "year": 1985 }, "geometry": { "type": "Point", "coordinates": [ -120.037045793827801, 53.700836093247922 ] } },
{ "type": "Feature", "properties": { "sample_id": "ID093H855232", "latitude": 53.70338939, "longitude": -120.0580537, "rock_class": "sedimentary rocks", "rock_type": "mudstone, siltstone, shale fine clastic sedimentary rocks", "terrane": "North America - platformal strata", "terrane_name": "North America - platformal strata", "era": "Proterozoic", "lithium_ppm": 63.4, "cobalt_ppm": 18.8, "nickel_ppm": 38.4, "score_battery": 1.4595281908425277, "rank_battery": 598, "dist_to_fault_km": 2.9, "dist_to_terrane_boundary_km": 34.2, "grid_id": "98_139", "year": 1985 }, "geometry": { "type": "Point", "coordinates": [ -120.058051290681973, 53.703395436987506 ] } },
{ "type": "Feature", "properties": { "sample_id": "ID093H855233", "latitude": 53.70439932, "longitude": -120.1027796, "rock_class": "sedimentary rocks", "rock_type": "coarse clastic sedimentary rocks", "terrane": "North America - platformal strata", "terrane_name": "North America - platformal strata", "era": "Proterozoic", "lithium_ppm": 69.5, "cobalt_ppm": 21.2, "nickel_ppm": 40.2, "score_battery": 1.5971170429698944, "rank_battery": 350, "dist_to_fault_km": 5.06, "dist_to_terrane_boundary_km": 32.18, "grid_id": "98_138", "year": 1985 }, "geometry": { "type": "Point", "coordinates": [ -120.102779600000019, 53.70439932 ] } },
{ "type": "Feature", "properties": { "sample_id": "ID093H855238", "latitude": 53.7409266, "longitude": -120.1372894, "rock_class": "sedimentary rocks", "rock_type": "coarse clastic sedimentary rocks", "terrane": "North America - platformal strata", "terrane_name": "North America - platformal strata", "era": "Proterozoic", "lithium_ppm": 84.9, "cobalt_ppm": 17.5, "nickel_ppm": 35.3, "score_battery": 1.6056399790901916, "rank_battery": 337, "dist_to_fault_km": 4.8, "dist_to_terrane_boundary_km": 33.87, "grid_id": "98_138", "year": 1985 }, "geometry": { "type": "Point", "coordinates": [ -120.137289399999986, 53.7409266 ] } },
{ "type": "Feature", "properties": { "sample_id": "ID093H855239", "latitude": 53.73038875, "longitude": -120.1599626, "rock_class": "sedimentary rocks", "rock_type": "coarse clastic sedimentary rocks", "terrane": "North America - platformal strata", "terrane_name": "North America - platformal strata", "era": "Proterozoic", "lithium_ppm": 56.5, "cobalt_ppm": 21.0, "nickel_ppm": 36.9, "score_battery": 1.4248390461941847, "rank_battery": 681, "dist_to_fault_km": 5.42, "dist_to_terrane_boundary_km": 32.04, "grid_id": "98_138", "year": 1985 }, "geometry": { "type": "Point", "coordinates": [ -120.1599626, 53.730388749999975 ] } },
{ "type": "Feature", "properties": { "sample_id": "ID093H855249", "latitude": 53.68387899, "longitude": -120.1311054, "rock_class": "sedimentary rocks", "rock_type": "mudstone, siltstone, shale fine clastic sedimentary rocks", "terrane": "North America - platformal strata", "terrane_name": "North America - platformal strata", "era": "Proterozoic", "lithium_ppm": 75.7, "cobalt_ppm": 21.0, "nickel_ppm": 44.9, "score_battery": 1.6814473855575125, "rank_battery": 234, "dist_to_fault_km": 2.2, "dist_to_terrane_boundary_km": 29.23, "grid_id": "98_138", "year": 1985 }, "geometry": { "type": "Point", "coordinates": [ -120.1311054, 53.683878989999982 ] } },
{ "type": "Feature", "properties": { "sample_id": "ID093H855250", "latitude": 53.67794614, "longitude": -120.0976149, "rock_class": "sedimentary rocks", "rock_type": "mudstone, siltstone, shale fine clastic sedimentary rocks", "terrane": "North America - platformal strata", "terrane_name": "North America - platformal strata", "era": "Proterozoic", "lithium_ppm": 63.3, "cobalt_ppm": 22.7, "nickel_ppm": 39.6, "score_battery": 1.562709372172673, "rank_battery": 402, "dist_to_fault_km": 2.51, "dist_to_terrane_boundary_km": 30.36, "grid_id": "97_138", "year": 1985 }, "geometry": { "type": "Point", "coordinates": [ -120.0976149, 53.67794614 ] } },
{ "type": "Feature", "properties": { "sample_id": "ID093H855251", "latitude": 53.68550963, "longitude": -120.1519433, "rock_class": "sedimentary rocks", "rock_type": "mudstone, siltstone, shale fine clastic sedimentary rocks", "terrane": "North America - platformal strata", "terrane_name": "North America - platformal strata", "era": "Proterozoic", "lithium_ppm": 66.4, "cobalt_ppm": 21.0, "nickel_ppm": 40.8, "score_battery": 1.5642518339804239, "rank_battery": 400, "dist_to_fault_km": 1.63, "dist_to_terrane_boundary_km": 28.43, "grid_id": "98_138", "year": 1985 }, "geometry": { "type": "Point", "coordinates": [ -120.1519433, 53.685509629999977 ] } },
{ "type": "Feature", "properties": { "sample_id": "ID093H855252", "latitude": 53.68550963, "longitude": -120.1519433, "rock_class": "sedimentary rocks", "rock_type": "mudstone, siltstone, shale fine clastic sedimentary rocks", "terrane": "North America - platformal strata", "terrane_name": "North America - platformal strata", "era": "Proterozoic", "lithium_ppm": 68.8, "cobalt_ppm": 19.7, "nickel_ppm": 40.9, "score_battery": 1.5571833230988477, "rank_battery": 409, "dist_to_fault_km": 1.63, "dist_to_terrane_boundary_km": 28.43, "grid_id": "98_138", "year": 1985 }, "geometry": { "type": "Point", "coordinates": [ -120.1519433, 53.685509629999977 ] } },
{ "type": "Feature", "properties": { "sample_id": "ID093H855265", "latitude": 53.51681793, "longitude": -120.0688166, "rock_class": "sedimentary rocks", "rock_type": "undivided sedimentary rocks", "terrane": "North America - platformal strata", "terrane_name": "North America - platformal strata", "era": "Proterozoic", "lithium_ppm": 29.7, "cobalt_ppm": 35.2, "nickel_ppm": 81.8, "score_battery": 1.4572576735195997, "rank_battery": 605, "dist_to_fault_km": 1.07, "dist_to_terrane_boundary_km": 20.11, "grid_id": "96_139", "year": 1985 }, "geometry": { "type": "Point", "coordinates": [ -120.068816732353284, 53.516821516422546 ] } },
{ "type": "Feature", "properties": { "sample_id": "ID093H855267", "latitude": 53.54111681, "longitude": -120.1199423, "rock_class": "sedimentary rocks", "rock_type": "undivided sedimentary rocks", "terrane": "North America - platformal strata", "terrane_name": "North America - platformal strata", "era": "Proterozoic", "lithium_ppm": 30.6, "cobalt_ppm": 40.0, "nickel_ppm": 91.5, "score_battery": 1.5744088842691843, "rank_battery": 385, "dist_to_fault_km": 0.92, "dist_to_terrane_boundary_km": 19.3, "grid_id": "96_138", "year": 1985 }, "geometry": { "type": "Point", "coordinates": [ -120.1199423, 53.54111681 ] } },
{ "type": "Feature", "properties": { "sample_id": "ID093H855268", "latitude": 53.54111681, "longitude": -120.1199423, "rock_class": "sedimentary rocks", "rock_type": "undivided sedimentary rocks", "terrane": "North America - platformal strata", "terrane_name": "North America - platformal strata", "era": "Proterozoic", "lithium_ppm": 30.5, "cobalt_ppm": 42.4, "nickel_ppm": 99.9, "score_battery": 1.6261471914618209, "rank_battery": 302, "dist_to_fault_km": 0.92, "dist_to_terrane_boundary_km": 19.3, "grid_id": "96_138", "year": 1985 }, "geometry": { "type": "Point", "coordinates": [ -120.1199423, 53.54111681 ] } },
{ "type": "Feature", "properties": { "sample_id": "ID093H855283", "latitude": 53.75963332, "longitude": -120.4288503, "rock_class": "sedimentary rocks", "rock_type": "coarse clastic sedimentary rocks", "terrane": "North America - platformal strata", "terrane_name": "North America - platformal strata", "era": "Proterozoic", "lithium_ppm": 71.0, "cobalt_ppm": 29.7, "nickel_ppm": 35.9, "score_battery": 1.7555481966684532, "rank_battery": 173, "dist_to_fault_km": 5.99, "dist_to_terrane_boundary_km": 25.44, "grid_id": "98_136", "year": 1985 }, "geometry": { "type": "Point", "coordinates": [ -120.4288503, 53.759633319999978 ] } },
{ "type": "Feature", "properties": { "sample_id": "ID093H855284", "latitude": 53.75963332, "longitude": -120.4288503, "rock_class": "sedimentary rocks", "rock_type": "coarse clastic sedimentary rocks", "terrane": "North America - platformal strata", "terrane_name": "North America - platformal strata", "era": "Proterozoic", "lithium_ppm": 72.6, "cobalt_ppm": 28.7, "nickel_ppm": 34.8, "score_battery": 1.7452470070474819, "rank_battery": 183, "dist_to_fault_km": 5.99, "dist_to_terrane_boundary_km": 25.44, "grid_id": "98_136", "year": 1985 }, "geometry": { "type": "Point", "coordinates": [ -120.4288503, 53.759633319999978 ] } },
{ "type": "Feature", "properties": { "sample_id": "ID093H855305", "latitude": 53.50264374, "longitude": -120.9787972, "rock_class": "sedimentary rocks", "rock_type": "quartzite, quartz arenite sedimentary rocks", "terrane": "Cassiar", "terrane_name": "Cassiar", "era": "Proterozoic to Paleozoic", "lithium_ppm": 32.8, "cobalt_ppm": 35.6, "nickel_ppm": 41.8, "score_battery": 1.3525543635002009, "rank_battery": 883, "dist_to_fault_km": 0.02, "dist_to_terrane_boundary_km": 19.4, "grid_id": "95_133", "year": 1985 }, "geometry": { "type": "Point", "coordinates": [ -120.9787972, 53.502643739999982 ] } },
{ "type": "Feature", "properties": { "sample_id": "ID093H855307", "latitude": 53.552579, "longitude": -120.9332399, "rock_class": "sedimentary rocks", "rock_type": "mudstone, siltstone, shale fine clastic sedimentary rocks", "terrane": "Cassiar", "terrane_name": "Cassiar", "era": "Proterozoic", "lithium_ppm": 51.9, "cobalt_ppm": 19.3, "nickel_ppm": 38.8, "score_battery": 1.3358584099518083, "rank_battery": 938, "dist_to_fault_km": 0.07, "dist_to_terrane_boundary_km": 13.14, "grid_id": "96_133", "year": 1985 }, "geometry": { "type": "Point", "coordinates": [ -120.9332399, 53.552579 ] } },
{ "type": "Feature", "properties": { "sample_id": "ID093H855308", "latitude": 53.552579, "longitude": -120.9332399, "rock_class": "sedimentary rocks", "rock_type": "mudstone, siltstone, shale fine clastic sedimentary rocks", "terrane": "Cassiar", "terrane_name": "Cassiar", "era": "Proterozoic", "lithium_ppm": 51.6, "cobalt_ppm": 18.6, "nickel_ppm": 38.8, "score_battery": 1.3130518665579525, "rank_battery": 1012, "dist_to_fault_km": 0.07, "dist_to_terrane_boundary_km": 13.14, "grid_id": "96_133", "year": 1985 }, "geometry": { "type": "Point", "coordinates": [ -120.9332399, 53.552579 ] } },
{ "type": "Feature", "properties": { "sample_id": "ID093H855319", "latitude": 53.36842621, "longitude": -120.9042718, "rock_class": "sedimentary rocks", "rock_type": "mudstone, siltstone, shale fine clastic sedimentary rocks", "terrane": "Cassiar", "terrane_name": "Cassiar", "era": "Proterozoic", "lithium_ppm": 66.6, "cobalt_ppm": 18.3, "nickel_ppm": 32.8, "score_battery": 1.4387344715021524, "rank_battery": 649, "dist_to_fault_km": 4.36, "dist_to_terrane_boundary_km": 28.32, "grid_id": "94_133", "year": 1985 }, "geometry": { "type": "Point", "coordinates": [ -120.904271800000018, 53.368426209999981 ] } },
{ "type": "Feature", "properties": { "sample_id": "ID093H855320", "latitude": 53.36817071, "longitude": -120.9375949, "rock_class": "sedimentary rocks", "rock_type": "mudstone, siltstone, shale fine clastic sedimentary rocks", "terrane": "Cassiar", "terrane_name": "Cassiar", "era": "Proterozoic", "lithium_ppm": 65.7, "cobalt_ppm": 19.7, "nickel_ppm": 33.4, "score_battery": 1.471433812635951, "rank_battery": 570, "dist_to_fault_km": 2.84, "dist_to_terrane_boundary_km": 28.88, "grid_id": "94_133", "year": 1985 }, "geometry": { "type": "Point", "coordinates": [ -120.9375949, 53.368170709999987 ] } },
{ "type": "Feature", "properties": { "sample_id": "ID093H855322", "latitude": 53.35996615, "longitude": -120.9724373, "rock_class": "sedimentary rocks", "rock_type": "mudstone, siltstone, shale fine clastic sedimentary rocks", "terrane": "Cassiar", "terrane_name": "Cassiar", "era": "Proterozoic", "lithium_ppm": 63.3, "cobalt_ppm": 16.4, "nickel_ppm": 32.2, "score_battery": 1.3429009071956053, "rank_battery": 910, "dist_to_fault_km": 0.5, "dist_to_terrane_boundary_km": 26.41, "grid_id": "94_133", "year": 1985 }, "geometry": { "type": "Point", "coordinates": [ -120.9724373, 53.359966149999977 ] } },
{ "type": "Feature", "properties": { "sample_id": "ID093H855328", "latitude": 53.43783654, "longitude": -120.9902313, "rock_class": "sedimentary rocks", "rock_type": "mudstone, siltstone, shale fine clastic sedimentary rocks", "terrane": "Cassiar", "terrane_name": "Cassiar", "era": "Proterozoic", "lithium_ppm": 77.4, "cobalt_ppm": 16.5, "nickel_ppm": 36.2, "score_battery": 1.51765929877459, "rank_battery": 476, "dist_to_fault_km": 0.88, "dist_to_terrane_boundary_km": 25.61, "grid_id": "94_133", "year": 1985 }, "geometry": { "type": "Point", "coordinates": [ -120.9902313, 53.437836539999985 ] } },
{ "type": "Feature", "properties": { "sample_id": "ID093H855329", "latitude": 53.43783654, "longitude": -120.9902313, "rock_class": "sedimentary rocks", "rock_type": "mudstone, siltstone, shale fine clastic sedimentary rocks", "terrane": "Cassiar", "terrane_name": "Cassiar", "era": "Proterozoic", "lithium_ppm": 72.6, "cobalt_ppm": 17.2, "nickel_ppm": 36.5, "score_battery": 1.4959286207365188, "rank_battery": 532, "dist_to_fault_km": 0.88, "dist_to_terrane_boundary_km": 25.61, "grid_id": "94_133", "year": 1985 }, "geometry": { "type": "Point", "coordinates": [ -120.9902313, 53.437836539999985 ] } },
{ "type": "Feature", "properties": { "sample_id": "ID093H855337", "latitude": 53.38251002, "longitude": -120.8064706, "rock_class": "sedimentary rocks", "rock_type": "mudstone, siltstone, shale fine clastic sedimentary rocks", "terrane": "Cassiar", "terrane_name": "Cassiar", "era": "Proterozoic", "lithium_ppm": 74.7, "cobalt_ppm": 14.3, "nickel_ppm": 40.1, "score_battery": 1.4479473466150805, "rank_battery": 627, "dist_to_fault_km": 1.47, "dist_to_terrane_boundary_km": 23.12, "grid_id": "94_134", "year": 1985 }, "geometry": { "type": "Point", "coordinates": [ -120.806470599999983, 53.382510019999977 ] } },
{ "type": "Feature", "properties": { "sample_id": "ID093H855346", "latitude": 53.40670471, "longitude": -120.0207188, "rock_class": "sedimentary rocks", "rock_type": "mudstone, siltstone, shale fine clastic sedimentary rocks", "terrane": "North America - platformal strata", "terrane_name": "North America - platformal strata", "era": "Proterozoic", "lithium_ppm": 52.6, "cobalt_ppm": 19.4, "nickel_ppm": 36.7, "score_battery": 1.3331277718581036, "rank_battery": 950, "dist_to_fault_km": 2.86, "dist_to_terrane_boundary_km": 13.46, "grid_id": "95_139", "year": 1985 }, "geometry": { "type": "Point", "coordinates": [ -120.020719641310663, 53.406706919409636 ] } },
{ "type": "Feature", "properties": { "sample_id": "ID093H855364", "latitude": 53.53803529, "longitude": -120.3416144, "rock_class": "sedimentary rocks", "rock_type": "mudstone, siltstone, shale fine clastic sedimentary rocks", "terrane": "North America - platformal strata", "terrane_name": "North America - platformal strata", "era": "Proterozoic", "lithium_ppm": 44.4, "cobalt_ppm": 50.0, "nickel_ppm": 97.8, "score_battery": 1.9664139002069778, "rank_battery": 66, "dist_to_fault_km": 2.54, "dist_to_terrane_boundary_km": 7.95, "grid_id": "96_137", "year": 1985 }, "geometry": { "type": "Point", "coordinates": [ -120.341614400000012, 53.538035289999975 ] } },
{ "type": "Feature", "properties": { "sample_id": "ID093H855372", "latitude": 53.17421035, "longitude": -120.4982631, "rock_class": "sedimentary rocks", "rock_type": "coarse clastic sedimentary rocks", "terrane": "Cassiar", "terrane_name": "Cassiar", "era": "Proterozoic", "lithium_ppm": 71.4, "cobalt_ppm": 27.4, "nickel_ppm": 54.3, "score_battery": 1.8275300247083184, "rank_battery": 120, "dist_to_fault_km": 5.93, "dist_to_terrane_boundary_km": 26.96, "grid_id": "92_136", "year": 1985 }, "geometry": { "type": "Point", "coordinates": [ -120.498263100000017, 53.17421035000001 ] } },
{ "type": "Feature", "properties": { "sample_id": "ID093H855373", "latitude": 53.1967257, "longitude": -120.4876085, "rock_class": "sedimentary rocks", "rock_type": "coarse clastic sedimentary rocks", "terrane": "Cassiar", "terrane_name": "Cassiar", "era": "Proterozoic", "lithium_ppm": 68.1, "cobalt_ppm": 20.2, "nickel_ppm": 48.0, "score_battery": 1.6052290864718632, "rank_battery": 338, "dist_to_fault_km": 8.21, "dist_to_terrane_boundary_km": 24.59, "grid_id": "92_136", "year": 1985 }, "geometry": { "type": "Point", "coordinates": [ -120.4876085, 53.1967257 ] } },
{ "type": "Feature", "properties": { "sample_id": "ID093H855375", "latitude": 53.19856779, "longitude": -120.445709, "rock_class": "sedimentary rocks", "rock_type": "coarse clastic sedimentary rocks", "terrane": "Cassiar", "terrane_name": "Cassiar", "era": "Proterozoic", "lithium_ppm": 60.0, "cobalt_ppm": 19.6, "nickel_ppm": 47.9, "score_battery": 1.5007465992975844, "rank_battery": 518, "dist_to_fault_km": 10.33, "dist_to_terrane_boundary_km": 22.61, "grid_id": "92_136", "year": 1985 }, "geometry": { "type": "Point", "coordinates": [ -120.445709, 53.19856779 ] } },
{ "type": "Feature", "properties": { "sample_id": "ID093H855376", "latitude": 53.19856779, "longitude": -120.445709, "rock_class": "sedimentary rocks", "rock_type": "coarse clastic sedimentary rocks", "terrane": "Cassiar", "terrane_name": "Cassiar", "era": "Proterozoic", "lithium_ppm": 54.9, "cobalt_ppm": 20.0, "nickel_ppm": 46.7, "score_battery": 1.4422687807590593, "rank_battery": 640, "dist_to_fault_km": 10.33, "dist_to_terrane_boundary_km": 22.61, "grid_id": "92_136", "year": 1985 }, "geometry": { "type": "Point", "coordinates": [ -120.445709, 53.19856779 ] } },
{ "type": "Feature", "properties": { "sample_id": "ID093H855388", "latitude": 53.13604126, "longitude": -120.4403456, "rock_class": "sedimentary rocks", "rock_type": "coarse clastic sedimentary rocks", "terrane": "Cassiar", "terrane_name": "Cassiar", "era": "Proterozoic", "lithium_ppm": 63.6, "cobalt_ppm": 23.6, "nickel_ppm": 56.3, "score_battery": 1.6793638105639055, "rank_battery": 240, "dist_to_fault_km": 4.78, "dist_to_terrane_boundary_km": 27.65, "grid_id": "91_137", "year": 1985 }, "geometry": { "type": "Point", "coordinates": [ -120.440345599999986, 53.13604126 ] } },
{ "type": "Feature", "properties": { "sample_id": "ID093H855389", "latitude": 53.1268426, "longitude": -120.4415951, "rock_class": "sedimentary rocks", "rock_type": "mudstone, siltstone, shale fine clastic sedimentary rocks", "terrane": "Cassiar", "terrane_name": "Cassiar", "era": "Proterozoic", "lithium_ppm": 73.5, "cobalt_ppm": 26.4, "nickel_ppm": 62.6, "score_battery": 1.8665887365723444, "rank_battery": 99, "dist_to_fault_km": 3.91, "dist_to_terrane_boundary_km": 28.48, "grid_id": "91_137", "year": 1985 }, "geometry": { "type": "Point", "coordinates": [ -120.441595100000015, 53.126842599999982 ] } },
{ "type": "Feature", "properties": { "sample_id": "ID093H855390", "latitude": 53.13458415, "longitude": -120.3795941, "rock_class": "sedimentary rocks", "rock_type": "coarse clastic sedimentary rocks", "terrane": "Cassiar", "terrane_name": "Cassiar", "era": "Proterozoic", "lithium_ppm": 64.7, "cobalt_ppm": 28.4, "nickel_ppm": 58.5, "score_battery": 1.7968983255925868, "rank_battery": 137, "dist_to_fault_km": 4.66, "dist_to_terrane_boundary_km": 25.11, "grid_id": "91_137", "year": 1985 }, "geometry": { "type": "Point", "coordinates": [ -120.37959410000002, 53.134584149999974 ] } },
{ "type": "Feature", "properties": { "sample_id": "ID093H855391", "latitude": 53.11065911, "longitude": -120.3899261, "rock_class": "sedimentary rocks", "rock_type": "coarse clastic sedimentary rocks", "terrane": "Cassiar", "terrane_name": "Cassiar", "era": "Proterozoic", "lithium_ppm": 72.4, "cobalt_ppm": 47.4, "nickel_ppm": 73.9, "score_battery": 2.2046319460944108, "rank_battery": 20, "dist_to_fault_km": 2.04, "dist_to_terrane_boundary_km": 27.58, "grid_id": "91_137", "year": 1985 }, "geometry": { "type": "Point", "coordinates": [ -120.3899261, 53.11065911 ] } },
{ "type": "Feature", "properties": { "sample_id": "ID093H855392", "latitude": 53.10696768, "longitude": -120.3938106, "rock_class": "sedimentary rocks", "rock_type": "coarse clastic sedimentary rocks", "terrane": "Cassiar", "terrane_name": "Cassiar", "era": "Proterozoic", "lithium_ppm": 72.7, "cobalt_ppm": 28.0, "nickel_ppm": 62.8, "score_battery": 1.8901206707531255, "rank_battery": 91, "dist_to_fault_km": 1.56, "dist_to_terrane_boundary_km": 28.06, "grid_id": "91_137", "year": 1985 }, "geometry": { "type": "Point", "coordinates": [ -120.3938106, 53.106967679999975 ] } },
{ "type": "Feature", "properties": { "sample_id": "ID093H855393", "latitude": 53.06242549, "longitude": -120.5166742, "rock_class": "sedimentary rocks", "rock_type": "coarse clastic sedimentary rocks", "terrane": "Cassiar", "terrane_name": "Cassiar", "era": "Proterozoic", "lithium_ppm": 39.3, "cobalt_ppm": 34.0, "nickel_ppm": 66.9, "score_battery": 1.5787335198354024, "rank_battery": 376, "dist_to_fault_km": 6.21, "dist_to_terrane_boundary_km": 29.17, "grid_id": "90_136", "year": 1985 }, "geometry": { "type": "Point", "coordinates": [ -120.516674200000011, 53.062425490000017 ] } },
{ "type": "Feature", "properties": { "sample_id": "ID093H855394", "latitude": 53.09586962, "longitude": -120.5151511, "rock_class": "sedimentary rocks", "rock_type": "coarse clastic sedimentary rocks", "terrane": "Cassiar", "terrane_name": "Cassiar", "era": "Proterozoic", "lithium_ppm": 39.4, "cobalt_ppm": 23.4, "nickel_ppm": 59.2, "score_battery": 1.3549278643234652, "rank_battery": 878, "dist_to_fault_km": 6.0, "dist_to_terrane_boundary_km": 32.55, "grid_id": "91_136", "year": 1985 }, "geometry": { "type": "Point", "coordinates": [ -120.5151511, 53.095869619999974 ] } },
{ "type": "Feature", "properties": { "sample_id": "ID093H855395", "latitude": 53.11358267, "longitude": -120.5241867, "rock_class": "sedimentary rocks", "rock_type": "coarse clastic sedimentary rocks", "terrane": "Cassiar", "terrane_name": "Cassiar", "era": "Proterozoic", "lithium_ppm": 53.0, "cobalt_ppm": 23.0, "nickel_ppm": 48.0, "score_battery": 1.4964034715065053, "rank_battery": 531, "dist_to_fault_km": 4.14, "dist_to_terrane_boundary_km": 33.21, "grid_id": "91_136", "year": 1985 }, "geometry": { "type": "Point", "coordinates": [ -120.5241867, 53.113582669999985 ] } },
{ "type": "Feature", "properties": { "sample_id": "ID093H855397", "latitude": 53.11317364, "longitude": -120.5417543, "rock_class": "sedimentary rocks", "rock_type": "coarse clastic sedimentary rocks", "terrane": "Cassiar", "terrane_name": "Cassiar", "era": "Proterozoic", "lithium_ppm": 58.4, "cobalt_ppm": 15.4, "nickel_ppm": 44.3, "score_battery": 1.3391942270838244, "rank_battery": 926, "dist_to_fault_km": 3.48, "dist_to_terrane_boundary_km": 33.47, "grid_id": "91_136", "year": 1985 }, "geometry": { "type": "Point", "coordinates": [ -120.5417543, 53.11317364 ] } },
{ "type": "Feature", "properties": { "sample_id": "ID093H855399", "latitude": 53.11092313, "longitude": -120.6194511, "rock_class": "sedimentary rocks", "rock_type": "coarse clastic sedimentary rocks", "terrane": "Cassiar", "terrane_name": "Cassiar", "era": "Proterozoic", "lithium_ppm": 51.9, "cobalt_ppm": 21.3, "nickel_ppm": 48.9, "score_battery": 1.4474285115853101, "rank_battery": 628, "dist_to_fault_km": 3.8, "dist_to_terrane_boundary_km": 31.28, "grid_id": "91_135", "year": 1985 }, "geometry": { "type": "Point", "coordinates": [ -120.61945110000002, 53.110923129999989 ] } },
{ "type": "Feature", "properties": { "sample_id": "ID093H855400", "latitude": 53.08272047, "longitude": -120.575552, "rock_class": "sedimentary rocks", "rock_type": "coarse clastic sedimentary rocks", "terrane": "Cassiar", "terrane_name": "Cassiar", "era": "Proterozoic", "lithium_ppm": 46.5, "cobalt_ppm": 25.4, "nickel_ppm": 53.4, "score_battery": 1.4846059905851419, "rank_battery": 552, "dist_to_fault_km": 6.47, "dist_to_terrane_boundary_km": 29.43, "grid_id": "91_136", "year": 1985 }, "geometry": { "type": "Point", "coordinates": [ -120.575552, 53.082720470000012 ] } },
{ "type": "Feature", "properties": { "sample_id": "ID093H855402", "latitude": 53.09924983, "longitude": -120.4614593, "rock_class": "sedimentary rocks", "rock_type": "coarse clastic sedimentary rocks", "terrane": "Cassiar", "terrane_name": "Cassiar", "era": "Proterozoic", "lithium_ppm": 73.3, "cobalt_ppm": 25.3, "nickel_ppm": 59.6, "score_battery": 1.8296658029508528, "rank_battery": 118, "dist_to_fault_km": 2.74, "dist_to_terrane_boundary_km": 31.67, "grid_id": "91_136", "year": 1985 }, "geometry": { "type": "Point", "coordinates": [ -120.4614593, 53.09924983 ] } },
{ "type": "Feature", "properties": { "sample_id": "ID093H855405", "latitude": 53.05866069, "longitude": -120.4196688, "rock_class": "sedimentary rocks", "rock_type": "coarse clastic sedimentary rocks", "terrane": "Cassiar", "terrane_name": "Cassiar", "era": "Proterozoic", "lithium_ppm": 30.0, "cobalt_ppm": 33.9, "nickel_ppm": 73.7, "score_battery": 1.4166948573456075, "rank_battery": 705, "dist_to_fault_km": 1.88, "dist_to_terrane_boundary_km": 32.24, "grid_id": "90_137", "year": 1985 }, "geometry": { "type": "Point", "coordinates": [ -120.419668800000011, 53.05866069 ] } },
{ "type": "Feature", "properties": { "sample_id": "ID093H855406", "latitude": 53.0319268, "longitude": -120.4068122, "rock_class": "sedimentary rocks", "rock_type": "coarse clastic sedimentary rocks", "terrane": "Cassiar", "terrane_name": "Cassiar", "era": "Proterozoic", "lithium_ppm": 47.2, "cobalt_ppm": 38.4, "nickel_ppm": 72.3, "score_battery": 1.7899793070617722, "rank_battery": 141, "dist_to_fault_km": 4.88, "dist_to_terrane_boundary_km": 30.48, "grid_id": "90_137", "year": 1985 }, "geometry": { "type": "Point", "coordinates": [ -120.4068122, 53.0319268 ] } },
{ "type": "Feature", "properties": { "sample_id": "ID093H855409", "latitude": 53.00482359, "longitude": -120.3601846, "rock_class": "sedimentary rocks", "rock_type": "coarse clastic sedimentary rocks", "terrane": "Cassiar", "terrane_name": "Cassiar", "era": "Proterozoic", "lithium_ppm": 43.7, "cobalt_ppm": 37.4, "nickel_ppm": 65.6, "score_battery": 1.6966859515717256, "rank_battery": 221, "dist_to_fault_km": 0.63, "dist_to_terrane_boundary_km": 30.33, "grid_id": "90_137", "year": 1985 }, "geometry": { "type": "Point", "coordinates": [ -120.3601846, 53.00482359 ] } },
{ "type": "Feature", "properties": { "sample_id": "ID093H855410", "latitude": 53.0282556, "longitude": -120.3271333, "rock_class": "sedimentary rocks", "rock_type": "coarse clastic sedimentary rocks", "terrane": "Cassiar", "terrane_name": "Cassiar", "era": "Proterozoic", "lithium_ppm": 80.2, "cobalt_ppm": 32.1, "nickel_ppm": 67.6, "score_battery": 2.0493550548154422, "rank_battery": 46, "dist_to_fault_km": 3.84, "dist_to_terrane_boundary_km": 31.84, "grid_id": "90_137", "year": 1985 }, "geometry": { "type": "Point", "coordinates": [ -120.3271333, 53.0282556 ] } },
{ "type": "Feature", "properties": { "sample_id": "ID093H855411", "latitude": 53.05325118, "longitude": -120.3282273, "rock_class": "sedimentary rocks", "rock_type": "coarse clastic sedimentary rocks", "terrane": "Cassiar", "terrane_name": "Cassiar", "era": "Proterozoic", "lithium_ppm": 73.6, "cobalt_ppm": 24.4, "nickel_ppm": 57.5, "score_battery": 1.8043449101289275, "rank_battery": 135, "dist_to_fault_km": 6.34, "dist_to_terrane_boundary_km": 29.73, "grid_id": "90_137", "year": 1985 }, "geometry": { "type": "Point", "coordinates": [ -120.3282273, 53.05325118 ] } },
{ "type": "Feature", "properties": { "sample_id": "ID093H855412", "latitude": 53.07404627, "longitude": -120.3029753, "rock_class": "sedimentary rocks", "rock_type": "coarse clastic sedimentary rocks", "terrane": "Cassiar", "terrane_name": "Cassiar", "era": "Proterozoic", "lithium_ppm": 73.1, "cobalt_ppm": 21.2, "nickel_ppm": 58.1, "score_battery": 1.7303218047543363, "rank_battery": 193, "dist_to_fault_km": 7.16, "dist_to_terrane_boundary_km": 26.87, "grid_id": "91_138", "year": 1985 }, "geometry": { "type": "Point", "coordinates": [ -120.3029753, 53.07404627 ] } },
{ "type": "Feature", "properties": { "sample_id": "ID093H855416", "latitude": 53.06729878, "longitude": -120.1860266, "rock_class": "sedimentary rocks", "rock_type": "coarse clastic sedimentary rocks", "terrane": "Cassiar", "terrane_name": "Cassiar", "era": "Proterozoic", "lithium_ppm": 60.8, "cobalt_ppm": 15.3, "nickel_ppm": 40.9, "score_battery": 1.3429077790060233, "rank_battery": 909, "dist_to_fault_km": 6.29, "dist_to_terrane_boundary_km": 22.47, "grid_id": "91_138", "year": 1985 }, "geometry": { "type": "Point", "coordinates": [ -120.1860266, 53.06729878 ] } },
{ "type": "Feature", "properties": { "sample_id": "ID093H855417", "latitude": 53.02635732, "longitude": -120.2393594, "rock_class": "sedimentary rocks", "rock_type": "coarse clastic sedimentary rocks", "terrane": "Cassiar", "terrane_name": "Cassiar", "era": "Proterozoic", "lithium_ppm": 56.9, "cobalt_ppm": 18.1, "nickel_ppm": 46.5, "score_battery": 1.4153869478098593, "rank_battery": 714, "dist_to_fault_km": 4.6, "dist_to_terrane_boundary_km": 28.27, "grid_id": "90_138", "year": 1985 }, "geometry": { "type": "Point", "coordinates": [ -120.2393594, 53.026357319999988 ] } },
{ "type": "Feature", "properties": { "sample_id": "ID093H855418", "latitude": 53.01535535, "longitude": -120.2302806, "rock_class": "sedimentary rocks", "rock_type": "coarse clastic sedimentary rocks", "terrane": "Cassiar", "terrane_name": "Cassiar", "era": "Proterozoic", "lithium_ppm": 46.0, "cobalt_ppm": 24.7, "nickel_ppm": 55.0, "score_battery": 1.470576659843075, "rank_battery": 573, "dist_to_fault_km": 4.49, "dist_to_terrane_boundary_km": 28.83, "grid_id": "90_138", "year": 1985 }, "geometry": { "type": "Point", "coordinates": [ -120.2302806, 53.015355349999979 ] } },
{ "type": "Feature", "properties": { "sample_id": "ID093H855419", "latitude": 53.01053537, "longitude": -120.241488, "rock_class": "sedimentary rocks", "rock_type": "coarse clastic sedimentary rocks", "terrane": "Cassiar", "terrane_name": "Cassiar", "era": "Proterozoic", "lithium_ppm": 55.9, "cobalt_ppm": 18.3, "nickel_ppm": 42.1, "score_battery": 1.3822244950839213, "rank_battery": 794, "dist_to_fault_km": 3.59, "dist_to_terrane_boundary_km": 29.72, "grid_id": "90_138", "year": 1985 }, "geometry": { "type": "Point", "coordinates": [ -120.241488, 53.010535369999978 ] } },
{ "type": "Feature", "properties": { "sample_id": "ID093H855422", "latitude": 53.01058663, "longitude": -120.148793, "rock_class": "sedimentary rocks", "rock_type": "coarse clastic sedimentary rocks", "terrane": "Cassiar", "terrane_name": "Cassiar", "era": "Proterozoic", "lithium_ppm": 66.8, "cobalt_ppm": 16.6, "nickel_ppm": 50.7, "score_battery": 1.5067551574476059, "rank_battery": 507, "dist_to_fault_km": 8.24, "dist_to_terrane_boundary_km": 25.76, "grid_id": "90_139", "year": 1985 }, "geometry": { "type": "Point", "coordinates": [ -120.148793, 53.01058663 ] } },
{ "type": "Feature", "properties": { "sample_id": "ID093H855475", "latitude": 53.40154253, "longitude": -120.6569305, "rock_class": "sedimentary rocks", "rock_type": "mudstone, siltstone, shale fine clastic sedimentary rocks", "terrane": "Cassiar", "terrane_name": "Cassiar", "era": "Proterozoic", "lithium_ppm": 62.6, "cobalt_ppm": 25.6, "nickel_ppm": 54.1, "score_battery": 1.6994667042256153, "rank_battery": 214, "dist_to_fault_km": 0.12, "dist_to_terrane_boundary_km": 15.9, "grid_id": "94_135", "year": 1985 }, "geometry": { "type": "Point", "coordinates": [ -120.656930500000016, 53.40154253 ] } },
{ "type": "Feature", "properties": { "sample_id": "ID093H855476", "latitude": 53.40154253, "longitude": -120.6569305, "rock_class": "sedimentary rocks", "rock_type": "mudstone, siltstone, shale fine clastic sedimentary rocks", "terrane": "Cassiar", "terrane_name": "Cassiar", "era": "Proterozoic", "lithium_ppm": 54.5, "cobalt_ppm": 28.1, "nickel_ppm": 50.8, "score_battery": 1.6339795597846671, "rank_battery": 291, "dist_to_fault_km": 0.12, "dist_to_terrane_boundary_km": 15.9, "grid_id": "94_135", "year": 1985 }, "geometry": { "type": "Point", "coordinates": [ -120.656930500000016, 53.40154253 ] } },
{ "type": "Feature", "properties": { "sample_id": "ID093H855477", "latitude": 53.37408557, "longitude": -120.6920709, "rock_class": "sedimentary rocks", "rock_type": "mudstone, siltstone, shale fine clastic sedimentary rocks", "terrane": "Cassiar", "terrane_name": "Cassiar", "era": "Proterozoic", "lithium_ppm": 61.3, "cobalt_ppm": 16.3, "nickel_ppm": 43.5, "score_battery": 1.3967974551717708, "rank_battery": 758, "dist_to_fault_km": 1.47, "dist_to_terrane_boundary_km": 19.69, "grid_id": "94_135", "year": 1985 }, "geometry": { "type": "Point", "coordinates": [ -120.6920709, 53.374085569999977 ] } },
{ "type": "Feature", "properties": { "sample_id": "ID093H855478", "latitude": 53.37295513, "longitude": -120.7075872, "rock_class": "sedimentary rocks", "rock_type": "mudstone, siltstone, shale fine clastic sedimentary rocks", "terrane": "Cassiar", "terrane_name": "Cassiar", "era": "Proterozoic", "lithium_ppm": 67.5, "cobalt_ppm": 15.7, "nickel_ppm": 38.4, "score_battery": 1.4123155841770891, "rank_battery": 720, "dist_to_fault_km": 1.81, "dist_to_terrane_boundary_km": 20.27, "grid_id": "94_135", "year": 1985 }, "geometry": { "type": "Point", "coordinates": [ -120.70758720000002, 53.372955129999966 ] } },
{ "type": "Feature", "properties": { "sample_id": "ID093H855502", "latitude": 53.24166116, "longitude": -120.6368093, "rock_class": "sedimentary rocks", "rock_type": "coarse clastic sedimentary rocks", "terrane": "Cassiar", "terrane_name": "Cassiar", "era": "Proterozoic", "lithium_ppm": 60.7, "cobalt_ppm": 18.1, "nickel_ppm": 44.1, "score_battery": 1.4464876745982518, "rank_battery": 630, "dist_to_fault_km": 4.08, "dist_to_terrane_boundary_km": 28.49, "grid_id": "92_135", "year": 1985 }, "geometry": { "type": "Point", "coordinates": [ -120.6368093, 53.241661159999985 ] } },
{ "type": "Feature", "properties": { "sample_id": "ID093H855504", "latitude": 53.23431609, "longitude": -120.6098052, "rock_class": "sedimentary rocks", "rock_type": "coarse clastic sedimentary rocks", "terrane": "Cassiar", "terrane_name": "Cassiar", "era": "Proterozoic", "lithium_ppm": 68.7, "cobalt_ppm": 21.1, "nickel_ppm": 48.3, "score_battery": 1.6352603832508865, "rank_battery": 287, "dist_to_fault_km": 4.16, "dist_to_terrane_boundary_km": 27.67, "grid_id": "92_135", "year": 1985 }, "geometry": { "type": "Point", "coordinates": [ -120.6098052, 53.234316089999979 ] } },
{ "type": "Feature", "properties": { "sample_id": "ID093H855505", "latitude": 53.22597851, "longitude": -120.5909269, "rock_class": "sedimentary rocks", "rock_type": "coarse clastic sedimentary rocks", "terrane": "Cassiar", "terrane_name": "Cassiar", "era": "Proterozoic", "lithium_ppm": 68.7, "cobalt_ppm": 23.2, "nickel_ppm": 52.6, "score_battery": 1.7064792167119318, "rank_battery": 207, "dist_to_fault_km": 4.55, "dist_to_terrane_boundary_km": 27.33, "grid_id": "92_135", "year": 1985 }, "geometry": { "type": "Point", "coordinates": [ -120.590926900000014, 53.225978509999983 ] } },
{ "type": "Feature", "properties": { "sample_id": "ID093H855506", "latitude": 53.20779518, "longitude": -120.570426, "rock_class": "sedimentary rocks", "rock_type": "coarse clastic sedimentary rocks", "terrane": "Cassiar", "terrane_name": "Cassiar", "era": "Proterozoic", "lithium_ppm": 72.8, "cobalt_ppm": 20.6, "nickel_ppm": 51.6, "score_battery": 1.6811958122342152, "rank_battery": 235, "dist_to_fault_km": 5.32, "dist_to_terrane_boundary_km": 27.62, "grid_id": "92_136", "year": 1985 }, "geometry": { "type": "Point", "coordinates": [ -120.570426, 53.207795180000012 ] } },
{ "type": "Feature", "properties": { "sample_id": "ID093H855507", "latitude": 53.21477993, "longitude": -120.5916004, "rock_class": "sedimentary rocks", "rock_type": "coarse clastic sedimentary rocks", "terrane": "Cassiar", "terrane_name": "Cassiar", "era": "Proterozoic", "lithium_ppm": 59.6, "cobalt_ppm": 16.6, "nickel_ppm": 41.0, "score_battery": 1.3706599961485781, "rank_battery": 820, "dist_to_fault_km": 4.03, "dist_to_terrane_boundary_km": 28.18, "grid_id": "92_136", "year": 1985 }, "geometry": { "type": "Point", "coordinates": [ -120.591600400000019, 53.21477993 ] } },
{ "type": "Feature", "properties": { "sample_id": "ID093H855508", "latitude": 53.1955434, "longitude": -120.6303943, "rock_class": "sedimentary rocks", "rock_type": "coarse clastic sedimentary rocks", "terrane": "Cassiar", "terrane_name": "Cassiar", "era": "Proterozoic", "lithium_ppm": 60.4, "cobalt_ppm": 18.9, "nickel_ppm": 41.2, "score_battery": 1.4469476753932722, "rank_battery": 629, "dist_to_fault_km": 1.75, "dist_to_terrane_boundary_km": 31.54, "grid_id": "92_135", "year": 1985 }, "geometry": { "type": "Point", "coordinates": [ -120.6303943, 53.1955434 ] } },
{ "type": "Feature", "properties": { "sample_id": "ID093H855509", "latitude": 53.17863074, "longitude": -120.6101497, "rock_class": "sedimentary rocks", "rock_type": "coarse clastic sedimentary rocks", "terrane": "Cassiar", "terrane_name": "Cassiar", "era": "Proterozoic", "lithium_ppm": 54.6, "cobalt_ppm": 16.6, "nickel_ppm": 43.5, "score_battery": 1.325162168218093, "rank_battery": 974, "dist_to_fault_km": 1.81, "dist_to_terrane_boundary_km": 31.76, "grid_id": "92_135", "year": 1985 }, "geometry": { "type": "Point", "coordinates": [ -120.6101497, 53.17863074 ] } },
{ "type": "Feature", "properties": { "sample_id": "ID093H855525", "latitude": 53.26986402, "longitude": -120.7638908, "rock_class": "sedimentary rocks", "rock_type": "mudstone, siltstone, shale fine clastic sedimentary rocks", "terrane": "Cassiar", "terrane_name": "Cassiar", "era": "Proterozoic", "lithium_ppm": 65.6, "cobalt_ppm": 14.5, "nickel_ppm": 33.1, "score_battery": 1.3132834110348037, "rank_battery": 1011, "dist_to_fault_km": 1.15, "dist_to_terrane_boundary_km": 32.22, "grid_id": "93_134", "year": 1985 }, "geometry": { "type": "Point", "coordinates": [ -120.763890799999984, 53.269864019999964 ] } },
{ "type": "Feature", "properties": { "sample_id": "ID093H855526", "latitude": 53.29654328, "longitude": -120.7847674, "rock_class": "sedimentary rocks", "rock_type": "mudstone, siltstone, shale fine clastic sedimentary rocks", "terrane": "Cassiar", "terrane_name": "Cassiar", "era": "Proterozoic", "lithium_ppm": 68.8, "cobalt_ppm": 21.8, "nickel_ppm": 43.6, "score_battery": 1.6257897568597075, "rank_battery": 304, "dist_to_fault_km": 2.23, "dist_to_terrane_boundary_km": 30.21, "grid_id": "93_134", "year": 1985 }, "geometry": { "type": "Point", "coordinates": [ -120.7847674, 53.29654328 ] } },
{ "type": "Feature", "properties": { "sample_id": "ID093H855529", "latitude": 53.31290638, "longitude": -120.8037067, "rock_class": "sedimentary rocks", "rock_type": "mudstone, siltstone, shale fine clastic sedimentary rocks", "terrane": "Cassiar", "terrane_name": "Cassiar", "era": "Proterozoic", "lithium_ppm": 65.9, "cobalt_ppm": 21.8, "nickel_ppm": 44.2, "score_battery": 1.5992666242607034, "rank_battery": 346, "dist_to_fault_km": 2.63, "dist_to_terrane_boundary_km": 29.28, "grid_id": "93_134", "year": 1985 }, "geometry": { "type": "Point", "coordinates": [ -120.8037067, 53.31290637999998 ] } },
{ "type": "Feature", "properties": { "sample_id": "ID093H855532", "latitude": 53.33571264, "longitude": -120.8830753, "rock_class": "sedimentary rocks", "rock_type": "mudstone, siltstone, shale fine clastic sedimentary rocks", "terrane": "Cassiar", "terrane_name": "Cassiar", "era": "Proterozoic", "lithium_ppm": 65.9, "cobalt_ppm": 15.7, "nickel_ppm": 34.7, "score_battery": 1.3687869372412891, "rank_battery": 823, "dist_to_fault_km": 2.14, "dist_to_terrane_boundary_km": 30.36, "grid_id": "93_133", "year": 1985 }, "geometry": { "type": "Point", "coordinates": [ -120.8830753, 53.335712639999976 ] } },
{ "type": "Feature", "properties": { "sample_id": "ID093H855533", "latitude": 53.31669548, "longitude": -120.8915988, "rock_class": "sedimentary rocks", "rock_type": "mudstone, siltstone, shale fine clastic sedimentary rocks", "terrane": "Cassiar", "terrane_name": "Cassiar", "era": "Proterozoic", "lithium_ppm": 70.3, "cobalt_ppm": 16.7, "nickel_ppm": 40.0, "score_battery": 1.4826703427101435, "rank_battery": 555, "dist_to_fault_km": 0.09, "dist_to_terrane_boundary_km": 29.72, "grid_id": "93_133", "year": 1985 }, "geometry": { "type": "Point", "coordinates": [ -120.8915988, 53.31669548 ] } },
{ "type": "Feature", "properties": { "sample_id": "ID093H855535", "latitude": 53.35683003, "longitude": -120.8210599, "rock_class": "sedimentary rocks", "rock_type": "mudstone, siltstone, shale fine clastic sedimentary rocks", "terrane": "Cassiar", "terrane_name": "Cassiar", "era": "Proterozoic", "lithium_ppm": 95.4, "cobalt_ppm": 21.9, "nickel_ppm": 49.7, "score_battery": 1.8922602958755907, "rank_battery": 89, "dist_to_fault_km": 4.34, "dist_to_terrane_boundary_km": 25.99, "grid_id": "94_134", "year": 1985 }, "geometry": { "type": "Point", "coordinates": [ -120.82105989999998, 53.356830029999983 ] } },
{ "type": "Feature", "properties": { "sample_id": "ID093H855536", "latitude": 53.36619455, "longitude": -120.8322012, "rock_class": "sedimentary rocks", "rock_type": "mudstone, siltstone, shale fine clastic sedimentary rocks", "terrane": "Cassiar", "terrane_name": "Cassiar", "era": "Proterozoic", "lithium_ppm": 74.7, "cobalt_ppm": 17.9, "nickel_ppm": 48.4, "score_battery": 1.6108255751362748, "rank_battery": 327, "dist_to_fault_km": 3.95, "dist_to_terrane_boundary_km": 25.61, "grid_id": "94_134", "year": 1985 }, "geometry": { "type": "Point", "coordinates": [ -120.832201200000014, 53.366194549999975 ] } },
{ "type": "Feature", "properties": { "sample_id": "ID093H855537", "latitude": 53.42905313, "longitude": -120.7223471, "rock_class": "sedimentary rocks", "rock_type": "mudstone, siltstone, shale fine clastic sedimentary rocks", "terrane": "Cassiar", "terrane_name": "Cassiar", "era": "Proterozoic", "lithium_ppm": 70.8, "cobalt_ppm": 20.4, "nickel_ppm": 46.2, "score_battery": 1.6273328295805307, "rank_battery": 300, "dist_to_fault_km": 0.07, "dist_to_terrane_boundary_km": 15.61, "grid_id": "94_134", "year": 1985 }, "geometry": { "type": "Point", "coordinates": [ -120.7223471, 53.429053129999971 ] } },
{ "type": "Feature", "properties": { "sample_id": "ID093H855538", "latitude": 53.41379515, "longitude": -120.7641698, "rock_class": "sedimentary rocks", "rock_type": "mudstone, siltstone, shale fine clastic sedimentary rocks", "terrane": "Cassiar", "terrane_name": "Cassiar", "era": "Proterozoic", "lithium_ppm": 80.7, "cobalt_ppm": 20.1, "nickel_ppm": 50.9, "score_battery": 1.7372841377440162, "rank_battery": 187, "dist_to_fault_km": 0.91, "dist_to_terrane_boundary_km": 18.65, "grid_id": "94_134", "year": 1985 }, "geometry": { "type": "Point", "coordinates": [ -120.7641698, 53.41379515 ] } },
{ "type": "Feature", "properties": { "sample_id": "ID093H855539", "latitude": 53.39802085, "longitude": -120.7648918, "rock_class": "sedimentary rocks", "rock_type": "mudstone, siltstone, shale fine clastic sedimentary rocks", "terrane": "Cassiar", "terrane_name": "Cassiar", "era": "Proterozoic", "lithium_ppm": 60.8, "cobalt_ppm": 21.1, "nickel_ppm": 46.7, "score_battery": 1.5408543569983417, "rank_battery": 434, "dist_to_fault_km": 1.56, "dist_to_terrane_boundary_km": 20.07, "grid_id": "94_134", "year": 1985 }, "geometry": { "type": "Point", "coordinates": [ -120.7648918, 53.398020849999988 ] } },
{ "type": "Feature", "properties": { "sample_id": "ID093H855548", "latitude": 53.3374025, "longitude": -120.42337, "rock_class": "sedimentary rocks", "rock_type": "mudstone, siltstone, shale fine clastic sedimentary rocks", "terrane": "Cassiar", "terrane_name": "Cassiar", "era": "Proterozoic", "lithium_ppm": 57.9, "cobalt_ppm": 23.2, "nickel_ppm": 52.1, "score_battery": 1.5843335375052494, "rank_battery": 366, "dist_to_fault_km": 0.41, "dist_to_terrane_boundary_km": 10.76, "grid_id": "94_137", "year": 1985 }, "geometry": { "type": "Point", "coordinates": [ -120.42337, 53.3374025 ] } },
{ "type": "Feature", "properties": { "sample_id": "ID093H855562", "latitude": 53.4036625, "longitude": -120.7742698, "rock_class": "sedimentary rocks", "rock_type": "mudstone, siltstone, shale fine clastic sedimentary rocks", "terrane": "Cassiar", "terrane_name": "Cassiar", "era": "Proterozoic", "lithium_ppm": 60.7, "cobalt_ppm": 19.9, "nickel_ppm": 42.2, "score_battery": 1.4829805401738612, "rank_battery": 554, "dist_to_fault_km": 1.69, "dist_to_terrane_boundary_km": 19.95, "grid_id": "94_134", "year": 1985 }, "geometry": { "type": "Point", "coordinates": [ -120.774269800000013, 53.403662499999975 ] } },
{ "type": "Feature", "properties": { "sample_id": "ID093H855563", "latitude": 53.37555206, "longitude": -120.7495456, "rock_class": "sedimentary rocks", "rock_type": "mudstone, siltstone, shale fine clastic sedimentary rocks", "terrane": "Cassiar", "terrane_name": "Cassiar", "era": "Proterozoic", "lithium_ppm": 93.6, "cobalt_ppm": 23.9, "nickel_ppm": 59.9, "score_battery": 1.9733492082489876, "rank_battery": 64, "dist_to_fault_km": 0.27, "dist_to_terrane_boundary_km": 21.47, "grid_id": "94_134", "year": 1985 }, "geometry": { "type": "Point", "coordinates": [ -120.749545600000019, 53.375552059999983 ] } },
{ "type": "Feature", "properties": { "sample_id": "ID093H855564", "latitude": 53.33915089, "longitude": -120.7458901, "rock_class": "sedimentary rocks", "rock_type": "mudstone, siltstone, shale fine clastic sedimentary rocks", "terrane": "Cassiar", "terrane_name": "Cassiar", "era": "Proterozoic", "lithium_ppm": 71.1, "cobalt_ppm": 19.3, "nickel_ppm": 43.8, "score_battery": 1.5879248998489013, "rank_battery": 360, "dist_to_fault_km": 2.93, "dist_to_terrane_boundary_km": 24.8, "grid_id": "93_134", "year": 1985 }, "geometry": { "type": "Point", "coordinates": [ -120.7458901, 53.33915089 ] } },
{ "type": "Feature", "properties": { "sample_id": "ID093H855565", "latitude": 53.34795421, "longitude": -120.7578815, "rock_class": "sedimentary rocks", "rock_type": "mudstone, siltstone, shale fine clastic sedimentary rocks", "terrane": "Cassiar", "terrane_name": "Cassiar", "era": "Proterozoic", "lithium_ppm": 78.0, "cobalt_ppm": 16.7, "nickel_ppm": 35.1, "score_battery": 1.5210141703884468, "rank_battery": 469, "dist_to_fault_km": 2.52, "dist_to_terrane_boundary_km": 24.35, "grid_id": "93_134", "year": 1985 }, "geometry": { "type": "Point", "coordinates": [ -120.7578815, 53.347954209999976 ] } },
{ "type": "Feature", "properties": { "sample_id": "ID093H855566", "latitude": 53.33112582, "longitude": -120.714908, "rock_class": "sedimentary rocks", "rock_type": "mudstone, siltstone, shale fine clastic sedimentary rocks", "terrane": "Cassiar", "terrane_name": "Cassiar", "era": "Proterozoic", "lithium_ppm": 53.8, "cobalt_ppm": 33.4, "nickel_ppm": 59.7, "score_battery": 1.7574312976048447, "rank_battery": 170, "dist_to_fault_km": 3.76, "dist_to_terrane_boundary_km": 24.65, "grid_id": "93_135", "year": 1985 }, "geometry": { "type": "Point", "coordinates": [ -120.714908, 53.33112582 ] } },
{ "type": "Feature", "properties": { "sample_id": "ID093H855569", "latitude": 53.30412449, "longitude": -120.6514473, "rock_class": "sedimentary rocks", "rock_type": "mudstone, siltstone, shale fine clastic sedimentary rocks", "terrane": "Cassiar", "terrane_name": "Cassiar", "era": "Proterozoic", "lithium_ppm": 69.0, "cobalt_ppm": 17.5, "nickel_ppm": 46.3, "score_battery": 1.5319945059256406, "rank_battery": 451, "dist_to_fault_km": 6.38, "dist_to_terrane_boundary_km": 24.66, "grid_id": "93_135", "year": 1985 }, "geometry": { "type": "Point", "coordinates": [ -120.651447299999987, 53.304124489999978 ] } },
{ "type": "Feature", "properties": { "sample_id": "ID093H855571", "latitude": 53.32327625, "longitude": -120.651026, "rock_class": "sedimentary rocks", "rock_type": "mudstone, siltstone, shale fine clastic sedimentary rocks", "terrane": "Cassiar", "terrane_name": "Cassiar", "era": "Proterozoic", "lithium_ppm": 69.1, "cobalt_ppm": 22.6, "nickel_ppm": 46.9, "score_battery": 1.6666334101820524, "rank_battery": 255, "dist_to_fault_km": 4.42, "dist_to_terrane_boundary_km": 23.24, "grid_id": "93_135", "year": 1985 }, "geometry": { "type": "Point", "coordinates": [ -120.651026, 53.32327625 ] } },
{ "type": "Feature", "properties": { "sample_id": "ID093H855572", "latitude": 53.35379303, "longitude": -120.6469733, "rock_class": "sedimentary rocks", "rock_type": "mudstone, siltstone, shale fine clastic sedimentary rocks", "terrane": "Cassiar", "terrane_name": "Cassiar", "era": "Proterozoic", "lithium_ppm": 62.5, "cobalt_ppm": 17.9, "nickel_ppm": 48.0, "score_battery": 1.483774496280919, "rank_battery": 553, "dist_to_fault_km": 1.46, "dist_to_terrane_boundary_km": 20.34, "grid_id": "94_135", "year": 1985 }, "geometry": { "type": "Point", "coordinates": [ -120.646973300000013, 53.35379303 ] } },
{ "type": "Feature", "properties": { "sample_id": "ID093H855573", "latitude": 53.42364573, "longitude": -120.7019699, "rock_class": "sedimentary rocks", "rock_type": "mudstone, siltstone, shale fine clastic sedimentary rocks", "terrane": "Cassiar", "terrane_name": "Cassiar", "era": "Proterozoic", "lithium_ppm": 67.2, "cobalt_ppm": 25.6, "nickel_ppm": 50.6, "score_battery": 1.7312814227838018, "rank_battery": 192, "dist_to_fault_km": 0.35, "dist_to_terrane_boundary_km": 15.27, "grid_id": "94_135", "year": 1985 }, "geometry": { "type": "Point", "coordinates": [ -120.7019699, 53.423645729999969 ] } },
{ "type": "Feature", "properties": { "sample_id": "ID093H855574", "latitude": 53.4421867, "longitude": -120.6792846, "rock_class": "sedimentary rocks", "rock_type": "mudstone, siltstone, shale fine clastic sedimentary rocks", "terrane": "Cassiar", "terrane_name": "Cassiar", "era": "Proterozoic", "lithium_ppm": 65.1, "cobalt_ppm": 34.3, "nickel_ppm": 53.1, "score_battery": 1.8732195635269406, "rank_battery": 95, "dist_to_fault_km": 0.17, "dist_to_terrane_boundary_km": 12.71, "grid_id": "95_135", "year": 1985 }, "geometry": { "type": "Point", "coordinates": [ -120.6792846, 53.442186699999965 ] } },
{ "type": "Feature", "properties": { "sample_id": "ID093K021011", "latitude": 54.85935, "longitude": -125.39086, "rock_class": "sedimentary rocks", "rock_type": "undivided sedimentary rocks", "terrane": "Cache Creek", "terrane_name": "Cache Creek", "era": "Mesozoic", "lithium_ppm": null, "cobalt_ppm": 33.0, "nickel_ppm": 436.5, "score_battery": 1.3544041993879004, "rank_battery": 880, "dist_to_fault_km": 0.58, "dist_to_terrane_boundary_km": 17.99, "grid_id": "109_103", "year": 2002 }, "geometry": { "type": "Point", "coordinates": [ -125.39086, 54.85935 ] } },
{ "type": "Feature", "properties": { "sample_id": "ID093K021015", "latitude": 54.90361, "longitude": -125.23801, "rock_class": "sedimentary rocks", "rock_type": "undivided sedimentary rocks", "terrane": "Cache Creek", "terrane_name": "Cache Creek", "era": "Paleozoic to Mesozoic", "lithium_ppm": null, "cobalt_ppm": 39.4, "nickel_ppm": 739.3, "score_battery": 1.5892502247965892, "rank_battery": 358, "dist_to_fault_km": 0.24, "dist_to_terrane_boundary_km": 18.75, "grid_id": "110_104", "year": 2002 }, "geometry": { "type": "Point", "coordinates": [ -125.23801, 54.90361 ] } },
{ "type": "Feature", "properties": { "sample_id": "ID093K021016", "latitude": 54.92318, "longitude": -125.29885, "rock_class": "metamorphic rocks", "rock_type": "serpentinite ultramafic rocks", "terrane": "Cache Creek", "terrane_name": "Cache Creek", "era": "Paleozoic to Mesozoic", "lithium_ppm": null, "cobalt_ppm": 57.2, "nickel_ppm": 913.8, "score_battery": 1.8418621479007951, "rank_battery": 112, "dist_to_fault_km": 0.77, "dist_to_terrane_boundary_km": 20.09, "grid_id": "110_104", "year": 2002 }, "geometry": { "type": "Point", "coordinates": [ -125.29885, 54.92318 ] } },
{ "type": "Feature", "properties": { "sample_id": "ID093K021429", "latitude": 54.55409, "longitude": -124.15966, "rock_class": "sedimentary rocks", "rock_type": "argillite, greywacke, wacke, conglomerate turbidites", "terrane": "Cache Creek", "terrane_name": "Cache Creek", "era": "Mesozoic", "lithium_ppm": null, "cobalt_ppm": 63.8, "nickel_ppm": 1246.5, "score_battery": 1.9834130800897922, "rank_battery": 62, "dist_to_fault_km": 0.08, "dist_to_terrane_boundary_km": 6.45, "grid_id": "106_111", "year": 2002 }, "geometry": { "type": "Point", "coordinates": [ -124.15966, 54.55409 ] } },
{ "type": "Feature", "properties": { "sample_id": "ID093K021430", "latitude": 54.52989, "longitude": -124.12608, "rock_class": "ultramafic rocks", "rock_type": "ultramafic rocks", "terrane": "Cache Creek", "terrane_name": "Cache Creek", "era": "Paleozoic to Mesozoic", "lithium_ppm": null, "cobalt_ppm": 33.1, "nickel_ppm": 544.8, "score_battery": 1.4159437297428972, "rank_battery": 709, "dist_to_fault_km": 0.74, "dist_to_terrane_boundary_km": 4.95, "grid_id": "106_112", "year": 2002 }, "geometry": { "type": "Point", "coordinates": [ -124.12608, 54.52989 ] } },
{ "type": "Feature", "properties": { "sample_id": "ID093K023093", "latitude": 54.90682, "longitude": -125.38967, "rock_class": "ultramafic rocks", "rock_type": "ultramafic rocks", "terrane": "Cache Creek", "terrane_name": "Cache Creek", "era": "Paleozoic to Mesozoic", "lithium_ppm": null, "cobalt_ppm": 85.2, "nickel_ppm": 1539.7, "score_battery": 2.1932571636735552, "rank_battery": 24, "dist_to_fault_km": 0.9, "dist_to_terrane_boundary_km": 18.92, "grid_id": "110_103", "year": 2002 }, "geometry": { "type": "Point", "coordinates": [ -125.38967, 54.90682 ] } },
{ "type": "Feature", "properties": { "sample_id": "ID093K023094", "latitude": 54.88222, "longitude": -125.39486, "rock_class": "metamorphic rocks", "rock_type": "serpentinite ultramafic rocks", "terrane": "Cache Creek", "terrane_name": "Cache Creek", "era": "Paleozoic to Mesozoic", "lithium_ppm": null, "cobalt_ppm": 33.7, "nickel_ppm": 412.6, "score_battery": 1.3500708852403893, "rank_battery": 891, "dist_to_fault_km": 0.42, "dist_to_terrane_boundary_km": 18.15, "grid_id": "109_103", "year": 2002 }, "geometry": { "type": "Point", "coordinates": [ -125.39486, 54.88222 ] } },
{ "type": "Feature", "properties": { "sample_id": "ID093K023097", "latitude": 54.91348, "longitude": -125.62954, "rock_class": "metamorphic rocks", "rock_type": "greenstone, greenschist metamorphic rocks", "terrane": "Cache Creek", "terrane_name": "Cache Creek", "era": "Paleozoic to Mesozoic", "lithium_ppm": null, "cobalt_ppm": 36.3, "nickel_ppm": 902.4, "score_battery": 1.6005410200513777, "rank_battery": 344, "dist_to_fault_km": 0.47, "dist_to_terrane_boundary_km": 4.4, "grid_id": "110_102", "year": 2002 }, "geometry": { "type": "Point", "coordinates": [ -125.62954, 54.91348 ] } },
{ "type": "Feature", "properties": { "sample_id": "ID093K023137", "latitude": 54.90998, "longitude": -125.42457, "rock_class": "ultramafic rocks", "rock_type": "ultramafic rocks", "terrane": "Cache Creek", "terrane_name": "Cache Creek", "era": "Paleozoic to Mesozoic", "lithium_ppm": null, "cobalt_ppm": 44.5, "nickel_ppm": 587.4, "score_battery": 1.5905605002371752, "rank_battery": 356, "dist_to_fault_km": 0.16, "dist_to_terrane_boundary_km": 16.79, "grid_id": "110_103", "year": 2002 }, "geometry": { "type": "Point", "coordinates": [ -125.42457, 54.90998 ] } },
{ "type": "Feature", "properties": { "sample_id": "ID093K023139", "latitude": 54.92283, "longitude": -125.37054, "rock_class": "ultramafic rocks", "rock_type": "ultramafic rocks", "terrane": "Cache Creek", "terrane_name": "Cache Creek", "era": "Paleozoic to Mesozoic", "lithium_ppm": null, "cobalt_ppm": 61.8, "nickel_ppm": 1089.7, "score_battery": 1.9302277139316886, "rank_battery": 76, "dist_to_fault_km": 2.47, "dist_to_terrane_boundary_km": 20.47, "grid_id": "110_104", "year": 2002 }, "geometry": { "type": "Point", "coordinates": [ -125.37054, 54.92283 ] } },
{ "type": "Feature", "properties": { "sample_id": "ID093K023140", "latitude": 54.91453, "longitude": -125.41365, "rock_class": "ultramafic rocks", "rock_type": "ultramafic rocks", "terrane": "Cache Creek", "terrane_name": "Cache Creek", "era": "Paleozoic to Mesozoic", "lithium_ppm": null, "cobalt_ppm": 46.1, "nickel_ppm": 1065.7, "score_battery": 1.7703472203132304, "rank_battery": 158, "dist_to_fault_km": 0.34, "dist_to_terrane_boundary_km": 17.57, "grid_id": "110_103", "year": 2002 }, "geometry": { "type": "Point", "coordinates": [ -125.41365, 54.91453 ] } },
{ "type": "Feature", "properties": { "sample_id": "ID093K023148", "latitude": 54.98068, "longitude": -125.69837, "rock_class": "metamorphic rocks", "rock_type": "greenstone, greenschist metamorphic rocks", "terrane": "Cache Creek", "terrane_name": "Cache Creek", "era": "Paleozoic to Mesozoic", "lithium_ppm": null, "cobalt_ppm": 26.1, "nickel_ppm": 814.2, "score_battery": 1.4018447751151648, "rank_battery": 742, "dist_to_fault_km": 0.22, "dist_to_terrane_boundary_km": 2.82, "grid_id": "110_101", "year": 2002 }, "geometry": { "type": "Point", "coordinates": [ -125.69837, 54.98068 ] } },
{ "type": "Feature", "properties": { "sample_id": "ID093K023155", "latitude": 54.94975, "longitude": -125.66202, "rock_class": "metamorphic rocks", "rock_type": "serpentinite ultramafic rocks", "terrane": "Cache Creek", "terrane_name": "Cache Creek", "era": "Paleozoic to Mesozoic", "lithium_ppm": null, "cobalt_ppm": 42.4, "nickel_ppm": 277.5, "score_battery": 1.3624830331519382, "rank_battery": 846, "dist_to_fault_km": 0.11, "dist_to_terrane_boundary_km": 3.83, "grid_id": "110_102", "year": 2002 }, "geometry": { "type": "Point", "coordinates": [ -125.66202, 54.94975 ] } },
{ "type": "Feature", "properties": { "sample_id": "ID093K023160", "latitude": 54.9079, "longitude": -125.42259, "rock_class": "ultramafic rocks", "rock_type": "ultramafic rocks", "terrane": "Cache Creek", "terrane_name": "Cache Creek", "era": "Paleozoic to Mesozoic", "lithium_ppm": null, "cobalt_ppm": 52.5, "nickel_ppm": 798.1, "score_battery": 1.7601684124290395, "rank_battery": 168, "dist_to_fault_km": 0.03, "dist_to_terrane_boundary_km": 16.87, "grid_id": "110_103", "year": 2002 }, "geometry": { "type": "Point", "coordinates": [ -125.42259, 54.9079 ] } },
{ "type": "Feature", "properties": { "sample_id": "ID093K023165", "latitude": 54.89, "longitude": -125.43488, "rock_class": "metamorphic rocks", "rock_type": "serpentinite ultramafic rocks", "terrane": "Cache Creek", "terrane_name": "Cache Creek", "era": "Paleozoic to Mesozoic", "lithium_ppm": null, "cobalt_ppm": 40.0, "nickel_ppm": 518.0, "score_battery": 1.5008394528577353, "rank_battery": 517, "dist_to_fault_km": 0.14, "dist_to_terrane_boundary_km": 15.77, "grid_id": "109_103", "year": 2002 }, "geometry": { "type": "Point", "coordinates": [ -125.43488, 54.89 ] } },
{ "type": "Feature", "properties": { "sample_id": "ID093K023167", "latitude": 54.87462, "longitude": -125.34882, "rock_class": "ultramafic rocks", "rock_type": "ultramafic rocks", "terrane": "Cache Creek", "terrane_name": "Cache Creek", "era": "Paleozoic to Mesozoic", "lithium_ppm": null, "cobalt_ppm": 30.9, "nickel_ppm": 602.7, "score_battery": 1.4076155774963244, "rank_battery": 730, "dist_to_fault_km": 0.53, "dist_to_terrane_boundary_km": 20.92, "grid_id": "109_104", "year": 2002 }, "geometry": { "type": "Point", "coordinates": [ -125.34882, 54.87462 ] } },
{ "type": "Feature", "properties": { "sample_id": "ID093K023209", "latitude": 54.91161, "longitude": -125.48037, "rock_class": "metamorphic rocks", "rock_type": "greenstone, greenschist metamorphic rocks", "terrane": "Cache Creek", "terrane_name": "Cache Creek", "era": "Paleozoic to Mesozoic", "lithium_ppm": null, "cobalt_ppm": 34.9, "nickel_ppm": 446.2, "score_battery": 1.3894298362763133, "rank_battery": 778, "dist_to_fault_km": 0.19, "dist_to_terrane_boundary_km": 13.35, "grid_id": "110_103", "year": 2002 }, "geometry": { "type": "Point", "coordinates": [ -125.48037, 54.91161 ] } },
{ "type": "Feature", "properties": { "sample_id": "ID093K023218", "latitude": 54.87309, "longitude": -125.32195, "rock_class": "ultramafic rocks", "rock_type": "ultramafic rocks", "terrane": "Cache Creek", "terrane_name": "Cache Creek", "era": "Paleozoic to Mesozoic", "lithium_ppm": null, "cobalt_ppm": 66.4, "nickel_ppm": 1179.2, "score_battery": 1.9894145528253258, "rank_battery": 58, "dist_to_fault_km": 0.19, "dist_to_terrane_boundary_km": 22.59, "grid_id": "109_104", "year": 2002 }, "geometry": { "type": "Point", "coordinates": [ -125.32195, 54.87309 ] } },
{ "type": "Feature", "properties": { "sample_id": "ID093N831725", "latitude": 55.804, "longitude": -125.77983, "rock_class": "sedimentary rocks", "rock_type": "mudstone, siltstone, shale fine clastic sedimentary rocks", "terrane": "Cache Creek", "terrane_name": "Cache Creek", "era": "Paleozoic to Mesozoic", "lithium_ppm": null, "cobalt_ppm": 31.9, "nickel_ppm": 398.7, "score_battery": 1.3123157095886622, "rank_battery": 1015, "dist_to_fault_km": 1.19, "dist_to_terrane_boundary_km": 9.92, "grid_id": "120_101", "year": 1983 }, "geometry": { "type": "Point", "coordinates": [ -125.77983, 55.804 ] } },
{ "type": "Feature", "properties": { "sample_id": "ID093N831726", "latitude": 55.804, "longitude": -125.77983, "rock_class": "sedimentary rocks", "rock_type": "mudstone, siltstone, shale fine clastic sedimentary rocks", "terrane": "Cache Creek", "terrane_name": "Cache Creek", "era": "Paleozoic to Mesozoic", "lithium_ppm": null, "cobalt_ppm": 35.3, "nickel_ppm": 446.0, "score_battery": 1.3952341925467591, "rank_battery": 762, "dist_to_fault_km": 1.19, "dist_to_terrane_boundary_km": 9.92, "grid_id": "120_101", "year": 1983 }, "geometry": { "type": "Point", "coordinates": [ -125.77983, 55.804 ] } },
{ "type": "Feature", "properties": { "sample_id": "ID093N831727", "latitude": 55.80687, "longitude": -125.80785, "rock_class": "metamorphic rocks", "rock_type": "serpentinite ultramafic rocks", "terrane": "Cache Creek", "terrane_name": "Cache Creek", "era": "Paleozoic to Mesozoic", "lithium_ppm": null, "cobalt_ppm": 45.0, "nickel_ppm": 528.1, "score_battery": 1.5676024441033749, "rank_battery": 393, "dist_to_fault_km": 0.15, "dist_to_terrane_boundary_km": 10.76, "grid_id": "120_101", "year": 1983 }, "geometry": { "type": "Point", "coordinates": [ -125.80785, 55.80687 ] } },
{ "type": "Feature", "properties": { "sample_id": "ID093N831734", "latitude": 55.85745, "longitude": -125.91638, "rock_class": "metamorphic rocks", "rock_type": "serpentinite ultramafic rocks", "terrane": "Cache Creek", "terrane_name": "Cache Creek", "era": "Paleozoic to Mesozoic", "lithium_ppm": null, "cobalt_ppm": 69.8, "nickel_ppm": 1046.6, "score_battery": 1.983418736313713, "rank_battery": 61, "dist_to_fault_km": 1.76, "dist_to_terrane_boundary_km": 8.79, "grid_id": "120_100", "year": 1983 }, "geometry": { "type": "Point", "coordinates": [ -125.91638, 55.85745 ] } },
{ "type": "Feature", "properties": { "sample_id": "ID093N831737", "latitude": 55.87646, "longitude": -125.86373, "rock_class": "sedimentary rocks", "rock_type": "mudstone, siltstone, shale fine clastic sedimentary rocks", "terrane": "Cache Creek", "terrane_name": "Cache Creek", "era": "Paleozoic to Mesozoic", "lithium_ppm": null, "cobalt_ppm": 48.2, "nickel_ppm": 631.3, "score_battery": 1.6518807840661065, "rank_battery": 264, "dist_to_fault_km": 0.03, "dist_to_terrane_boundary_km": 6.8, "grid_id": "120_100", "year": 1983 }, "geometry": { "type": "Point", "coordinates": [ -125.86373, 55.87646 ] } },
{ "type": "Feature", "properties": { "sample_id": "ID093N831738", "latitude": 55.87452, "longitude": -125.86929, "rock_class": "metamorphic rocks", "rock_type": "serpentinite ultramafic rocks", "terrane": "Cache Creek", "terrane_name": "Cache Creek", "era": "Paleozoic to Mesozoic", "lithium_ppm": null, "cobalt_ppm": 39.3, "nickel_ppm": 492.0, "score_battery": 1.4776951543600338, "rank_battery": 558, "dist_to_fault_km": 0.38, "dist_to_terrane_boundary_km": 7.19, "grid_id": "120_100", "year": 1983 }, "geometry": { "type": "Point", "coordinates": [ -125.86929, 55.87452 ] } },
{ "type": "Feature", "properties": { "sample_id": "ID093N831748", "latitude": 55.7306, "longitude": -125.79769, "rock_class": "intrusive rocks", "rock_type": "gabbroic to dioritic intrusive rocks", "terrane": "Cache Creek", "terrane_name": "Cache Creek", "era": "Paleozoic to Mesozoic", "lithium_ppm": null, "cobalt_ppm": 42.6, "nickel_ppm": 416.1, "score_battery": 1.4744561549951607, "rank_battery": 564, "dist_to_fault_km": 0.06, "dist_to_terrane_boundary_km": 11.2, "grid_id": "119_101", "year": 1983 }, "geometry": { "type": "Point", "coordinates": [ -125.79769, 55.7306 ] } },
{ "type": "Feature", "properties": { "sample_id": "ID093N831766", "latitude": 55.64006, "longitude": -125.81066, "rock_class": "sedimentary rocks", "rock_type": "undivided sedimentary rocks", "terrane": "Cache Creek", "terrane_name": "Cache Creek", "era": "Mesozoic", "lithium_ppm": null, "cobalt_ppm": 58.5, "nickel_ppm": 188.2, "score_battery": 1.4263911988582496, "rank_battery": 677, "dist_to_fault_km": 0.31, "dist_to_terrane_boundary_km": 8.32, "grid_id": "118_101", "year": 1983 }, "geometry": { "type": "Point", "coordinates": [ -125.81066, 55.64006 ] } },
{ "type": "Feature", "properties": { "sample_id": "ID093N831767", "latitude": 55.67615, "longitude": -125.77495, "rock_class": "metamorphic rocks", "rock_type": "serpentinite ultramafic rocks", "terrane": "Cache Creek", "terrane_name": "Cache Creek", "era": "Paleozoic to Mesozoic", "lithium_ppm": null, "cobalt_ppm": 38.3, "nickel_ppm": 395.2, "score_battery": 1.404989845326531, "rank_battery": 735, "dist_to_fault_km": 0.69, "dist_to_terrane_boundary_km": 11.34, "grid_id": "118_101", "year": 1983 }, "geometry": { "type": "Point", "coordinates": [ -125.77495, 55.67615 ] } },
{ "type": "Feature", "properties": { "sample_id": "ID093N831769", "latitude": 55.67615, "longitude": -125.77495, "rock_class": "metamorphic rocks", "rock_type": "serpentinite ultramafic rocks", "terrane": "Cache Creek", "terrane_name": "Cache Creek", "era": "Paleozoic to Mesozoic", "lithium_ppm": null, "cobalt_ppm": 40.9, "nickel_ppm": 402.8, "score_battery": 1.4444005525256527, "rank_battery": 637, "dist_to_fault_km": 0.69, "dist_to_terrane_boundary_km": 11.34, "grid_id": "118_101", "year": 1983 }, "geometry": { "type": "Point", "coordinates": [ -125.77495, 55.67615 ] } },
{ "type": "Feature", "properties": { "sample_id": "ID093N831845", "latitude": 55.28877, "longitude": -125.4389, "rock_class": "sedimentary rocks", "rock_type": "mudstone, siltstone, shale fine clastic sedimentary rocks", "terrane": "Cache Creek", "terrane_name": "Cache Creek", "era": "Paleozoic to Mesozoic", "lithium_ppm": null, "cobalt_ppm": 46.3, "nickel_ppm": 590.9, "score_battery": 1.6129170618554183, "rank_battery": 324, "dist_to_fault_km": 0.1, "dist_to_terrane_boundary_km": 12.55, "grid_id": "114_103", "year": 1983 }, "geometry": { "type": "Point", "coordinates": [ -125.4389, 55.28877 ] } },
{ "type": "Feature", "properties": { "sample_id": "ID093N833085", "latitude": 55.22089, "longitude": -125.46594, "rock_class": "ultramafic rocks", "rock_type": "ultramafic rocks", "terrane": "Cache Creek", "terrane_name": "Cache Creek", "era": "Paleozoic to Mesozoic", "lithium_ppm": null, "cobalt_ppm": 51.4, "nickel_ppm": 771.4, "score_battery": 1.7398440527635612, "rank_battery": 185, "dist_to_fault_km": 0.37, "dist_to_terrane_boundary_km": 16.26, "grid_id": "113_103", "year": 1983 }, "geometry": { "type": "Point", "coordinates": [ -125.46594, 55.22089 ] } },
{ "type": "Feature", "properties": { "sample_id": "ID093N833086", "latitude": 55.24163, "longitude": -125.45601, "rock_class": "ultramafic rocks", "rock_type": "ultramafic rocks", "terrane": "Cache Creek", "terrane_name": "Cache Creek", "era": "Paleozoic to Mesozoic", "lithium_ppm": null, "cobalt_ppm": 31.1, "nickel_ppm": 588.3, "score_battery": 1.4044122022393495, "rank_battery": 736, "dist_to_fault_km": 0.63, "dist_to_terrane_boundary_km": 15.05, "grid_id": "113_103", "year": 1983 }, "geometry": { "type": "Point", "coordinates": [ -125.45601, 55.24163 ] } },
{ "type": "Feature", "properties": { "sample_id": "ID093N833087", "latitude": 55.25562, "longitude": -125.45372, "rock_class": "ultramafic rocks", "rock_type": "ultramafic rocks", "terrane": "Cache Creek", "terrane_name": "Cache Creek", "era": "Paleozoic to Mesozoic", "lithium_ppm": null, "cobalt_ppm": 85.4, "nickel_ppm": 1049.7, "score_battery": 2.0907106794796784, "rank_battery": 37, "dist_to_fault_km": 0.09, "dist_to_terrane_boundary_km": 14.5, "grid_id": "113_103", "year": 1983 }, "geometry": { "type": "Point", "coordinates": [ -125.45372, 55.25562 ] } },
{ "type": "Feature", "properties": { "sample_id": "ID093N833151", "latitude": 55.407, "longitude": -125.5107, "rock_class": "sedimentary rocks", "rock_type": "mudstone, siltstone, shale fine clastic sedimentary rocks", "terrane": "Cache Creek", "terrane_name": "Cache Creek", "era": "Paleozoic to Mesozoic", "lithium_ppm": null, "cobalt_ppm": 35.8, "nickel_ppm": 458.1, "score_battery": 1.4097920097291741, "rank_battery": 727, "dist_to_fault_km": 0.74, "dist_to_terrane_boundary_km": 12.7, "grid_id": "115_103", "year": 1983 }, "geometry": { "type": "Point", "coordinates": [ -125.5107, 55.407 ] } },
{ "type": "Feature", "properties": { "sample_id": "ID093N833159", "latitude": 55.46431, "longitude": -125.59875, "rock_class": "metamorphic rocks", "rock_type": "serpentinite ultramafic rocks", "terrane": "Cache Creek", "terrane_name": "Cache Creek", "era": "Paleozoic to Mesozoic", "lithium_ppm": null, "cobalt_ppm": 41.0, "nickel_ppm": 506.5, "score_battery": 1.5076510227858919, "rank_battery": 501, "dist_to_fault_km": 0.29, "dist_to_terrane_boundary_km": 16.0, "grid_id": "116_102", "year": 1983 }, "geometry": { "type": "Point", "coordinates": [ -125.59875, 55.46431 ] } },
{ "type": "Feature", "properties": { "sample_id": "ID093N833187", "latitude": 55.63963, "longitude": -125.748, "rock_class": "metamorphic rocks", "rock_type": "serpentinite ultramafic rocks", "terrane": "Cache Creek", "terrane_name": "Cache Creek", "era": "Paleozoic to Mesozoic", "lithium_ppm": null, "cobalt_ppm": 88.6, "nickel_ppm": 935.2, "score_battery": 2.0788749855092701, "rank_battery": 43, "dist_to_fault_km": 0.24, "dist_to_terrane_boundary_km": 12.16, "grid_id": "118_101", "year": 1983 }, "geometry": { "type": "Point", "coordinates": [ -125.748, 55.63963 ] } },
{ "type": "Feature", "properties": { "sample_id": "ID093N833191", "latitude": 55.60631, "longitude": -125.77927, "rock_class": "sedimentary rocks", "rock_type": "undivided sedimentary rocks", "terrane": "Cache Creek", "terrane_name": "Cache Creek", "era": "Mesozoic", "lithium_ppm": null, "cobalt_ppm": 94.8, "nickel_ppm": 1154.7, "score_battery": 2.1717661671718158, "rank_battery": 28, "dist_to_fault_km": 0.22, "dist_to_terrane_boundary_km": 9.96, "grid_id": "117_101", "year": 1983 }, "geometry": { "type": "Point", "coordinates": [ -125.77927, 55.60631 ] } },
{ "type": "Feature", "properties": { "sample_id": "ID094C971166", "latitude": 56.27534, "longitude": -124.72203, "rock_class": "sedimentary rocks", "rock_type": "argillite, greywacke, wacke, conglomerate turbidites", "terrane": "Cassiar", "terrane_name": "Cassiar", "era": "Proterozoic", "lithium_ppm": 54.9, "cobalt_ppm": 47.2, "nickel_ppm": 133.1, "score_battery": 2.1668485796727235, "rank_battery": 30, "dist_to_fault_km": 3.21, "dist_to_terrane_boundary_km": 21.11, "grid_id": "125_107", "year": 1997 }, "geometry": { "type": "Point", "coordinates": [ -124.72203, 56.27534 ] } },
{ "type": "Feature", "properties": { "sample_id": "ID094C971245", "latitude": 56.63026, "longitude": -124.80593, "rock_class": "sedimentary rocks", "rock_type": "argillite, greywacke, wacke, conglomerate turbidites", "terrane": "Cassiar", "terrane_name": "Cassiar", "era": "Proterozoic", "lithium_ppm": 26.6, "cobalt_ppm": 44.8, "nickel_ppm": 135.4, "score_battery": 1.6427726454511231, "rank_battery": 278, "dist_to_fault_km": 11.16, "dist_to_terrane_boundary_km": 10.93, "grid_id": "129_107", "year": 1997 }, "geometry": { "type": "Point", "coordinates": [ -124.80593, 56.63026 ] } },
{ "type": "Feature", "properties": { "sample_id": "ID094C971342", "latitude": 56.74835, "longitude": -124.54288, "rock_class": "metamorphic rocks", "rock_type": "greenstone, greenschist metamorphic rocks", "terrane": "North America - platformal strata", "terrane_name": "North America - basinal strata", "era": "Proterozoic", "lithium_ppm": 54.3, "cobalt_ppm": 18.7, "nickel_ppm": 41.9, "score_battery": 1.3716709997157794, "rank_battery": 817, "dist_to_fault_km": 5.12, "dist_to_terrane_boundary_km": 9.79, "grid_id": "130_108", "year": 1997 }, "geometry": { "type": "Point", "coordinates": [ -124.54288, 56.74835 ] } },
{ "type": "Feature", "properties": { "sample_id": "ID094C971402", "latitude": 56.47479, "longitude": -125.56574, "rock_class": "sedimentary rocks", "rock_type": "mudstone, siltstone, shale fine clastic sedimentary rocks", "terrane": "Cassiar", "terrane_name": "Quesnellia", "era": "Paleozoic", "lithium_ppm": 20.0, "cobalt_ppm": 45.3, "nickel_ppm": 551.9, "score_battery": 1.8339074093229772, "rank_battery": 116, "dist_to_fault_km": 0.05, "dist_to_terrane_boundary_km": 0.65, "grid_id": "127_102", "year": 1997 }, "geometry": { "type": "Point", "coordinates": [ -125.56574, 56.47479 ] } },
{ "type": "Feature", "properties": { "sample_id": "ID094C971409", "latitude": 56.61329, "longitude": -125.72218, "rock_class": "sedimentary rocks", "rock_type": "argillite, greywacke, wacke, conglomerate turbidites", "terrane": "Cassiar", "terrane_name": "Cassiar", "era": "Proterozoic", "lithium_ppm": 22.6, "cobalt_ppm": 45.0, "nickel_ppm": 105.1, "score_battery": 1.4657619848093237, "rank_battery": 580, "dist_to_fault_km": 5.32, "dist_to_terrane_boundary_km": 3.76, "grid_id": "129_101", "year": 1997 }, "geometry": { "type": "Point", "coordinates": [ -125.72218, 56.61329 ] } },
{ "type": "Feature", "properties": { "sample_id": "ID094C971432", "latitude": 56.59894, "longitude": -125.62426, "rock_class": "sedimentary rocks", "rock_type": "argillite, greywacke, wacke, conglomerate turbidites", "terrane": "Cassiar", "terrane_name": "Cassiar", "era": "Proterozoic", "lithium_ppm": 30.1, "cobalt_ppm": 41.9, "nickel_ppm": 109.1, "score_battery": 1.6345306061959357, "rank_battery": 289, "dist_to_fault_km": 5.5, "dist_to_terrane_boundary_km": 5.42, "grid_id": "128_102", "year": 1997 }, "geometry": { "type": "Point", "coordinates": [ -125.62426, 56.59894 ] } },
{ "type": "Feature", "properties": { "sample_id": "ID094C973014", "latitude": 56.4242, "longitude": -125.24389, "rock_class": "sedimentary rocks", "rock_type": "argillite, greywacke, wacke, conglomerate turbidites", "terrane": "Cassiar", "terrane_name": "Cassiar", "era": "Proterozoic", "lithium_ppm": 67.1, "cobalt_ppm": 31.5, "nickel_ppm": 63.9, "score_battery": 1.8995503628959765, "rank_battery": 87, "dist_to_fault_km": 3.88, "dist_to_terrane_boundary_km": 14.36, "grid_id": "127_104", "year": 1997 }, "geometry": { "type": "Point", "coordinates": [ -125.24389, 56.4242 ] } },
{ "type": "Feature", "properties": { "sample_id": "ID094C973091", "latitude": 56.43685, "longitude": -125.59713, "rock_class": "volcanic rocks", "rock_type": "volcaniclastic rocks", "terrane": "Quesnellia", "terrane_name": "Quesnellia", "era": "Paleozoic", "lithium_ppm": 23.3, "cobalt_ppm": 63.0, "nickel_ppm": 460.3, "score_battery": 2.0616158155108244, "rank_battery": 45, "dist_to_fault_km": 0.94, "dist_to_terrane_boundary_km": 4.32, "grid_id": "127_102", "year": 1997 }, "geometry": { "type": "Point", "coordinates": [ -125.59713, 56.43685 ] } },
{ "type": "Feature", "properties": { "sample_id": "ID094C973115", "latitude": 56.48559, "longitude": -125.56745, "rock_class": "sedimentary rocks", "rock_type": "mudstone, siltstone, shale fine clastic sedimentary rocks", "terrane": "Cassiar", "terrane_name": "Quesnellia", "era": "Proterozoic", "lithium_ppm": 18.8, "cobalt_ppm": 34.1, "nickel_ppm": 430.4, "score_battery": 1.5767225977526862, "rank_battery": 379, "dist_to_fault_km": 0.4, "dist_to_terrane_boundary_km": 0.19, "grid_id": "127_102", "year": 1997 }, "geometry": { "type": "Point", "coordinates": [ -125.56745, 56.48559 ] } },
{ "type": "Feature", "properties": { "sample_id": "ID094C973171", "latitude": 56.485, "longitude": -124.86727, "rock_class": "sedimentary rocks", "rock_type": "argillite, greywacke, wacke, conglomerate turbidites", "terrane": "Cassiar", "terrane_name": "Cassiar", "era": "Proterozoic", "lithium_ppm": 53.3, "cobalt_ppm": 21.3, "nickel_ppm": 72.2, "score_battery": 1.5698778425585636, "rank_battery": 389, "dist_to_fault_km": 6.19, "dist_to_terrane_boundary_km": 23.39, "grid_id": "127_106", "year": 1997 }, "geometry": { "type": "Point", "coordinates": [ -124.86727, 56.485 ] } },
{ "type": "Feature", "properties": { "sample_id": "ID094C973177", "latitude": 56.88506, "longitude": -125.98004, "rock_class": "sedimentary rocks", "rock_type": "argillite, greywacke, wacke, conglomerate turbidites", "terrane": "Cassiar", "terrane_name": "Cassiar", "era": "Proterozoic", "lithium_ppm": 30.3, "cobalt_ppm": 87.8, "nickel_ppm": 91.5, "score_battery": 1.9809209797187253, "rank_battery": 63, "dist_to_fault_km": 11.04, "dist_to_terrane_boundary_km": 14.91, "grid_id": "132_100", "year": 1997 }, "geometry": { "type": "Point", "coordinates": [ -125.98004, 56.88506 ] } },
{ "type": "Feature", "properties": { "sample_id": "ID094C973196", "latitude": 56.88294, "longitude": -125.96928, "rock_class": "sedimentary rocks", "rock_type": "argillite, greywacke, wacke, conglomerate turbidites", "terrane": "Cassiar", "terrane_name": "Cassiar", "era": "Proterozoic", "lithium_ppm": 26.5, "cobalt_ppm": 49.0, "nickel_ppm": 318.3, "score_battery": 1.9177279554531388, "rank_battery": 81, "dist_to_fault_km": 10.84, "dist_to_terrane_boundary_km": 15.41, "grid_id": "132_100", "year": 1997 }, "geometry": { "type": "Point", "coordinates": [ -125.96928, 56.88294 ] } },
{ "type": "Feature", "properties": { "sample_id": "ID094C973205", "latitude": 56.97291, "longitude": -125.94438, "rock_class": "sedimentary rocks", "rock_type": "argillite, greywacke, wacke, conglomerate turbidites", "terrane": "Cassiar", "terrane_name": "Cassiar", "era": "Proterozoic", "lithium_ppm": 22.6, "cobalt_ppm": 59.8, "nickel_ppm": 182.2, "score_battery": 1.7630330657419484, "rank_battery": 165, "dist_to_fault_km": 3.52, "dist_to_terrane_boundary_km": 20.53, "grid_id": "133_100", "year": 1997 }, "geometry": { "type": "Point", "coordinates": [ -125.94438, 56.97291 ] } },
{ "type": "Feature", "properties": { "sample_id": "ID094C973248", "latitude": 56.97285, "longitude": -125.32062, "rock_class": "sedimentary rocks", "rock_type": "argillite, greywacke, wacke, conglomerate turbidites", "terrane": "Cassiar", "terrane_name": "Cassiar", "era": "Proterozoic", "lithium_ppm": 43.3, "cobalt_ppm": 28.7, "nickel_ppm": 113.0, "score_battery": 1.6986430558298307, "rank_battery": 216, "dist_to_fault_km": 4.79, "dist_to_terrane_boundary_km": 16.91, "grid_id": "133_104", "year": 1997 }, "geometry": { "type": "Point", "coordinates": [ -125.32062, 56.97285 ] } },
{ "type": "Feature", "properties": { "sample_id": "ID094C973292", "latitude": 56.60173, "longitude": -125.53681, "rock_class": "sedimentary rocks", "rock_type": "argillite, greywacke, wacke, conglomerate turbidites", "terrane": "Cassiar", "terrane_name": "Cassiar", "era": "Proterozoic", "lithium_ppm": 25.4, "cobalt_ppm": 172.7, "nickel_ppm": 143.9, "score_battery": 2.3404755565257478, "rank_battery": 16, "dist_to_fault_km": 3.2, "dist_to_terrane_boundary_km": 9.6, "grid_id": "129_102", "year": 1997 }, "geometry": { "type": "Point", "coordinates": [ -125.53681, 56.60173 ] } },
{ "type": "Feature", "properties": { "sample_id": "ID094C973334", "latitude": 56.97205, "longitude": -124.77787, "rock_class": "metamorphic rocks", "rock_type": "greenstone, greenschist metamorphic rocks", "terrane": "North America - platformal strata", "terrane_name": "North America - basinal strata", "era": "Proterozoic", "lithium_ppm": 45.5, "cobalt_ppm": 28.6, "nickel_ppm": 93.4, "score_battery": 1.6801194532654715, "rank_battery": 238, "dist_to_fault_km": 3.27, "dist_to_terrane_boundary_km": 10.99, "grid_id": "133_107", "year": 1997 }, "geometry": { "type": "Point", "coordinates": [ -124.77787, 56.97205 ] } },
{ "type": "Feature", "properties": { "sample_id": "ID094C973355", "latitude": 56.99577, "longitude": -124.8174, "rock_class": "metamorphic rocks", "rock_type": "greenstone, greenschist metamorphic rocks", "terrane": "North America - platformal strata", "terrane_name": "North America - basinal strata", "era": "Proterozoic", "lithium_ppm": 37.4, "cobalt_ppm": 44.1, "nickel_ppm": 112.3, "score_battery": 1.8188337546966877, "rank_battery": 124, "dist_to_fault_km": 3.77, "dist_to_terrane_boundary_km": 9.68, "grid_id": "133_107", "year": 1997 }, "geometry": { "type": "Point", "coordinates": [ -124.8174, 56.99577 ] } },
{ "type": "Feature", "properties": { "sample_id": "ID094C973365", "latitude": 56.53592, "longitude": -125.20284, "rock_class": "sedimentary rocks", "rock_type": "argillite, greywacke, wacke, conglomerate turbidites", "terrane": "Cassiar", "terrane_name": "Cassiar", "era": "Proterozoic", "lithium_ppm": 67.1, "cobalt_ppm": 17.6, "nickel_ppm": 34.8, "score_battery": 1.4397997431337661, "rank_battery": 647, "dist_to_fault_km": 3.61, "dist_to_terrane_boundary_km": 22.29, "grid_id": "128_104", "year": 1997 }, "geometry": { "type": "Point", "coordinates": [ -125.20284, 56.53592 ] } },
{ "type": "Feature", "properties": { "sample_id": "ID094C973366", "latitude": 56.55752, "longitude": -125.1529, "rock_class": "sedimentary rocks", "rock_type": "argillite, greywacke, wacke, conglomerate turbidites", "terrane": "Cassiar", "terrane_name": "Cassiar", "era": "Proterozoic", "lithium_ppm": 72.1, "cobalt_ppm": 36.5, "nickel_ppm": 80.2, "score_battery": 2.0871649419524032, "rank_battery": 39, "dist_to_fault_km": 5.63, "dist_to_terrane_boundary_km": 26.12, "grid_id": "128_105", "year": 1997 }, "geometry": { "type": "Point", "coordinates": [ -125.1529, 56.55752 ] } },
{ "type": "Feature", "properties": { "sample_id": "ID094C973372", "latitude": 56.52625, "longitude": -124.79942, "rock_class": "sedimentary rocks", "rock_type": "argillite, greywacke, wacke, conglomerate turbidites", "terrane": "Cassiar", "terrane_name": "Cassiar", "era": "Proterozoic", "lithium_ppm": 52.8, "cobalt_ppm": 168.8, "nickel_ppm": 142.0, "score_battery": 2.8305022524632761, "rank_battery": 2, "dist_to_fault_km": 10.57, "dist_to_terrane_boundary_km": 17.33, "grid_id": "128_107", "year": 1997 }, "geometry": { "type": "Point", "coordinates": [ -124.79942, 56.52625 ] } },
{ "type": "Feature", "properties": { "sample_id": "ID094C973375", "latitude": 56.52338, "longitude": -124.74877, "rock_class": "sedimentary rocks", "rock_type": "argillite, greywacke, wacke, conglomerate turbidites", "terrane": "Cassiar", "terrane_name": "Cassiar", "era": "Proterozoic", "lithium_ppm": 46.3, "cobalt_ppm": 44.3, "nickel_ppm": 32.4, "score_battery": 1.6380984483598859, "rank_battery": 284, "dist_to_fault_km": 13.52, "dist_to_terrane_boundary_km": 14.98, "grid_id": "128_107", "year": 1997 }, "geometry": { "type": "Point", "coordinates": [ -124.74877, 56.52338 ] } },
{ "type": "Feature", "properties": { "sample_id": "ID094C973388", "latitude": 56.62555, "longitude": -125.02383, "rock_class": "sedimentary rocks", "rock_type": "mudstone, siltstone, shale fine clastic sedimentary rocks", "terrane": "Cassiar", "terrane_name": "Cassiar", "era": "Proterozoic", "lithium_ppm": 65.5, "cobalt_ppm": 15.5, "nickel_ppm": 39.0, "score_battery": 1.3889193846100163, "rank_battery": 781, "dist_to_fault_km": 2.52, "dist_to_terrane_boundary_km": 22.18, "grid_id": "129_105", "year": 1997 }, "geometry": { "type": "Point", "coordinates": [ -125.02383, 56.62555 ] } },
{ "type": "Feature", "properties": { "sample_id": "ID094C973391", "latitude": 56.55157, "longitude": -125.1927, "rock_class": "sedimentary rocks", "rock_type": "argillite, greywacke, wacke, conglomerate turbidites", "terrane": "Cassiar", "terrane_name": "Cassiar", "era": "Proterozoic", "lithium_ppm": 101.6, "cobalt_ppm": 21.0, "nickel_ppm": 33.6, "score_battery": 1.8115058129858794, "rank_battery": 132, "dist_to_fault_km": 4.65, "dist_to_terrane_boundary_km": 23.64, "grid_id": "128_104", "year": 1997 }, "geometry": { "type": "Point", "coordinates": [ -125.1927, 56.55157 ] } },
{ "type": "Feature", "properties": { "sample_id": "ID094C973397", "latitude": 56.60345, "longitude": -125.28177, "rock_class": "sedimentary rocks", "rock_type": "argillite, greywacke, wacke, conglomerate turbidites", "terrane": "Cassiar", "terrane_name": "Cassiar", "era": "Proterozoic", "lithium_ppm": 46.3, "cobalt_ppm": 22.8, "nickel_ppm": 63.9, "score_battery": 1.4740140950422271, "rank_battery": 565, "dist_to_fault_km": 6.19, "dist_to_terrane_boundary_km": 21.57, "grid_id": "129_104", "year": 1997 }, "geometry": { "type": "Point", "coordinates": [ -125.28177, 56.60345 ] } },
{ "type": "Feature", "properties": { "sample_id": "ID094C973473", "latitude": 56.88626, "longitude": -124.67012, "rock_class": "metamorphic rocks", "rock_type": "greenstone, greenschist metamorphic rocks", "terrane": "North America - platformal strata", "terrane_name": "North America - basinal strata", "era": "Proterozoic", "lithium_ppm": 49.3, "cobalt_ppm": 19.3, "nickel_ppm": 42.7, "score_battery": 1.3254010393986491, "rank_battery": 973, "dist_to_fault_km": 2.81, "dist_to_terrane_boundary_km": 12.22, "grid_id": "132_108", "year": 1997 }, "geometry": { "type": "Point", "coordinates": [ -124.67012, 56.88626 ] } },
{ "type": "Feature", "properties": { "sample_id": "ID094C973487", "latitude": 56.88069, "longitude": -124.65199, "rock_class": "metamorphic rocks", "rock_type": "greenstone, greenschist metamorphic rocks", "terrane": "North America - platformal strata", "terrane_name": "North America - basinal strata", "era": "Proterozoic", "lithium_ppm": 56.4, "cobalt_ppm": 19.7, "nickel_ppm": 39.1, "score_battery": 1.406328413132911, "rank_battery": 732, "dist_to_fault_km": 2.82, "dist_to_terrane_boundary_km": 12.76, "grid_id": "132_108", "year": 1997 }, "geometry": { "type": "Point", "coordinates": [ -124.65199, 56.88069 ] } },
{ "type": "Feature", "properties": { "sample_id": "ID094C973488", "latitude": 56.84789, "longitude": -124.64926, "rock_class": "metamorphic rocks", "rock_type": "greenstone, greenschist metamorphic rocks", "terrane": "North America - platformal strata", "terrane_name": "North America - basinal strata", "era": "Proterozoic", "lithium_ppm": 51.7, "cobalt_ppm": 18.9, "nickel_ppm": 41.7, "score_battery": 1.3415942353704218, "rank_battery": 915, "dist_to_fault_km": 4.72, "dist_to_terrane_boundary_km": 10.78, "grid_id": "131_108", "year": 1997 }, "geometry": { "type": "Point", "coordinates": [ -124.64926, 56.84789 ] } },
{ "type": "Feature", "properties": { "sample_id": "ID094C975011", "latitude": 56.77769, "longitude": -124.54179, "rock_class": "metamorphic rocks", "rock_type": "greenstone, greenschist metamorphic rocks", "terrane": "North America - platformal strata", "terrane_name": "North America - basinal strata", "era": "Proterozoic", "lithium_ppm": 60.3, "cobalt_ppm": 34.8, "nickel_ppm": 50.5, "score_battery": 1.8138298831612316, "rank_battery": 130, "dist_to_fault_km": 3.02, "dist_to_terrane_boundary_km": 11.71, "grid_id": "131_108", "year": 1997 }, "geometry": { "type": "Point", "coordinates": [ -124.54179, 56.77769 ] } },
{ "type": "Feature", "properties": { "sample_id": "ID094C975022", "latitude": 56.80149, "longitude": -124.56342, "rock_class": "metamorphic rocks", "rock_type": "greenstone, greenschist metamorphic rocks", "terrane": "North America - platformal strata", "terrane_name": "North America - basinal strata", "era": "Proterozoic", "lithium_ppm": 55.5, "cobalt_ppm": 25.8, "nickel_ppm": 45.3, "score_battery": 1.5721991009004768, "rank_battery": 388, "dist_to_fault_km": 1.72, "dist_to_terrane_boundary_km": 12.13, "grid_id": "131_108", "year": 1997 }, "geometry": { "type": "Point", "coordinates": [ -124.56342, 56.80149 ] } },
{ "type": "Feature", "properties": { "sample_id": "ID094C975023", "latitude": 56.80149, "longitude": -124.56342, "rock_class": "metamorphic rocks", "rock_type": "greenstone, greenschist metamorphic rocks", "terrane": "North America - platformal strata", "terrane_name": "North America - basinal strata", "era": "Proterozoic", "lithium_ppm": 57.0, "cobalt_ppm": 26.5, "nickel_ppm": 47.3, "score_battery": 1.6160688002093193, "rank_battery": 320, "dist_to_fault_km": 1.72, "dist_to_terrane_boundary_km": 12.13, "grid_id": "131_108", "year": 1997 }, "geometry": { "type": "Point", "coordinates": [ -124.56342, 56.80149 ] } },
{ "type": "Feature", "properties": { "sample_id": "ID094C975036", "latitude": 56.71289, "longitude": -124.49594, "rock_class": "metamorphic rocks", "rock_type": "greenstone, greenschist metamorphic rocks", "terrane": "North America - platformal strata", "terrane_name": "North America - basinal strata", "era": "Proterozoic", "lithium_ppm": 55.1, "cobalt_ppm": 24.6, "nickel_ppm": 47.4, "score_battery": 1.5546805930589267, "rank_battery": 414, "dist_to_fault_km": 5.3, "dist_to_terrane_boundary_km": 9.88, "grid_id": "130_109", "year": 1997 }, "geometry": { "type": "Point", "coordinates": [ -124.49594, 56.71289 ] } },
{ "type": "Feature", "properties": { "sample_id": "ID094C975048", "latitude": 56.73874, "longitude": -124.49718, "rock_class": "metamorphic rocks", "rock_type": "greenstone, greenschist metamorphic rocks", "terrane": "North America - platformal strata", "terrane_name": "North America - basinal strata", "era": "Proterozoic", "lithium_ppm": 60.2, "cobalt_ppm": 16.4, "nickel_ppm": 38.8, "score_battery": 1.3569594136461007, "rank_battery": 865, "dist_to_fault_km": 3.72, "dist_to_terrane_boundary_km": 11.48, "grid_id": "130_109", "year": 1997 }, "geometry": { "type": "Point", "coordinates": [ -124.49718, 56.73874 ] } },
{ "type": "Feature", "properties": { "sample_id": "ID094C975129", "latitude": 56.40833, "longitude": -124.6671, "rock_class": "sedimentary rocks", "rock_type": "argillite, greywacke, wacke, conglomerate turbidites", "terrane": "Cassiar", "terrane_name": "Cassiar", "era": "Proterozoic", "lithium_ppm": 48.3, "cobalt_ppm": 38.1, "nickel_ppm": 44.0, "score_battery": 1.6696350980852486, "rank_battery": 253, "dist_to_fault_km": 9.75, "dist_to_terrane_boundary_km": 17.33, "grid_id": "126_108", "year": 1997 }, "geometry": { "type": "Point", "coordinates": [ -124.6671, 56.40833 ] } },
{ "type": "Feature", "properties": { "sample_id": "ID094C975148", "latitude": 56.65405, "longitude": -124.44055, "rock_class": "metamorphic rocks", "rock_type": "greenstone, greenschist metamorphic rocks", "terrane": "North America - platformal strata", "terrane_name": "North America - basinal strata", "era": "Proterozoic", "lithium_ppm": 53.3, "cobalt_ppm": 23.7, "nickel_ppm": 46.7, "score_battery": 1.5084234350096919, "rank_battery": 497, "dist_to_fault_km": 6.19, "dist_to_terrane_boundary_km": 8.87, "grid_id": "129_109", "year": 1997 }, "geometry": { "type": "Point", "coordinates": [ -124.44055, 56.65405 ] } },
{ "type": "Feature", "properties": { "sample_id": "ID094C975150", "latitude": 56.59029, "longitude": -124.44581, "rock_class": "metamorphic rocks", "rock_type": "greenstone, greenschist metamorphic rocks", "terrane": "North America - platformal strata", "terrane_name": "North America - basinal strata", "era": "Proterozoic", "lithium_ppm": 43.7, "cobalt_ppm": 23.1, "nickel_ppm": 53.4, "score_battery": 1.39269729700858, "rank_battery": 765, "dist_to_fault_km": 4.0, "dist_to_terrane_boundary_km": 4.51, "grid_id": "128_109", "year": 1997 }, "geometry": { "type": "Point", "coordinates": [ -124.44581, 56.59029 ] } },
{ "type": "Feature", "properties": { "sample_id": "ID094C975157", "latitude": 56.4945, "longitude": -124.13425, "rock_class": "metamorphic rocks", "rock_type": "greenstone, greenschist metamorphic rocks", "terrane": "North America - platformal strata", "terrane_name": "North America - basinal strata", "era": "Proterozoic", "lithium_ppm": 69.4, "cobalt_ppm": 16.4, "nickel_ppm": 39.7, "score_battery": 1.462512874756132, "rank_battery": 590, "dist_to_fault_km": 1.09, "dist_to_terrane_boundary_km": 15.1, "grid_id": "127_111", "year": 1997 }, "geometry": { "type": "Point", "coordinates": [ -124.13425, 56.4945 ] } },
{ "type": "Feature", "properties": { "sample_id": "ID094C975158", "latitude": 56.49304, "longitude": -124.13604, "rock_class": "metamorphic rocks", "rock_type": "greenstone, greenschist metamorphic rocks", "terrane": "North America - platformal strata", "terrane_name": "North America - basinal strata", "era": "Proterozoic", "lithium_ppm": 66.6, "cobalt_ppm": 20.9, "nickel_ppm": 38.1, "score_battery": 1.5458155254567454, "rank_battery": 427, "dist_to_fault_km": 1.2, "dist_to_terrane_boundary_km": 15.27, "grid_id": "127_111", "year": 1997 }, "geometry": { "type": "Point", "coordinates": [ -124.13604, 56.49304 ] } },
{ "type": "Feature", "properties": { "sample_id": "ID094C975164", "latitude": 56.62765, "longitude": -124.42733, "rock_class": "metamorphic rocks", "rock_type": "greenstone, greenschist metamorphic rocks", "terrane": "North America - platformal strata", "terrane_name": "North America - basinal strata", "era": "Proterozoic", "lithium_ppm": 54.9, "cobalt_ppm": 26.0, "nickel_ppm": 46.8, "score_battery": 1.5772354982850654, "rank_battery": 378, "dist_to_fault_km": 7.21, "dist_to_terrane_boundary_km": 7.84, "grid_id": "129_109", "year": 1997 }, "geometry": { "type": "Point", "coordinates": [ -124.42733, 56.62765 ] } },
{ "type": "Feature", "properties": { "sample_id": "ID094C975166", "latitude": 56.60141, "longitude": -124.43493, "rock_class": "metamorphic rocks", "rock_type": "greenstone, greenschist metamorphic rocks", "terrane": "North America - platformal strata", "terrane_name": "North America - basinal strata", "era": "Proterozoic", "lithium_ppm": 49.6, "cobalt_ppm": 28.1, "nickel_ppm": 48.3, "score_battery": 1.5549030047924195, "rank_battery": 413, "dist_to_fault_km": 5.23, "dist_to_terrane_boundary_km": 5.77, "grid_id": "129_109", "year": 1997 }, "geometry": { "type": "Point", "coordinates": [ -124.43493, 56.60141 ] } },
{ "type": "Feature", "properties": { "sample_id": "ID094C975169", "latitude": 56.55827, "longitude": -124.35324, "rock_class": "metamorphic rocks", "rock_type": "greenstone, greenschist metamorphic rocks", "terrane": "North America - platformal strata", "terrane_name": "North America - basinal strata", "era": "Proterozoic", "lithium_ppm": 54.9, "cobalt_ppm": 18.2, "nickel_ppm": 40.3, "score_battery": 1.3552832554616741, "rank_battery": 874, "dist_to_fault_km": 7.21, "dist_to_terrane_boundary_km": 7.26, "grid_id": "128_110", "year": 1997 }, "geometry": { "type": "Point", "coordinates": [ -124.35324, 56.55827 ] } },
{ "type": "Feature", "properties": { "sample_id": "ID094C975184", "latitude": 56.49181, "longitude": -124.24173, "rock_class": "metamorphic rocks", "rock_type": "greenstone, greenschist metamorphic rocks", "terrane": "North America - platformal strata", "terrane_name": "North America - basinal strata", "era": "Proterozoic", "lithium_ppm": 58.6, "cobalt_ppm": 21.2, "nickel_ppm": 47.0, "score_battery": 1.5192177648681506, "rank_battery": 471, "dist_to_fault_km": 7.7, "dist_to_terrane_boundary_km": 10.32, "grid_id": "127_110", "year": 1997 }, "geometry": { "type": "Point", "coordinates": [ -124.24173, 56.49181 ] } },
{ "type": "Feature", "properties": { "sample_id": "ID094D961007", "latitude": 56.92814, "longitude": -127.59021, "rock_class": "sedimentary rocks", "rock_type": "siltstone", "terrane": "Overlap", "terrane_name": "Stikinia", "era": "Mesozoic", "lithium_ppm": 32.3, "cobalt_ppm": 19.6, "nickel_ppm": 127.0, "score_battery": 1.3316242910148897, "rank_battery": 956, "dist_to_fault_km": 6.33, "dist_to_terrane_boundary_km": 65.19, "grid_id": "132_90", "year": 1996 }, "geometry": { "type": "Point", "coordinates": [ -127.59021, 56.92814 ] } },
{ "type": "Feature", "properties": { "sample_id": "ID094D961009", "latitude": 56.87521, "longitude": -127.59526, "rock_class": "sedimentary rocks", "rock_type": "siltstone", "terrane": "Overlap", "terrane_name": "Stikinia", "era": "Mesozoic", "lithium_ppm": 44.3, "cobalt_ppm": 16.3, "nickel_ppm": 102.4, "score_battery": 1.399021086698822, "rank_battery": 750, "dist_to_fault_km": 5.86, "dist_to_terrane_boundary_km": 66.93, "grid_id": "132_90", "year": 1996 }, "geometry": { "type": "Point", "coordinates": [ -127.59526, 56.87521 ] } },
{ "type": "Feature", "properties": { "sample_id": "ID094D961015", "latitude": 56.98197, "longitude": -127.63508, "rock_class": "sedimentary rocks", "rock_type": "siltstone", "terrane": "Overlap", "terrane_name": "Stikinia", "era": "Mesozoic", "lithium_ppm": 35.0, "cobalt_ppm": 18.8, "nickel_ppm": 131.9, "score_battery": 1.3760125584662046, "rank_battery": 807, "dist_to_fault_km": 7.91, "dist_to_terrane_boundary_km": 66.36, "grid_id": "133_90", "year": 1996 }, "geometry": { "type": "Point", "coordinates": [ -127.63508, 56.98197 ] } },
{ "type": "Feature", "properties": { "sample_id": "ID094D961016", "latitude": 56.97087, "longitude": -127.6253, "rock_class": "sedimentary rocks", "rock_type": "siltstone", "terrane": "Overlap", "terrane_name": "Stikinia", "era": "Mesozoic", "lithium_ppm": 35.1, "cobalt_ppm": 18.0, "nickel_ppm": 126.9, "score_battery": 1.3455294974319196, "rank_battery": 903, "dist_to_fault_km": 7.1, "dist_to_terrane_boundary_km": 66.09, "grid_id": "133_90", "year": 1996 }, "geometry": { "type": "Point", "coordinates": [ -127.6253, 56.97087 ] } },
{ "type": "Feature", "properties": { "sample_id": "ID094D961022", "latitude": 56.93769, "longitude": -127.5939, "rock_class": "sedimentary rocks", "rock_type": "siltstone", "terrane": "Overlap", "terrane_name": "Stikinia", "era": "Mesozoic", "lithium_ppm": 36.3, "cobalt_ppm": 18.5, "nickel_ppm": 118.6, "score_battery": 1.3644594286030995, "rank_battery": 841, "dist_to_fault_km": 5.91, "dist_to_terrane_boundary_km": 65.15, "grid_id": "132_90", "year": 1996 }, "geometry": { "type": "Point", "coordinates": [ -127.5939, 56.93769 ] } },
{ "type": "Feature", "properties": { "sample_id": "ID094D961060", "latitude": 56.98524, "longitude": -126.09694, "rock_class": "sedimentary rocks", "rock_type": "argillite, greywacke, wacke, conglomerate turbidites", "terrane": "Cassiar", "terrane_name": "Cassiar", "era": "Proterozoic", "lithium_ppm": 17.7, "cobalt_ppm": 87.1, "nickel_ppm": 154.6, "score_battery": 1.7517717327984341, "rank_battery": 178, "dist_to_fault_km": 10.72, "dist_to_terrane_boundary_km": 12.4, "grid_id": "133_99", "year": 1996 }, "geometry": { "type": "Point", "coordinates": [ -126.09694, 56.98524 ] } },
{ "type": "Feature", "properties": { "sample_id": "ID094D961064", "latitude": 56.74753, "longitude": -127.78874, "rock_class": "sedimentary rocks", "rock_type": "sandstone", "terrane": "Overlap", "terrane_name": "Stikinia", "era": "Mesozoic", "lithium_ppm": 39.8, "cobalt_ppm": 18.8, "nickel_ppm": 100.2, "score_battery": 1.3910457390783775, "rank_battery": 770, "dist_to_fault_km": 1.33, "dist_to_terrane_boundary_km": 81.67, "grid_id": "130_89", "year": 1996 }, "geometry": { "type": "Point", "coordinates": [ -127.78874, 56.74753 ] } },
{ "type": "Feature", "properties": { "sample_id": "ID094D961066", "latitude": 56.74753, "longitude": -127.78874, "rock_class": "sedimentary rocks", "rock_type": "sandstone", "terrane": "Overlap", "terrane_name": "Stikinia", "era": "Mesozoic", "lithium_ppm": 38.7, "cobalt_ppm": 21.4, "nickel_ppm": 104.7, "score_battery": 1.4494067460659994, "rank_battery": 618, "dist_to_fault_km": 1.33, "dist_to_terrane_boundary_km": 81.67, "grid_id": "130_89", "year": 1996 }, "geometry": { "type": "Point", "coordinates": [ -127.78874, 56.74753 ] } },
{ "type": "Feature", "properties": { "sample_id": "ID094D961085", "latitude": 56.9099, "longitude": -126.16066, "rock_class": "sedimentary rocks", "rock_type": "argillite, greywacke, wacke, conglomerate turbidites", "terrane": "Cassiar", "terrane_name": "Cassiar", "era": "Proterozoic", "lithium_ppm": 27.9, "cobalt_ppm": 57.8, "nickel_ppm": 82.3, "score_battery": 1.6753805583737669, "rank_battery": 247, "dist_to_fault_km": 7.28, "dist_to_terrane_boundary_km": 5.74, "grid_id": "132_99", "year": 1996 }, "geometry": { "type": "Point", "coordinates": [ -126.16066, 56.9099 ] } },
{ "type": "Feature", "properties": { "sample_id": "ID094D961104", "latitude": 56.92051, "longitude": -126.06749, "rock_class": "sedimentary rocks", "rock_type": "argillite, greywacke, wacke, conglomerate turbidites", "terrane": "Cassiar", "terrane_name": "Cassiar", "era": "Proterozoic", "lithium_ppm": 23.5, "cobalt_ppm": 71.9, "nickel_ppm": 111.6, "score_battery": 1.7547116291494043, "rank_battery": 175, "dist_to_fault_km": 12.38, "dist_to_terrane_boundary_km": 11.44, "grid_id": "132_99", "year": 1996 }, "geometry": { "type": "Point", "coordinates": [ -126.06749, 56.92051 ] } },
{ "type": "Feature", "properties": { "sample_id": "ID094D961105", "latitude": 56.85325, "longitude": -126.08547, "rock_class": "sedimentary rocks", "rock_type": "argillite, greywacke, wacke, conglomerate turbidites", "terrane": "Cassiar", "terrane_name": "Cassiar", "era": "Proterozoic", "lithium_ppm": 19.7, "cobalt_ppm": 53.2, "nickel_ppm": 125.1, "score_battery": 1.5071667991540636, "rank_battery": 505, "dist_to_fault_km": 8.88, "dist_to_terrane_boundary_km": 7.6, "grid_id": "131_99", "year": 1996 }, "geometry": { "type": "Point", "coordinates": [ -126.08547, 56.85325 ] } },
{ "type": "Feature", "properties": { "sample_id": "ID094D961106", "latitude": 56.85325, "longitude": -126.08547, "rock_class": "sedimentary rocks", "rock_type": "argillite, greywacke, wacke, conglomerate turbidites", "terrane": "Cassiar", "terrane_name": "Cassiar", "era": "Proterozoic", "lithium_ppm": 21.0, "cobalt_ppm": 49.8, "nickel_ppm": 119.8, "score_battery": 1.5041490889617846, "rank_battery": 512, "dist_to_fault_km": 8.88, "dist_to_terrane_boundary_km": 7.6, "grid_id": "131_99", "year": 1996 }, "geometry": { "type": "Point", "coordinates": [ -126.08547, 56.85325 ] } },
{ "type": "Feature", "properties": { "sample_id": "ID094D961117", "latitude": 56.15403, "longitude": -126.22441, "rock_class": "volcanic rocks", "rock_type": "andesite", "terrane": "Stikinia", "terrane_name": "Cache Creek", "era": "Mesozoic", "lithium_ppm": 14.4, "cobalt_ppm": 38.0, "nickel_ppm": 301.4, "score_battery": 1.358199823372283, "rank_battery": 858, "dist_to_fault_km": 0.02, "dist_to_terrane_boundary_km": 0.14, "grid_id": "124_98", "year": 1996 }, "geometry": { "type": "Point", "coordinates": [ -126.22441, 56.15403 ] } },
{ "type": "Feature", "properties": { "sample_id": "ID094D961128", "latitude": 56.02055, "longitude": -126.09945, "rock_class": "metamorphic rocks", "rock_type": "phyllite", "terrane": "Cache Creek", "terrane_name": "Cache Creek", "era": "Paleozoic", "lithium_ppm": 15.3, "cobalt_ppm": 48.5, "nickel_ppm": 718.5, "score_battery": 1.7610709692901578, "rank_battery": 166, "dist_to_fault_km": 2.16, "dist_to_terrane_boundary_km": 5.0, "grid_id": "122_99", "year": 1996 }, "geometry": { "type": "Point", "coordinates": [ -126.09945, 56.02055 ] } },
{ "type": "Feature", "properties": { "sample_id": "ID094D961144", "latitude": 56.01647, "longitude": -126.11558, "rock_class": "metamorphic rocks", "rock_type": "ultramafics", "terrane": "Cache Creek", "terrane_name": "Cache Creek", "era": "Paleozoic", "lithium_ppm": 70.2, "cobalt_ppm": 87.5, "nickel_ppm": 1177.1, "score_battery": 3.25287566425007, "rank_battery": 1, "dist_to_fault_km": 1.27, "dist_to_terrane_boundary_km": 3.92, "grid_id": "122_99", "year": 1996 }, "geometry": { "type": "Point", "coordinates": [ -126.11558, 56.01647 ] } },
{ "type": "Feature", "properties": { "sample_id": "ID094D961223", "latitude": 56.17791, "longitude": -126.31849, "rock_class": "sedimentary rocks", "rock_type": "undivided clastic rocks", "terrane": "Stikinia", "terrane_name": "Stikinia", "era": "Mesozoic", "lithium_ppm": 33.5, "cobalt_ppm": 25.7, "nickel_ppm": 71.8, "score_battery": 1.3424760606364499, "rank_battery": 912, "dist_to_fault_km": 1.05, "dist_to_terrane_boundary_km": 5.43, "grid_id": "124_98", "year": 1996 }, "geometry": { "type": "Point", "coordinates": [ -126.31849, 56.17791 ] } },
{ "type": "Feature", "properties": { "sample_id": "ID094D961333", "latitude": 56.48236, "longitude": -126.10402, "rock_class": "volcanic rocks", "rock_type": "undivided volcanic rocks", "terrane": "Quesnellia", "terrane_name": "Quesnellia", "era": "Mesozoic", "lithium_ppm": 23.8, "cobalt_ppm": 59.4, "nickel_ppm": 90.4, "score_battery": 1.6062070107042579, "rank_battery": 335, "dist_to_fault_km": 0.15, "dist_to_terrane_boundary_km": 12.26, "grid_id": "127_99", "year": 1996 }, "geometry": { "type": "Point", "coordinates": [ -126.10402, 56.48236 ] } },
{ "type": "Feature", "properties": { "sample_id": "ID094D961415", "latitude": 56.57797, "longitude": -127.67577, "rock_class": "sedimentary rocks", "rock_type": "sandstone", "terrane": "Overlap", "terrane_name": "Stikinia", "era": "Mesozoic", "lithium_ppm": 29.6, "cobalt_ppm": 27.5, "nickel_ppm": 100.4, "score_battery": 1.3819881478780962, "rank_battery": 796, "dist_to_fault_km": 7.75, "dist_to_terrane_boundary_km": 78.84, "grid_id": "128_89", "year": 1996 }, "geometry": { "type": "Point", "coordinates": [ -127.67577, 56.57797 ] } },
{ "type": "Feature", "properties": { "sample_id": "ID094D961446", "latitude": 56.67863, "longitude": -127.82012, "rock_class": "sedimentary rocks", "rock_type": "siltstone", "terrane": "Overlap", "terrane_name": "Stikinia", "era": "Mesozoic", "lithium_ppm": 38.2, "cobalt_ppm": 16.0, "nickel_ppm": 117.1, "score_battery": 1.3229601738348165, "rank_battery": 987, "dist_to_fault_km": 6.68, "dist_to_terrane_boundary_km": 85.15, "grid_id": "130_88", "year": 1996 }, "geometry": { "type": "Point", "coordinates": [ -127.82012, 56.67863 ] } },
{ "type": "Feature", "properties": { "sample_id": "ID094D963078", "latitude": 56.49369, "longitude": -127.92649, "rock_class": "sedimentary rocks", "rock_type": "sandstone", "terrane": "Overlap", "terrane_name": "Stikinia", "era": "Mesozoic", "lithium_ppm": 43.0, "cobalt_ppm": 17.7, "nickel_ppm": 74.3, "score_battery": 1.3339667616529436, "rank_battery": 945, "dist_to_fault_km": 4.92, "dist_to_terrane_boundary_km": 95.95, "grid_id": "127_88", "year": 1996 }, "geometry": { "type": "Point", "coordinates": [ -127.92649, 56.49369 ] } },
{ "type": "Feature", "properties": { "sample_id": "ID094D963112", "latitude": 56.55955, "longitude": -127.92715, "rock_class": "sedimentary rocks", "rock_type": "sandstone", "terrane": "Overlap", "terrane_name": "Stikinia", "era": "Mesozoic", "lithium_ppm": 36.0, "cobalt_ppm": 19.6, "nickel_ppm": 100.5, "score_battery": 1.3435777271225566, "rank_battery": 907, "dist_to_fault_km": 2.53, "dist_to_terrane_boundary_km": 94.35, "grid_id": "128_88", "year": 1996 }, "geometry": { "type": "Point", "coordinates": [ -127.92715, 56.55955 ] } },
{ "type": "Feature", "properties": { "sample_id": "ID094D963373", "latitude": 56.70844, "longitude": -126.1302, "rock_class": "sedimentary rocks", "rock_type": "marine sedimentary and volcanic rocks", "terrane": "Quesnellia", "terrane_name": "Quesnellia", "era": "Paleozoic", "lithium_ppm": 10.5, "cobalt_ppm": 56.2, "nickel_ppm": 608.6, "score_battery": 1.5456439620506592, "rank_battery": 428, "dist_to_fault_km": 0.51, "dist_to_terrane_boundary_km": 2.07, "grid_id": "130_99", "year": 1996 }, "geometry": { "type": "Point", "coordinates": [ -126.1302, 56.70844 ] } },
{ "type": "Feature", "properties": { "sample_id": "ID094D963382", "latitude": 56.69814, "longitude": -126.14773, "rock_class": "volcanic rocks", "rock_type": "undivided volcanic rocks", "terrane": "Quesnellia", "terrane_name": "Quesnellia", "era": "Mesozoic", "lithium_ppm": 12.0, "cobalt_ppm": 52.3, "nickel_ppm": 396.1, "score_battery": 1.4787637858252078, "rank_battery": 557, "dist_to_fault_km": 2.03, "dist_to_terrane_boundary_km": 3.62, "grid_id": "130_99", "year": 1996 }, "geometry": { "type": "Point", "coordinates": [ -126.14773, 56.69814 ] } },
{ "type": "Feature", "properties": { "sample_id": "ID094D965020", "latitude": 56.81247, "longitude": -127.69889, "rock_class": "sedimentary rocks", "rock_type": "siltstone", "terrane": "Overlap", "terrane_name": "Stikinia", "era": "Mesozoic", "lithium_ppm": 32.3, "cobalt_ppm": 30.1, "nickel_ppm": 116.1, "score_battery": 1.5277789796128212, "rank_battery": 458, "dist_to_fault_km": 5.85, "dist_to_terrane_boundary_km": 74.76, "grid_id": "131_89", "year": 1996 }, "geometry": { "type": "Point", "coordinates": [ -127.69889, 56.81247 ] } },
{ "type": "Feature", "properties": { "sample_id": "ID094D965069", "latitude": 56.71323, "longitude": -127.69725, "rock_class": "sedimentary rocks", "rock_type": "sandstone", "terrane": "Overlap", "terrane_name": "Stikinia", "era": "Mesozoic", "lithium_ppm": 33.0, "cobalt_ppm": 25.0, "nickel_ppm": 101.7, "score_battery": 1.4111944319700462, "rank_battery": 722, "dist_to_fault_km": 5.4, "dist_to_terrane_boundary_km": 77.0, "grid_id": "130_89", "year": 1996 }, "geometry": { "type": "Point", "coordinates": [ -127.69725, 56.71323 ] } },
{ "type": "Feature", "properties": { "sample_id": "ID094D965076", "latitude": 56.72734, "longitude": -127.4782, "rock_class": "sedimentary rocks", "rock_type": "sandstone", "terrane": "Overlap", "terrane_name": "Stikinia", "era": "Mesozoic", "lithium_ppm": 39.2, "cobalt_ppm": 17.9, "nickel_ppm": 117.7, "score_battery": 1.3988892417993004, "rank_battery": 752, "dist_to_fault_km": 1.03, "dist_to_terrane_boundary_km": 63.58, "grid_id": "130_90", "year": 1996 }, "geometry": { "type": "Point", "coordinates": [ -127.4782, 56.72734 ] } },
{ "type": "Feature", "properties": { "sample_id": "ID094D965082", "latitude": 56.6579, "longitude": -127.59242, "rock_class": "sedimentary rocks", "rock_type": "sandstone", "terrane": "Overlap", "terrane_name": "Stikinia", "era": "Mesozoic", "lithium_ppm": 31.4, "cobalt_ppm": 23.2, "nickel_ppm": 101.7, "score_battery": 1.3385835629600342, "rank_battery": 928, "dist_to_fault_km": 7.02, "dist_to_terrane_boundary_km": 72.0, "grid_id": "129_90", "year": 1996 }, "geometry": { "type": "Point", "coordinates": [ -127.59242, 56.6579 ] } },
{ "type": "Feature", "properties": { "sample_id": "ID094D965109", "latitude": 56.68445, "longitude": -127.47376, "rock_class": "sedimentary rocks", "rock_type": "sandstone", "terrane": "Overlap", "terrane_name": "Stikinia", "era": "Mesozoic", "lithium_ppm": 40.1, "cobalt_ppm": 17.5, "nickel_ppm": 88.2, "score_battery": 1.3257101585087852, "rank_battery": 972, "dist_to_fault_km": 2.54, "dist_to_terrane_boundary_km": 64.29, "grid_id": "130_90", "year": 1996 }, "geometry": { "type": "Point", "coordinates": [ -127.47376, 56.68445 ] } },
{ "type": "Feature", "properties": { "sample_id": "ID094D965116", "latitude": 56.65393, "longitude": -127.40378, "rock_class": "sedimentary rocks", "rock_type": "sandstone", "terrane": "Overlap", "terrane_name": "Stikinia", "era": "Mesozoic", "lithium_ppm": 41.1, "cobalt_ppm": 16.1, "nickel_ppm": 91.6, "score_battery": 1.3108475750283506, "rank_battery": 1018, "dist_to_fault_km": 1.91, "dist_to_terrane_boundary_km": 60.79, "grid_id": "129_91", "year": 1996 }, "geometry": { "type": "Point", "coordinates": [ -127.40378, 56.65393 ] } },
{ "type": "Feature", "properties": { "sample_id": "ID094E961002", "latitude": 57.06292, "longitude": -127.74342, "rock_class": "sedimentary rocks", "rock_type": "siltstone", "terrane": "Overlap", "terrane_name": "Stikinia", "era": "Mesozoic", "lithium_ppm": 32.4, "cobalt_ppm": 27.4, "nickel_ppm": 164.5, "score_battery": 1.5751386835005952, "rank_battery": 384, "dist_to_fault_km": 3.26, "dist_to_terrane_boundary_km": 70.9, "grid_id": "134_89", "year": 1996 }, "geometry": { "type": "Point", "coordinates": [ -127.74342, 57.06292 ] } },
{ "type": "Feature", "properties": { "sample_id": "ID094E961022", "latitude": 57.08295, "longitude": -127.74644, "rock_class": "sedimentary rocks", "rock_type": "siltstone", "terrane": "Overlap", "terrane_name": "Stikinia", "era": "Mesozoic", "lithium_ppm": 36.2, "cobalt_ppm": 16.0, "nickel_ppm": 145.0, "score_battery": 1.3432586151452151, "rank_battery": 908, "dist_to_fault_km": 2.19, "dist_to_terrane_boundary_km": 70.8, "grid_id": "134_89", "year": 1996 }, "geometry": { "type": "Point", "coordinates": [ -127.74644, 57.08295 ] } },
{ "type": "Feature", "properties": { "sample_id": "ID094E961023", "latitude": 57.08295, "longitude": -127.74644, "rock_class": "sedimentary rocks", "rock_type": "siltstone", "terrane": "Overlap", "terrane_name": "Stikinia", "era": "Mesozoic", "lithium_ppm": 37.4, "cobalt_ppm": 16.4, "nickel_ppm": 143.3, "score_battery": 1.3750750923858122, "rank_battery": 808, "dist_to_fault_km": 2.19, "dist_to_terrane_boundary_km": 70.8, "grid_id": "134_89", "year": 1996 }, "geometry": { "type": "Point", "coordinates": [ -127.74644, 57.08295 ] } },
{ "type": "Feature", "properties": { "sample_id": "ID094E961407", "latitude": 57.77072, "longitude": -126.91742, "rock_class": "intrusive rocks", "rock_type": "granodioritic intrusive rocks", "terrane": "Quesnellia", "terrane_name": "Quesnellia", "era": "Mesozoic", "lithium_ppm": 16.0, "cobalt_ppm": 305.3, "nickel_ppm": 89.1, "score_battery": 2.2023116280724393, "rank_battery": 22, "dist_to_fault_km": 8.39, "dist_to_terrane_boundary_km": 11.66, "grid_id": "142_94", "year": 1996 }, "geometry": { "type": "Point", "coordinates": [ -126.91742, 57.77072 ] } },
{ "type": "Feature", "properties": { "sample_id": "ID094E961432", "latitude": 57.74803, "longitude": -126.74037, "rock_class": "intrusive rocks", "rock_type": "quartz monzonitic intrusive rocks", "terrane": "Post Accretionary", "terrane_name": "Quesnellia", "era": "Mesozoic", "lithium_ppm": 41.5, "cobalt_ppm": 23.2, "nickel_ppm": 52.7, "score_battery": 1.3555460658833081, "rank_battery": 872, "dist_to_fault_km": 0.36, "dist_to_terrane_boundary_km": 3.0, "grid_id": "141_95", "year": 1996 }, "geometry": { "type": "Point", "coordinates": [ -126.74037, 57.74803 ] } },
{ "type": "Feature", "properties": { "sample_id": "ID094E961469", "latitude": 57.69939, "longitude": -126.60774, "rock_class": "intrusive rocks", "rock_type": "quartz monzonitic intrusive rocks", "terrane": "Post Accretionary", "terrane_name": "Cassiar", "era": "Mesozoic", "lithium_ppm": 38.0, "cobalt_ppm": 65.9, "nickel_ppm": 50.1, "score_battery": 1.8248283199253676, "rank_battery": 123, "dist_to_fault_km": 1.93, "dist_to_terrane_boundary_km": 2.2, "grid_id": "141_96", "year": 1996 }, "geometry": { "type": "Point", "coordinates": [ -126.60774, 57.69939 ] } },
{ "type": "Feature", "properties": { "sample_id": "ID094E961495", "latitude": 57.9242, "longitude": -126.32411, "rock_class": "metamorphic rocks", "rock_type": "paragneiss metamorphic rocks", "terrane": "Cassiar", "terrane_name": "Cassiar", "era": "Proterozoic", "lithium_ppm": 47.8, "cobalt_ppm": 33.0, "nickel_ppm": 50.5, "score_battery": 1.6242324923062175, "rank_battery": 305, "dist_to_fault_km": 2.08, "dist_to_terrane_boundary_km": 9.37, "grid_id": "143_98", "year": 1996 }, "geometry": { "type": "Point", "coordinates": [ -126.32411, 57.9242 ] } },
{ "type": "Feature", "properties": { "sample_id": "ID094E961497", "latitude": 57.92577, "longitude": -126.26882, "rock_class": "sedimentary rocks", "rock_type": "limestone, marble, calcareous sedimentary rocks", "terrane": "Cassiar", "terrane_name": "Cassiar", "era": "Proterozoic", "lithium_ppm": 40.3, "cobalt_ppm": 44.6, "nickel_ppm": 59.4, "score_battery": 1.7058929539741809, "rank_battery": 209, "dist_to_fault_km": 0.57, "dist_to_terrane_boundary_km": 6.53, "grid_id": "143_98", "year": 1996 }, "geometry": { "type": "Point", "coordinates": [ -126.26882, 57.92577 ] } },
{ "type": "Feature", "properties": { "sample_id": "ID094E963035", "latitude": 57.77369, "longitude": -126.27354, "rock_class": "sedimentary rocks", "rock_type": "limestone, marble, calcareous sedimentary rocks", "terrane": "Cassiar", "terrane_name": "Cassiar", "era": "Proterozoic", "lithium_ppm": 37.9, "cobalt_ppm": 127.6, "nickel_ppm": 243.2, "score_battery": 2.596602981467369, "rank_battery": 8, "dist_to_fault_km": 0.37, "dist_to_terrane_boundary_km": 15.66, "grid_id": "142_98", "year": 1996 }, "geometry": { "type": "Point", "coordinates": [ -126.27354, 57.77369 ] } },
{ "type": "Feature", "properties": { "sample_id": "ID094E963049", "latitude": 57.76317, "longitude": -126.27319, "rock_class": "sedimentary rocks", "rock_type": "limestone, slate, siltstone, argillite", "terrane": "North America - basinal strata", "terrane_name": "Cassiar", "era": "Paleozoic", "lithium_ppm": 24.0, "cobalt_ppm": 47.4, "nickel_ppm": 108.2, "score_battery": 1.5417091779003411, "rank_battery": 432, "dist_to_fault_km": 0.14, "dist_to_terrane_boundary_km": 15.81, "grid_id": "141_98", "year": 1996 }, "geometry": { "type": "Point", "coordinates": [ -126.27319, 57.76317 ] } },
{ "type": "Feature", "properties": { "sample_id": "ID094E963052", "latitude": 57.81949, "longitude": -126.34324, "rock_class": "sedimentary rocks", "rock_type": "limestone, slate, siltstone, argillite", "terrane": "North America - basinal strata", "terrane_name": "Cassiar", "era": "Paleozoic", "lithium_ppm": 48.5, "cobalt_ppm": 26.3, "nickel_ppm": 52.0, "score_battery": 1.5247637628340851, "rank_battery": 463, "dist_to_fault_km": 0.88, "dist_to_terrane_boundary_km": 16.63, "grid_id": "142_97", "year": 1996 }, "geometry": { "type": "Point", "coordinates": [ -126.34324, 57.81949 ] } },
{ "type": "Feature", "properties": { "sample_id": "ID094E963053", "latitude": 57.8418, "longitude": -126.34522, "rock_class": "sedimentary rocks", "rock_type": "limestone, marble, calcareous sedimentary rocks", "terrane": "Cassiar", "terrane_name": "Cassiar", "era": "Proterozoic", "lithium_ppm": 42.1, "cobalt_ppm": 96.7, "nickel_ppm": 165.8, "score_battery": 2.4191240777882252, "rank_battery": 14, "dist_to_fault_km": 0.3, "dist_to_terrane_boundary_km": 15.44, "grid_id": "142_97", "year": 1996 }, "geometry": { "type": "Point", "coordinates": [ -126.34522, 57.8418 ] } },
{ "type": "Feature", "properties": { "sample_id": "ID094E963054", "latitude": 57.85647, "longitude": -126.35774, "rock_class": "sedimentary rocks", "rock_type": "limestone, marble, calcareous sedimentary rocks", "terrane": "Cassiar", "terrane_name": "Cassiar", "era": "Proterozoic", "lithium_ppm": 43.6, "cobalt_ppm": 61.4, "nickel_ppm": 113.4, "score_battery": 2.1014207142822006, "rank_battery": 36, "dist_to_fault_km": 0.38, "dist_to_terrane_boundary_km": 15.16, "grid_id": "142_97", "year": 1996 }, "geometry": { "type": "Point", "coordinates": [ -126.35774, 57.85647 ] } },
{ "type": "Feature", "properties": { "sample_id": "ID094E963056", "latitude": 57.65858, "longitude": -126.6205, "rock_class": "intrusive rocks", "rock_type": "quartz monzonitic intrusive rocks", "terrane": "Post Accretionary", "terrane_name": "Quesnellia", "era": "Mesozoic", "lithium_ppm": 96.1, "cobalt_ppm": 11.3, "nickel_ppm": 28.6, "score_battery": 1.4190992395829674, "rank_battery": 699, "dist_to_fault_km": 1.23, "dist_to_terrane_boundary_km": 0.22, "grid_id": "140_96", "year": 1996 }, "geometry": { "type": "Point", "coordinates": [ -126.6205, 57.65858 ] } },
{ "type": "Feature", "properties": { "sample_id": "ID094E963065", "latitude": 57.82203, "longitude": -126.60672, "rock_class": "sedimentary rocks", "rock_type": "argillite, greywacke, wacke, conglomerate turbidites", "terrane": "Cassiar", "terrane_name": "Cassiar", "era": "Proterozoic", "lithium_ppm": 56.0, "cobalt_ppm": 16.8, "nickel_ppm": 60.1, "score_battery": 1.4348281211075253, "rank_battery": 653, "dist_to_fault_km": 2.12, "dist_to_terrane_boundary_km": 7.56, "grid_id": "142_96", "year": 1996 }, "geometry": { "type": "Point", "coordinates": [ -126.60672, 57.82203 ] } },
{ "type": "Feature", "properties": { "sample_id": "ID094E963070", "latitude": 57.8112, "longitude": -126.67623, "rock_class": "intrusive rocks", "rock_type": "quartz monzonitic intrusive rocks", "terrane": "Post Accretionary", "terrane_name": "Cassiar", "era": "Mesozoic", "lithium_ppm": 66.7, "cobalt_ppm": 27.7, "nickel_ppm": 47.6, "score_battery": 1.7504493705755673, "rank_battery": 179, "dist_to_fault_km": 2.12, "dist_to_terrane_boundary_km": 3.29, "grid_id": "142_95", "year": 1996 }, "geometry": { "type": "Point", "coordinates": [ -126.67623, 57.8112 ] } },
{ "type": "Feature", "properties": { "sample_id": "ID094E963085", "latitude": 57.86808, "longitude": -126.68162, "rock_class": "sedimentary rocks", "rock_type": "argillite, greywacke, wacke, conglomerate turbidites", "terrane": "Cassiar", "terrane_name": "Cassiar", "era": "Proterozoic", "lithium_ppm": 46.1, "cobalt_ppm": 24.3, "nickel_ppm": 55.9, "score_battery": 1.4680205444753018, "rank_battery": 575, "dist_to_fault_km": 0.09, "dist_to_terrane_boundary_km": 5.49, "grid_id": "143_95", "year": 1996 }, "geometry": { "type": "Point", "coordinates": [ -126.68162, 57.86808 ] } },
{ "type": "Feature", "properties": { "sample_id": "ID094E963094", "latitude": 57.88603, "longitude": -126.3921, "rock_class": "sedimentary rocks", "rock_type": "quartzite, quartz arenite sedimentary rocks", "terrane": "Cassiar", "terrane_name": "Cassiar", "era": "Proterozoic", "lithium_ppm": 48.6, "cobalt_ppm": 20.4, "nickel_ppm": 41.3, "score_battery": 1.3348372110602589, "rank_battery": 944, "dist_to_fault_km": 0.14, "dist_to_terrane_boundary_km": 15.07, "grid_id": "143_97", "year": 1996 }, "geometry": { "type": "Point", "coordinates": [ -126.3921, 57.88603 ] } },
{ "type": "Feature", "properties": { "sample_id": "ID094E963095", "latitude": 57.87027, "longitude": -126.37284, "rock_class": "sedimentary rocks", "rock_type": "limestone, marble, calcareous sedimentary rocks", "terrane": "Cassiar", "terrane_name": "Cassiar", "era": "Proterozoic", "lithium_ppm": 36.0, "cobalt_ppm": 43.7, "nickel_ppm": 80.2, "score_battery": 1.6973629109368666, "rank_battery": 218, "dist_to_fault_km": 0.22, "dist_to_terrane_boundary_km": 15.07, "grid_id": "143_97", "year": 1996 }, "geometry": { "type": "Point", "coordinates": [ -126.37284, 57.87027 ] } },
{ "type": "Feature", "properties": { "sample_id": "ID094E963178", "latitude": 57.53232, "longitude": -126.42646, "rock_class": "sedimentary rocks", "rock_type": "argillite, greywacke, wacke, conglomerate turbidites", "terrane": "Cassiar", "terrane_name": "Cassiar", "era": "Proterozoic", "lithium_ppm": 51.1, "cobalt_ppm": 23.7, "nickel_ppm": 68.5, "score_battery": 1.581095939372116, "rank_battery": 370, "dist_to_fault_km": 0.62, "dist_to_terrane_boundary_km": 7.63, "grid_id": "139_97", "year": 1996 }, "geometry": { "type": "Point", "coordinates": [ -126.42646, 57.53232 ] } },
{ "type": "Feature", "properties": { "sample_id": "ID094E963180", "latitude": 57.57194, "longitude": -126.37461, "rock_class": "sedimentary rocks", "rock_type": "argillite, greywacke, wacke, conglomerate turbidites", "terrane": "Cassiar", "terrane_name": "Cassiar", "era": "Proterozoic", "lithium_ppm": 44.0, "cobalt_ppm": 21.8, "nickel_ppm": 51.1, "score_battery": 1.3560818809766246, "rank_battery": 871, "dist_to_fault_km": 2.31, "dist_to_terrane_boundary_km": 10.68, "grid_id": "139_97", "year": 1996 }, "geometry": { "type": "Point", "coordinates": [ -126.37461, 57.57194 ] } },
{ "type": "Feature", "properties": { "sample_id": "ID094E963190", "latitude": 57.50941, "longitude": -126.44048, "rock_class": "sedimentary rocks", "rock_type": "argillite, greywacke, wacke, conglomerate turbidites", "terrane": "Cassiar", "terrane_name": "Cassiar", "era": "Proterozoic", "lithium_ppm": 29.1, "cobalt_ppm": 38.6, "nickel_ppm": 63.3, "score_battery": 1.4226814986585794, "rank_battery": 689, "dist_to_fault_km": 0.69, "dist_to_terrane_boundary_km": 6.82, "grid_id": "139_97", "year": 1996 }, "geometry": { "type": "Point", "coordinates": [ -126.44048, 57.50941 ] } },
{ "type": "Feature", "properties": { "sample_id": "ID094E963209", "latitude": 57.26754, "longitude": -127.07278, "rock_class": "intrusive rocks", "rock_type": "undivided intrusive rocks", "terrane": "Post Accretionary", "terrane_name": "Stikinia", "era": "Mesozoic", "lithium_ppm": 20.5, "cobalt_ppm": 65.5, "nickel_ppm": 72.9, "score_battery": 1.4985942910998569, "rank_battery": 523, "dist_to_fault_km": 0.79, "dist_to_terrane_boundary_km": 27.74, "grid_id": "136_93", "year": 1996 }, "geometry": { "type": "Point", "coordinates": [ -127.07278, 57.26754 ] } },
{ "type": "Feature", "properties": { "sample_id": "ID094E963250", "latitude": 57.45313, "longitude": -126.46334, "rock_class": "sedimentary rocks", "rock_type": "argillite, greywacke, wacke, conglomerate turbidites", "terrane": "Cassiar", "terrane_name": "Cassiar", "era": "Proterozoic", "lithium_ppm": 48.5, "cobalt_ppm": 35.9, "nickel_ppm": 132.4, "score_battery": 1.9361830912363556, "rank_battery": 74, "dist_to_fault_km": 5.57, "dist_to_terrane_boundary_km": 5.52, "grid_id": "138_97", "year": 1996 }, "geometry": { "type": "Point", "coordinates": [ -126.46334, 57.45313 ] } },
{ "type": "Feature", "properties": { "sample_id": "ID094E963251", "latitude": 57.44761, "longitude": -126.46744, "rock_class": "sedimentary rocks", "rock_type": "argillite, greywacke, wacke, conglomerate turbidites", "terrane": "Cassiar", "terrane_name": "Cassiar", "era": "Proterozoic", "lithium_ppm": 39.9, "cobalt_ppm": 31.8, "nickel_ppm": 41.6, "score_battery": 1.4281154225508248, "rank_battery": 670, "dist_to_fault_km": 5.33, "dist_to_terrane_boundary_km": 5.29, "grid_id": "138_97", "year": 1996 }, "geometry": { "type": "Point", "coordinates": [ -126.46744, 57.44761 ] } },
{ "type": "Feature", "properties": { "sample_id": "ID094E963266", "latitude": 57.56706, "longitude": -126.52549, "rock_class": "sedimentary rocks", "rock_type": "argillite, greywacke, wacke, conglomerate turbidites", "terrane": "Cassiar", "terrane_name": "Cassiar", "era": "Proterozoic", "lithium_ppm": 44.4, "cobalt_ppm": 28.9, "nickel_ppm": 81.7, "score_battery": 1.6326276161244557, "rank_battery": 295, "dist_to_fault_km": 1.73, "dist_to_terrane_boundary_km": 1.67, "grid_id": "139_96", "year": 1996 }, "geometry": { "type": "Point", "coordinates": [ -126.52549, 57.56706 ] } },
{ "type": "Feature", "properties": { "sample_id": "ID094E963267", "latitude": 57.48413, "longitude": -126.49386, "rock_class": "sedimentary rocks", "rock_type": "argillite, greywacke, wacke, conglomerate turbidites", "terrane": "Cassiar", "terrane_name": "Cassiar", "era": "Proterozoic", "lithium_ppm": 43.5, "cobalt_ppm": 87.4, "nickel_ppm": 171.9, "score_battery": 2.3980777309149777, "rank_battery": 15, "dist_to_fault_km": 3.68, "dist_to_terrane_boundary_km": 3.66, "grid_id": "138_97", "year": 1996 }, "geometry": { "type": "Point", "coordinates": [ -126.49386, 57.48413 ] } },
{ "type": "Feature", "properties": { "sample_id": "ID094E963268", "latitude": 57.4483, "longitude": -126.48221, "rock_class": "sedimentary rocks", "rock_type": "argillite, greywacke, wacke, conglomerate turbidites", "terrane": "Cassiar", "terrane_name": "Cassiar", "era": "Proterozoic", "lithium_ppm": 79.6, "cobalt_ppm": 19.9, "nickel_ppm": 43.6, "score_battery": 1.6814607583278018, "rank_battery": 233, "dist_to_fault_km": 4.44, "dist_to_terrane_boundary_km": 4.4, "grid_id": "138_97", "year": 1996 }, "geometry": { "type": "Point", "coordinates": [ -126.48221, 57.4483 ] } },
{ "type": "Feature", "properties": { "sample_id": "ID094E963269", "latitude": 57.4483, "longitude": -126.48221, "rock_class": "sedimentary rocks", "rock_type": "argillite, greywacke, wacke, conglomerate turbidites", "terrane": "Cassiar", "terrane_name": "Cassiar", "era": "Proterozoic", "lithium_ppm": 75.9, "cobalt_ppm": 19.1, "nickel_ppm": 45.2, "score_battery": 1.6367607041592731, "rank_battery": 286, "dist_to_fault_km": 4.44, "dist_to_terrane_boundary_km": 4.4, "grid_id": "138_97", "year": 1996 }, "geometry": { "type": "Point", "coordinates": [ -126.48221, 57.4483 ] } },
{ "type": "Feature", "properties": { "sample_id": "ID094E963271", "latitude": 57.47674, "longitude": -126.27244, "rock_class": "sedimentary rocks", "rock_type": "mudstone, siltstone, shale fine clastic sedimentary rocks", "terrane": "Cassiar", "terrane_name": "Cassiar", "era": "Proterozoic", "lithium_ppm": 37.8, "cobalt_ppm": 34.9, "nickel_ppm": 110.3, "score_battery": 1.6993584578837919, "rank_battery": 215, "dist_to_fault_km": 1.05, "dist_to_terrane_boundary_km": 16.93, "grid_id": "138_98", "year": 1996 }, "geometry": { "type": "Point", "coordinates": [ -126.27244, 57.47674 ] } },
{ "type": "Feature", "properties": { "sample_id": "ID094E963291", "latitude": 57.33899, "longitude": -126.23446, "rock_class": "sedimentary rocks", "rock_type": "argillite, greywacke, wacke, conglomerate turbidites", "terrane": "Cassiar", "terrane_name": "Cassiar", "era": "Proterozoic", "lithium_ppm": 32.7, "cobalt_ppm": 29.0, "nickel_ppm": 84.9, "score_battery": 1.4329935646701704, "rank_battery": 657, "dist_to_fault_km": 6.17, "dist_to_terrane_boundary_km": 19.52, "grid_id": "137_98", "year": 1996 }, "geometry": { "type": "Point", "coordinates": [ -126.23446, 57.33899 ] } },
{ "type": "Feature", "properties": { "sample_id": "ID094E963293", "latitude": 57.27031, "longitude": -126.3647, "rock_class": "intrusive rocks", "rock_type": "quartz monzonitic intrusive rocks", "terrane": "Post Accretionary", "terrane_name": "Cassiar", "era": "Mesozoic", "lithium_ppm": 99.1, "cobalt_ppm": 42.3, "nickel_ppm": 37.9, "score_battery": 2.1878498776845774, "rank_battery": 26, "dist_to_fault_km": 11.29, "dist_to_terrane_boundary_km": 11.69, "grid_id": "136_97", "year": 1996 }, "geometry": { "type": "Point", "coordinates": [ -126.3647, 57.27031 ] } },
{ "type": "Feature", "properties": { "sample_id": "ID094E963294", "latitude": 57.28956, "longitude": -126.32681, "rock_class": "sedimentary rocks", "rock_type": "argillite, greywacke, wacke, conglomerate turbidites", "terrane": "Cassiar", "terrane_name": "Cassiar", "era": "Proterozoic", "lithium_ppm": 46.0, "cobalt_ppm": 114.6, "nickel_ppm": 268.7, "score_battery": 2.7009176084084561, "rank_battery": 5, "dist_to_fault_km": 13.07, "dist_to_terrane_boundary_km": 14.35, "grid_id": "136_98", "year": 1996 }, "geometry": { "type": "Point", "coordinates": [ -126.32681, 57.28956 ] } },
{ "type": "Feature", "properties": { "sample_id": "ID094E963298", "latitude": 57.29001, "longitude": -126.1961, "rock_class": "sedimentary rocks", "rock_type": "argillite, greywacke, wacke, conglomerate turbidites", "terrane": "Cassiar", "terrane_name": "Cassiar", "era": "Proterozoic", "lithium_ppm": 33.0, "cobalt_ppm": 28.6, "nickel_ppm": 66.0, "score_battery": 1.3647361841922163, "rank_battery": 839, "dist_to_fault_km": 5.27, "dist_to_terrane_boundary_km": 21.7, "grid_id": "136_98", "year": 1996 }, "geometry": { "type": "Point", "coordinates": [ -126.1961, 57.29001 ] } },
{ "type": "Feature", "properties": { "sample_id": "ID094E963306", "latitude": 57.50372, "longitude": -126.53662, "rock_class": "intrusive rocks", "rock_type": "quartz monzonitic intrusive rocks", "terrane": "Post Accretionary", "terrane_name": "Cassiar", "era": "Mesozoic", "lithium_ppm": 40.7, "cobalt_ppm": 36.1, "nickel_ppm": 121.3, "score_battery": 1.7937032063269966, "rank_battery": 138, "dist_to_fault_km": 1.1, "dist_to_terrane_boundary_km": 1.07, "grid_id": "139_96", "year": 1996 }, "geometry": { "type": "Point", "coordinates": [ -126.53662, 57.50372 ] } },
{ "type": "Feature", "properties": { "sample_id": "ID094E963307", "latitude": 57.50372, "longitude": -126.53662, "rock_class": "intrusive rocks", "rock_type": "quartz monzonitic intrusive rocks", "terrane": "Post Accretionary", "terrane_name": "Cassiar", "era": "Mesozoic", "lithium_ppm": 37.4, "cobalt_ppm": 31.6, "nickel_ppm": 109.7, "score_battery": 1.6389644590029078, "rank_battery": 282, "dist_to_fault_km": 1.1, "dist_to_terrane_boundary_km": 1.07, "grid_id": "139_96", "year": 1996 }, "geometry": { "type": "Point", "coordinates": [ -126.53662, 57.50372 ] } },
{ "type": "Feature", "properties": { "sample_id": "ID094E963317", "latitude": 57.26904, "longitude": -126.0883, "rock_class": "sedimentary rocks", "rock_type": "limestone, marble, calcareous sedimentary rocks", "terrane": "Cassiar", "terrane_name": "Cassiar", "era": "Proterozoic", "lithium_ppm": 59.1, "cobalt_ppm": 18.1, "nickel_ppm": 40.5, "score_battery": 1.4052666684022233, "rank_battery": 734, "dist_to_fault_km": 0.09, "dist_to_terrane_boundary_km": 26.21, "grid_id": "136_99", "year": 1996 }, "geometry": { "type": "Point", "coordinates": [ -126.0883, 57.26904 ] } },
{ "type": "Feature", "properties": { "sample_id": "ID094E963323", "latitude": 57.36627, "longitude": -126.2518, "rock_class": "sedimentary rocks", "rock_type": "argillite, greywacke, wacke, conglomerate turbidites", "terrane": "Cassiar", "terrane_name": "Cassiar", "era": "Proterozoic", "lithium_ppm": 51.6, "cobalt_ppm": 31.3, "nickel_ppm": 75.1, "score_battery": 1.7559424025867161, "rank_battery": 171, "dist_to_fault_km": 5.61, "dist_to_terrane_boundary_km": 18.34, "grid_id": "137_98", "year": 1996 }, "geometry": { "type": "Point", "coordinates": [ -126.2518, 57.36627 ] } },
{ "type": "Feature", "properties": { "sample_id": "ID094E963327", "latitude": 57.30929, "longitude": -126.36399, "rock_class": "sedimentary rocks", "rock_type": "argillite, greywacke, wacke, conglomerate turbidites", "terrane": "Cassiar", "terrane_name": "Cassiar", "era": "Proterozoic", "lithium_ppm": 30.2, "cobalt_ppm": 69.5, "nickel_ppm": 111.3, "score_battery": 1.9078246111689721, "rank_battery": 84, "dist_to_fault_km": 11.48, "dist_to_terrane_boundary_km": 11.97, "grid_id": "136_97", "year": 1996 }, "geometry": { "type": "Point", "coordinates": [ -126.36399, 57.30929 ] } },
{ "type": "Feature", "properties": { "sample_id": "ID094E963329", "latitude": 57.31537, "longitude": -126.27903, "rock_class": "sedimentary rocks", "rock_type": "argillite, greywacke, wacke, conglomerate turbidites", "terrane": "Cassiar", "terrane_name": "Cassiar", "era": "Proterozoic", "lithium_ppm": 34.5, "cobalt_ppm": 62.8, "nickel_ppm": 160.2, "score_battery": 2.0441544019294806, "rank_battery": 48, "dist_to_fault_km": 9.8, "dist_to_terrane_boundary_km": 17.03, "grid_id": "136_98", "year": 1996 }, "geometry": { "type": "Point", "coordinates": [ -126.27903, 57.31537 ] } },
{ "type": "Feature", "properties": { "sample_id": "ID094E963330", "latitude": 57.28377, "longitude": -126.28083, "rock_class": "sedimentary rocks", "rock_type": "argillite, greywacke, wacke, conglomerate turbidites", "terrane": "Cassiar", "terrane_name": "Cassiar", "era": "Proterozoic", "lithium_ppm": 26.9, "cobalt_ppm": 36.5, "nickel_ppm": 80.3, "score_battery": 1.4032278681527253, "rank_battery": 741, "dist_to_fault_km": 10.27, "dist_to_terrane_boundary_km": 16.86, "grid_id": "136_98", "year": 1996 }, "geometry": { "type": "Point", "coordinates": [ -126.28083, 57.28377 ] } },
{ "type": "Feature", "properties": { "sample_id": "ID094E963335", "latitude": 57.26903, "longitude": -126.18915, "rock_class": "sedimentary rocks", "rock_type": "argillite, greywacke, wacke, conglomerate turbidites", "terrane": "Cassiar", "terrane_name": "Cassiar", "era": "Proterozoic", "lithium_ppm": 32.6, "cobalt_ppm": 111.3, "nickel_ppm": 330.1, "score_battery": 2.5026122662027959, "rank_battery": 11, "dist_to_fault_km": 4.92, "dist_to_terrane_boundary_km": 20.93, "grid_id": "136_98", "year": 1996 }, "geometry": { "type": "Point", "coordinates": [ -126.18915, 57.26903 ] } },
{ "type": "Feature", "properties": { "sample_id": "ID094E963340", "latitude": 57.22105, "longitude": -126.39025, "rock_class": "sedimentary rocks", "rock_type": "argillite, greywacke, wacke, conglomerate turbidites", "terrane": "Cassiar", "terrane_name": "Cassiar", "era": "Proterozoic", "lithium_ppm": 53.6, "cobalt_ppm": 78.1, "nickel_ppm": 53.0, "score_battery": 2.1684128588565095, "rank_battery": 29, "dist_to_fault_km": 8.17, "dist_to_terrane_boundary_km": 7.75, "grid_id": "135_97", "year": 1996 }, "geometry": { "type": "Point", "coordinates": [ -126.39025, 57.22105 ] } },
{ "type": "Feature", "properties": { "sample_id": "ID094E963345", "latitude": 57.41984, "longitude": -126.31758, "rock_class": "sedimentary rocks", "rock_type": "argillite, greywacke, wacke, conglomerate turbidites", "terrane": "Cassiar", "terrane_name": "Cassiar", "era": "Proterozoic", "lithium_ppm": 40.3, "cobalt_ppm": 22.3, "nickel_ppm": 57.8, "score_battery": 1.3395307450405427, "rank_battery": 923, "dist_to_fault_km": 6.34, "dist_to_terrane_boundary_km": 14.31, "grid_id": "138_98", "year": 1996 }, "geometry": { "type": "Point", "coordinates": [ -126.31758, 57.41984 ] } },
{ "type": "Feature", "properties": { "sample_id": "ID094E963346", "latitude": 57.39894, "longitude": -126.35748, "rock_class": "sedimentary rocks", "rock_type": "argillite, greywacke, wacke, conglomerate turbidites", "terrane": "Cassiar", "terrane_name": "Cassiar", "era": "Proterozoic", "lithium_ppm": 29.1, "cobalt_ppm": 32.3, "nickel_ppm": 67.4, "score_battery": 1.3467784214156531, "rank_battery": 898, "dist_to_fault_km": 9.51, "dist_to_terrane_boundary_km": 11.95, "grid_id": "137_97", "year": 1996 }, "geometry": { "type": "Point", "coordinates": [ -126.35748, 57.39894 ] } },
{ "type": "Feature", "properties": { "sample_id": "ID094E963360", "latitude": 57.15344, "longitude": -126.2185, "rock_class": "sedimentary rocks", "rock_type": "argillite, greywacke, wacke, conglomerate turbidites", "terrane": "Cassiar", "terrane_name": "Cassiar", "era": "Proterozoic", "lithium_ppm": 33.2, "cobalt_ppm": 24.8, "nickel_ppm": 83.8, "score_battery": 1.3593042550309384, "rank_battery": 851, "dist_to_fault_km": 10.93, "dist_to_terrane_boundary_km": 12.99, "grid_id": "135_98", "year": 1996 }, "geometry": { "type": "Point", "coordinates": [ -126.2185, 57.15344 ] } },
{ "type": "Feature", "properties": { "sample_id": "ID094E963364", "latitude": 57.23431, "longitude": -126.42364, "rock_class": "sedimentary rocks", "rock_type": "argillite, greywacke, wacke, conglomerate turbidites", "terrane": "Cassiar", "terrane_name": "Cassiar", "era": "Proterozoic", "lithium_ppm": 39.9, "cobalt_ppm": 23.5, "nickel_ppm": 52.9, "score_battery": 1.3358814174962277, "rank_battery": 937, "dist_to_fault_km": 6.91, "dist_to_terrane_boundary_km": 6.67, "grid_id": "136_97", "year": 1996 }, "geometry": { "type": "Point", "coordinates": [ -126.42364, 57.23431 ] } },
{ "type": "Feature", "properties": { "sample_id": "ID094E963369", "latitude": 57.23734, "longitude": -126.41936, "rock_class": "sedimentary rocks", "rock_type": "argillite, greywacke, wacke, conglomerate turbidites", "terrane": "Cassiar", "terrane_name": "Cassiar", "era": "Proterozoic", "lithium_ppm": 128.0, "cobalt_ppm": 10.1, "nickel_ppm": 19.0, "score_battery": 1.4597120769693406, "rank_battery": 596, "dist_to_fault_km": 7.28, "dist_to_terrane_boundary_km": 7.06, "grid_id": "136_97", "year": 1996 }, "geometry": { "type": "Point", "coordinates": [ -126.41936, 57.23734 ] } },
{ "type": "Feature", "properties": { "sample_id": "ID094E963371", "latitude": 57.35823, "longitude": -126.39962, "rock_class": "sedimentary rocks", "rock_type": "argillite, greywacke, wacke, conglomerate turbidites", "terrane": "Cassiar", "terrane_name": "Cassiar", "era": "Proterozoic", "lithium_ppm": 64.0, "cobalt_ppm": 20.3, "nickel_ppm": 40.0, "score_battery": 1.5159619047394819, "rank_battery": 481, "dist_to_fault_km": 9.46, "dist_to_terrane_boundary_km": 9.48, "grid_id": "137_97", "year": 1996 }, "geometry": { "type": "Point", "coordinates": [ -126.39962, 57.35823 ] } },
{ "type": "Feature", "properties": { "sample_id": "ID094E963376", "latitude": 57.18266, "longitude": -126.26367, "rock_class": "sedimentary rocks", "rock_type": "argillite, greywacke, wacke, conglomerate turbidites", "terrane": "Cassiar", "terrane_name": "Cassiar", "era": "Proterozoic", "lithium_ppm": 48.2, "cobalt_ppm": 42.9, "nickel_ppm": 74.3, "score_battery": 1.8697022980399756, "rank_battery": 98, "dist_to_fault_km": 11.47, "dist_to_terrane_boundary_km": 12.24, "grid_id": "135_98", "year": 1996 }, "geometry": { "type": "Point", "coordinates": [ -126.26367, 57.18266 ] } },
{ "type": "Feature", "properties": { "sample_id": "ID094E963377", "latitude": 57.1528, "longitude": -126.22561, "rock_class": "sedimentary rocks", "rock_type": "argillite, greywacke, wacke, conglomerate turbidites", "terrane": "Cassiar", "terrane_name": "Cassiar", "era": "Proterozoic", "lithium_ppm": 37.7, "cobalt_ppm": 27.7, "nickel_ppm": 52.9, "score_battery": 1.3812180048217555, "rank_battery": 797, "dist_to_fault_km": 10.56, "dist_to_terrane_boundary_km": 12.58, "grid_id": "135_98", "year": 1996 }, "geometry": { "type": "Point", "coordinates": [ -126.22561, 57.1528 ] } },
{ "type": "Feature", "properties": { "sample_id": "ID094E963379", "latitude": 57.21781, "longitude": -126.13766, "rock_class": "sedimentary rocks", "rock_type": "argillite, greywacke, wacke, conglomerate turbidites", "terrane": "Cassiar", "terrane_name": "Cassiar", "era": "Proterozoic", "lithium_ppm": 28.9, "cobalt_ppm": 70.4, "nickel_ppm": 232.7, "score_battery": 2.0830801006513306, "rank_battery": 41, "dist_to_fault_km": 5.13, "dist_to_terrane_boundary_km": 20.79, "grid_id": "135_99", "year": 1996 }, "geometry": { "type": "Point", "coordinates": [ -126.13766, 57.21781 ] } },
{ "type": "Feature", "properties": { "sample_id": "ID094E963395", "latitude": 57.24067, "longitude": -127.78406, "rock_class": "sedimentary rocks", "rock_type": "undivided sedimentary rocks", "terrane": "Overlap", "terrane_name": "Stikinia", "era": "Mesozoic", "lithium_ppm": 30.1, "cobalt_ppm": 22.2, "nickel_ppm": 166.4, "score_battery": 1.4193941075832637, "rank_battery": 698, "dist_to_fault_km": 2.49, "dist_to_terrane_boundary_km": 61.99, "grid_id": "136_89", "year": 1996 }, "geometry": { "type": "Point", "coordinates": [ -127.78406, 57.24067 ] } },
{ "type": "Feature", "properties": { "sample_id": "ID094E963396", "latitude": 57.21569, "longitude": -127.84787, "rock_class": "sedimentary rocks", "rock_type": "undivided sedimentary rocks", "terrane": "Overlap", "terrane_name": "Stikinia", "era": "Mesozoic", "lithium_ppm": 39.7, "cobalt_ppm": 18.7, "nickel_ppm": 163.1, "score_battery": 1.5176560215916206, "rank_battery": 477, "dist_to_fault_km": 4.6, "dist_to_terrane_boundary_km": 66.62, "grid_id": "135_88", "year": 1996 }, "geometry": { "type": "Point", "coordinates": [ -127.84787, 57.21569 ] } },
{ "type": "Feature", "properties": { "sample_id": "ID094E963397", "latitude": 57.18525, "longitude": -127.86075, "rock_class": "sedimentary rocks", "rock_type": "undivided sedimentary rocks", "terrane": "Overlap", "terrane_name": "Stikinia", "era": "Mesozoic", "lithium_ppm": 35.3, "cobalt_ppm": 21.1, "nickel_ppm": 174.9, "score_battery": 1.51668329671793, "rank_battery": 479, "dist_to_fault_km": 1.58, "dist_to_terrane_boundary_km": 69.69, "grid_id": "135_88", "year": 1996 }, "geometry": { "type": "Point", "coordinates": [ -127.86075, 57.18525 ] } },
{ "type": "Feature", "properties": { "sample_id": "ID094E963399", "latitude": 57.1521, "longitude": -127.80566, "rock_class": "sedimentary rocks", "rock_type": "undivided sedimentary rocks", "terrane": "Overlap", "terrane_name": "Stikinia", "era": "Mesozoic", "lithium_ppm": 37.4, "cobalt_ppm": 21.3, "nickel_ppm": 158.4, "score_battery": 1.5347479352012392, "rank_battery": 448, "dist_to_fault_km": 1.21, "dist_to_terrane_boundary_km": 70.5, "grid_id": "135_89", "year": 1996 }, "geometry": { "type": "Point", "coordinates": [ -127.80566, 57.1521 ] } },
{ "type": "Feature", "properties": { "sample_id": "ID094E963400", "latitude": 57.11952, "longitude": -127.78243, "rock_class": "sedimentary rocks", "rock_type": "undivided sedimentary rocks", "terrane": "Overlap", "terrane_name": "Stikinia", "era": "Mesozoic", "lithium_ppm": 37.5, "cobalt_ppm": 20.5, "nickel_ppm": 159.4, "score_battery": 1.5187535795848723, "rank_battery": 473, "dist_to_fault_km": 2.53, "dist_to_terrane_boundary_km": 71.97, "grid_id": "134_89", "year": 1996 }, "geometry": { "type": "Point", "coordinates": [ -127.78243, 57.11952 ] } },
{ "type": "Feature", "properties": { "sample_id": "ID094E963402", "latitude": 57.16439, "longitude": -126.17826, "rock_class": "sedimentary rocks", "rock_type": "argillite, greywacke, wacke, conglomerate turbidites", "terrane": "Cassiar", "terrane_name": "Cassiar", "era": "Proterozoic", "lithium_ppm": 42.9, "cobalt_ppm": 65.9, "nickel_ppm": 172.1, "score_battery": 2.2397176091515161, "rank_battery": 17, "dist_to_fault_km": 10.86, "dist_to_terrane_boundary_km": 15.71, "grid_id": "135_98", "year": 1996 }, "geometry": { "type": "Point", "coordinates": [ -126.17826, 57.16439 ] } },
{ "type": "Feature", "properties": { "sample_id": "ID094E963403", "latitude": 57.19975, "longitude": -126.12108, "rock_class": "sedimentary rocks", "rock_type": "argillite, greywacke, wacke, conglomerate turbidites", "terrane": "Cassiar", "terrane_name": "Cassiar", "era": "Proterozoic", "lithium_ppm": 57.5, "cobalt_ppm": 18.8, "nickel_ppm": 60.7, "score_battery": 1.5128766487959306, "rank_battery": 486, "dist_to_fault_km": 5.68, "dist_to_terrane_boundary_km": 20.66, "grid_id": "135_99", "year": 1996 }, "geometry": { "type": "Point", "coordinates": [ -126.12108, 57.19975 ] } },
{ "type": "Feature", "properties": { "sample_id": "ID094E963404", "latitude": 57.22852, "longitude": -126.12571, "rock_class": "sedimentary rocks", "rock_type": "argillite, greywacke, wacke, conglomerate turbidites", "terrane": "Cassiar", "terrane_name": "Cassiar", "era": "Proterozoic", "lithium_ppm": 25.4, "cobalt_ppm": 39.5, "nickel_ppm": 126.9, "score_battery": 1.5279789276626718, "rank_battery": 457, "dist_to_fault_km": 3.88, "dist_to_terrane_boundary_km": 22.01, "grid_id": "135_99", "year": 1996 }, "geometry": { "type": "Point", "coordinates": [ -126.12571, 57.22852 ] } },
{ "type": "Feature", "properties": { "sample_id": "ID094E963408", "latitude": 57.16907, "longitude": -126.03535, "rock_class": "sedimentary rocks", "rock_type": "argillite, greywacke, wacke, conglomerate turbidites", "terrane": "Cassiar", "terrane_name": "Cassiar", "era": "Proterozoic", "lithium_ppm": 54.6, "cobalt_ppm": 15.5, "nickel_ppm": 50.2, "score_battery": 1.3286750521172574, "rank_battery": 965, "dist_to_fault_km": 4.48, "dist_to_terrane_boundary_km": 23.79, "grid_id": "135_99", "year": 1996 }, "geometry": { "type": "Point", "coordinates": [ -126.03535, 57.16907 ] } },
{ "type": "Feature", "properties": { "sample_id": "ID094E963411", "latitude": 57.15185, "longitude": -126.11134, "rock_class": "sedimentary rocks", "rock_type": "argillite, greywacke, wacke, conglomerate turbidites", "terrane": "Cassiar", "terrane_name": "Cassiar", "era": "Proterozoic", "lithium_ppm": 37.0, "cobalt_ppm": 37.3, "nickel_ppm": 95.4, "score_battery": 1.6801962865387523, "rank_battery": 237, "dist_to_fault_km": 8.94, "dist_to_terrane_boundary_km": 18.81, "grid_id": "135_99", "year": 1996 }, "geometry": { "type": "Point", "coordinates": [ -126.11134, 57.15185 ] } },
{ "type": "Feature", "properties": { "sample_id": "ID094E963414", "latitude": 57.14631, "longitude": -126.35534, "rock_class": "sedimentary rocks", "rock_type": "argillite, greywacke, wacke, conglomerate turbidites", "terrane": "Cassiar", "terrane_name": "Cassiar", "era": "Proterozoic", "lithium_ppm": 30.2, "cobalt_ppm": 39.0, "nickel_ppm": 60.6, "score_battery": 1.4419238817093045, "rank_battery": 643, "dist_to_fault_km": 5.62, "dist_to_terrane_boundary_km": 5.42, "grid_id": "135_97", "year": 1996 }, "geometry": { "type": "Point", "coordinates": [ -126.35534, 57.14631 ] } },
{ "type": "Feature", "properties": { "sample_id": "ID094E963425", "latitude": 57.1752, "longitude": -126.00834, "rock_class": "sedimentary rocks", "rock_type": "argillite, greywacke, wacke, conglomerate turbidites", "terrane": "Cassiar", "terrane_name": "Cassiar", "era": "Proterozoic", "lithium_ppm": 56.4, "cobalt_ppm": 23.3, "nickel_ppm": 66.3, "score_battery": 1.6324673834894425, "rank_battery": 296, "dist_to_fault_km": 2.8, "dist_to_terrane_boundary_km": 25.55, "grid_id": "135_99", "year": 1996 }, "geometry": { "type": "Point", "coordinates": [ -126.00834, 57.1752 ] } },
{ "type": "Feature", "properties": { "sample_id": "ID094E963426", "latitude": 57.18061, "longitude": -126.05566, "rock_class": "sedimentary rocks", "rock_type": "argillite, greywacke, wacke, conglomerate turbidites", "terrane": "Cassiar", "terrane_name": "Cassiar", "era": "Proterozoic", "lithium_ppm": 42.2, "cobalt_ppm": 20.6, "nickel_ppm": 79.0, "score_battery": 1.4144473607233339, "rank_battery": 716, "dist_to_fault_km": 4.3, "dist_to_terrane_boundary_km": 23.17, "grid_id": "135_99", "year": 1996 }, "geometry": { "type": "Point", "coordinates": [ -126.05566, 57.18061 ] } },
{ "type": "Feature", "properties": { "sample_id": "ID094E963438", "latitude": 57.24524, "longitude": -127.80439, "rock_class": "sedimentary rocks", "rock_type": "undivided sedimentary rocks", "terrane": "Overlap", "terrane_name": "Stikinia", "era": "Mesozoic", "lithium_ppm": 27.2, "cobalt_ppm": 22.7, "nickel_ppm": 153.9, "score_battery": 1.3402158668494626, "rank_battery": 920, "dist_to_fault_km": 1.23, "dist_to_terrane_boundary_km": 62.41, "grid_id": "136_89", "year": 1996 }, "geometry": { "type": "Point", "coordinates": [ -127.80439, 57.24524 ] } },
{ "type": "Feature", "properties": { "sample_id": "ID094E963442", "latitude": 57.18434, "longitude": -127.85697, "rock_class": "sedimentary rocks", "rock_type": "undivided sedimentary rocks", "terrane": "Overlap", "terrane_name": "Stikinia", "era": "Mesozoic", "lithium_ppm": 31.1, "cobalt_ppm": 20.3, "nickel_ppm": 164.0, "score_battery": 1.3922672848329494, "rank_battery": 768, "dist_to_fault_km": 1.38, "dist_to_terrane_boundary_km": 69.63, "grid_id": "135_88", "year": 1996 }, "geometry": { "type": "Point", "coordinates": [ -127.85697, 57.18434 ] } },
{ "type": "Feature", "properties": { "sample_id": "ID094E963444", "latitude": 57.18434, "longitude": -127.85697, "rock_class": "sedimentary rocks", "rock_type": "undivided sedimentary rocks", "terrane": "Overlap", "terrane_name": "Stikinia", "era": "Mesozoic", "lithium_ppm": 33.0, "cobalt_ppm": 20.9, "nickel_ppm": 166.7, "score_battery": 1.452376149767074, "rank_battery": 614, "dist_to_fault_km": 1.38, "dist_to_terrane_boundary_km": 69.63, "grid_id": "135_88", "year": 1996 }, "geometry": { "type": "Point", "coordinates": [ -127.85697, 57.18434 ] } },
{ "type": "Feature", "properties": { "sample_id": "ID094E963460", "latitude": 57.01687, "longitude": -126.16579, "rock_class": "sedimentary rocks", "rock_type": "argillite, greywacke, wacke, conglomerate turbidites", "terrane": "Cassiar", "terrane_name": "Cassiar", "era": "Proterozoic", "lithium_ppm": 18.4, "cobalt_ppm": 114.1, "nickel_ppm": 104.2, "score_battery": 1.8147123465772488, "rank_battery": 128, "dist_to_fault_km": 7.34, "dist_to_terrane_boundary_km": 9.8, "grid_id": "133_98", "year": 1996 }, "geometry": { "type": "Point", "coordinates": [ -126.16579, 57.01687 ] } },
{ "type": "Feature", "properties": { "sample_id": "ID094E963464", "latitude": 57.09359, "longitude": -127.82364, "rock_class": "sedimentary rocks", "rock_type": "siltstone", "terrane": "Overlap", "terrane_name": "Stikinia", "era": "Mesozoic", "lithium_ppm": 35.3, "cobalt_ppm": 18.3, "nickel_ppm": 121.5, "score_battery": 1.346136209925912, "rank_battery": 900, "dist_to_fault_km": 1.37, "dist_to_terrane_boundary_km": 75.32, "grid_id": "134_88", "year": 1996 }, "geometry": { "type": "Point", "coordinates": [ -127.82364, 57.09359 ] } },
{ "type": "Feature", "properties": { "sample_id": "ID094E963495", "latitude": 57.06888, "longitude": -126.17027, "rock_class": "sedimentary rocks", "rock_type": "argillite, greywacke, wacke, conglomerate turbidites", "terrane": "Cassiar", "terrane_name": "Cassiar", "era": "Proterozoic", "lithium_ppm": 29.8, "cobalt_ppm": 59.0, "nickel_ppm": 179.5, "score_battery": 1.941084154679773, "rank_battery": 73, "dist_to_fault_km": 7.23, "dist_to_terrane_boundary_km": 11.86, "grid_id": "134_98", "year": 1996 }, "geometry": { "type": "Point", "coordinates": [ -126.17027, 57.06888 ] } },
{ "type": "Feature", "properties": { "sample_id": "ID094E965003", "latitude": 57.05099, "longitude": -126.13127, "rock_class": "sedimentary rocks", "rock_type": "argillite, greywacke, wacke, conglomerate turbidites", "terrane": "Cassiar", "terrane_name": "Cassiar", "era": "Proterozoic", "lithium_ppm": 20.3, "cobalt_ppm": 49.1, "nickel_ppm": 68.7, "score_battery": 1.3246493850464456, "rank_battery": 977, "dist_to_fault_km": 8.97, "dist_to_terrane_boundary_km": 13.23, "grid_id": "134_99", "year": 1996 }, "geometry": { "type": "Point", "coordinates": [ -126.13127, 57.05099 ] } },
{ "type": "Feature", "properties": { "sample_id": "ID094E965004", "latitude": 57.09992, "longitude": -126.05157, "rock_class": "sedimentary rocks", "rock_type": "argillite, greywacke, wacke, conglomerate turbidites", "terrane": "Cassiar", "terrane_name": "Cassiar", "era": "Proterozoic", "lithium_ppm": 39.5, "cobalt_ppm": 21.8, "nickel_ppm": 78.7, "score_battery": 1.3964939714668734, "rank_battery": 760, "dist_to_fault_km": 10.48, "dist_to_terrane_boundary_km": 19.83, "grid_id": "134_99", "year": 1996 }, "geometry": { "type": "Point", "coordinates": [ -126.05157, 57.09992 ] } },
{ "type": "Feature", "properties": { "sample_id": "ID094E965060", "latitude": 57.07476, "longitude": -126.78993, "rock_class": "volcanic rocks", "rock_type": "undivided volcanic rocks", "terrane": "Stikinia", "terrane_name": "Stikinia", "era": "Mesozoic", "lithium_ppm": 13.2, "cobalt_ppm": 141.5, "nickel_ppm": 26.0, "score_battery": 1.3384862372042226, "rank_battery": 930, "dist_to_fault_km": 1.54, "dist_to_terrane_boundary_km": 14.14, "grid_id": "134_95", "year": 1996 }, "geometry": { "type": "Point", "coordinates": [ -126.78993, 57.07476 ] } },
{ "type": "Feature", "properties": { "sample_id": "ID094L951095", "latitude": 58.63497, "longitude": -126.75482, "rock_class": "sedimentary rocks", "rock_type": "mudstone, siltstone, shale fine clastic sedimentary rocks", "terrane": "North America - basinal strata", "terrane_name": "North America - basinal strata", "era": "Paleozoic", "lithium_ppm": 26.7, "cobalt_ppm": 24.0, "nickel_ppm": 216.5, "score_battery": 1.4480938015383806, "rank_battery": 626, "dist_to_fault_km": 1.17, "dist_to_terrane_boundary_km": 11.34, "grid_id": "151_95", "year": 1995 }, "geometry": { "type": "Point", "coordinates": [ -126.75482, 58.63497 ] } },
{ "type": "Feature", "properties": { "sample_id": "ID094L951109", "latitude": 58.62009, "longitude": -126.6817, "rock_class": "sedimentary rocks", "rock_type": "mudstone/laminite fine clastic sedimentary rocks", "terrane": "North America - basinal strata", "terrane_name": "North America - basinal strata", "era": "Paleozoic", "lithium_ppm": 52.3, "cobalt_ppm": 17.1, "nickel_ppm": 65.4, "score_battery": 1.4186414851362898, "rank_battery": 700, "dist_to_fault_km": 0.22, "dist_to_terrane_boundary_km": 14.11, "grid_id": "151_96", "year": 1995 }, "geometry": { "type": "Point", "coordinates": [ -126.6817, 58.62009 ] } },
{ "type": "Feature", "properties": { "sample_id": "ID094L951114", "latitude": 58.50804, "longitude": -126.58116, "rock_class": "sedimentary rocks", "rock_type": "mudstone, siltstone, shale fine clastic sedimentary rocks", "terrane": "North America - basinal strata", "terrane_name": "North America - basinal strata", "era": "Paleozoic", "lithium_ppm": 31.0, "cobalt_ppm": 35.5, "nickel_ppm": 266.9, "score_battery": 1.8094995033417782, "rank_battery": 134, "dist_to_fault_km": 0.23, "dist_to_terrane_boundary_km": 12.63, "grid_id": "150_96", "year": 1995 }, "geometry": { "type": "Point", "coordinates": [ -126.58116, 58.50804 ] } },
{ "type": "Feature", "properties": { "sample_id": "ID094L951122", "latitude": 58.49383, "longitude": -126.54562, "rock_class": "sedimentary rocks", "rock_type": "mudstone/laminite fine clastic sedimentary rocks", "terrane": "North America - basinal strata", "terrane_name": "North America - basinal strata", "era": "Paleozoic", "lithium_ppm": 39.1, "cobalt_ppm": 26.4, "nickel_ppm": 106.9, "score_battery": 1.5698634964945317, "rank_battery": 390, "dist_to_fault_km": 0.12, "dist_to_terrane_boundary_km": 13.59, "grid_id": "150_96", "year": 1995 }, "geometry": { "type": "Point", "coordinates": [ -126.54562, 58.49383 ] } },
{ "type": "Feature", "properties": { "sample_id": "ID094L951126", "latitude": 58.5401, "longitude": -126.54317, "rock_class": "sedimentary rocks", "rock_type": "quartzite, quartz arenite sedimentary rocks", "terrane": "North America - basinal strata", "terrane_name": "North America - basinal strata", "era": "Paleozoic", "lithium_ppm": 51.1, "cobalt_ppm": 13.6, "nickel_ppm": 105.8, "score_battery": 1.4164052407844563, "rank_battery": 707, "dist_to_fault_km": 0.42, "dist_to_terrane_boundary_km": 16.38, "grid_id": "150_96", "year": 1995 }, "geometry": { "type": "Point", "coordinates": [ -126.54317, 58.5401 ] } },
{ "type": "Feature", "properties": { "sample_id": "ID094L951168", "latitude": 58.95113, "longitude": -127.01663, "rock_class": "sedimentary rocks", "rock_type": "limestone, slate, siltstone, argillite", "terrane": "North America - basinal strata", "terrane_name": "North America - basinal strata", "era": "Paleozoic", "lithium_ppm": 5.1, "cobalt_ppm": 72.1, "nickel_ppm": 870.0, "score_battery": 1.323121894593934, "rank_battery": 986, "dist_to_fault_km": 5.51, "dist_to_terrane_boundary_km": 18.88, "grid_id": "155_94", "year": 1995 }, "geometry": { "type": "Point", "coordinates": [ -127.01663, 58.95113 ] } },
{ "type": "Feature", "properties": { "sample_id": "ID094L951202", "latitude": 58.52018, "longitude": -126.47242, "rock_class": "sedimentary rocks", "rock_type": "quartzite, quartz arenite sedimentary rocks", "terrane": "North America - basinal strata", "terrane_name": "North America - basinal strata", "era": "Paleozoic", "lithium_ppm": 59.2, "cobalt_ppm": 16.4, "nickel_ppm": 45.8, "score_battery": 1.3891840711765822, "rank_battery": 779, "dist_to_fault_km": 0.06, "dist_to_terrane_boundary_km": 18.76, "grid_id": "150_97", "year": 1995 }, "geometry": { "type": "Point", "coordinates": [ -126.47242, 58.52018 ] } },
{ "type": "Feature", "properties": { "sample_id": "ID094L951203", "latitude": 58.63382, "longitude": -126.74382, "rock_class": "sedimentary rocks", "rock_type": "mudstone, siltstone, shale fine clastic sedimentary rocks", "terrane": "North America - basinal strata", "terrane_name": "North America - basinal strata", "era": "Paleozoic", "lithium_ppm": 26.0, "cobalt_ppm": 20.9, "nickel_ppm": 181.6, "score_battery": 1.3116887207964534, "rank_battery": 1016, "dist_to_fault_km": 0.63, "dist_to_terrane_boundary_km": 11.82, "grid_id": "151_95", "year": 1995 }, "geometry": { "type": "Point", "coordinates": [ -126.74382, 58.63382 ] } },
{ "type": "Feature", "properties": { "sample_id": "ID103H009100", "latitude": 53.76249181, "longitude": -129.5572513, "rock_class": "intrusive rocks", "rock_type": "granodioritic intrusive rocks", "terrane": "Post Accretionary", "terrane_name": "Alexander", "era": "Mesozoic", "lithium_ppm": null, "cobalt_ppm": 145.3, "nickel_ppm": 22.5, "score_battery": 1.3419886492149036, "rank_battery": 914, "dist_to_fault_km": 6.34, "dist_to_terrane_boundary_km": 0.75, "grid_id": "97_76", "year": 2000 }, "geometry": { "type": "Point", "coordinates": [ -129.5572513, 53.76249181 ] } },
{ "type": "Feature", "properties": { "sample_id": "ID103I783125", "latitude": 54.83646, "longitude": -129.04702, "rock_class": "sedimentary rocks", "rock_type": "undivided sedimentary rocks", "terrane": "Overlap", "terrane_name": "Stikinia", "era": "Mesozoic", "lithium_ppm": 34.2, "cobalt_ppm": 27.5, "nickel_ppm": 137.1, "score_battery": 1.5652341994703716, "rank_battery": 398, "dist_to_fault_km": 11.26, "dist_to_terrane_boundary_km": 12.93, "grid_id": "109_80", "year": 1978 }, "geometry": { "type": "Point", "coordinates": [ -129.04702, 54.83646 ] } },
{ "type": "Feature", "properties": { "sample_id": "ID103I785456", "latitude": 54.68125, "longitude": -128.87048, "rock_class": "sedimentary rocks", "rock_type": "undivided sedimentary rocks", "terrane": "Overlap", "terrane_name": "Stikinia", "era": "Mesozoic", "lithium_ppm": 34.6, "cobalt_ppm": 36.6, "nickel_ppm": 109.2, "score_battery": 1.6602596384689834, "rank_battery": 258, "dist_to_fault_km": 3.82, "dist_to_terrane_boundary_km": 10.99, "grid_id": "107_81", "year": 1978 }, "geometry": { "type": "Point", "coordinates": [ -128.87048, 54.68125 ] } },
{ "type": "Feature", "properties": { "sample_id": "ID103I785532", "latitude": 54.8587, "longitude": -129.11861, "rock_class": "sedimentary rocks", "rock_type": "undivided sedimentary rocks", "terrane": "Overlap", "terrane_name": "Stikinia", "era": "Mesozoic", "lithium_ppm": 34.5, "cobalt_ppm": 22.7, "nickel_ppm": 82.9, "score_battery": 1.3375118010709746, "rank_battery": 935, "dist_to_fault_km": 14.92, "dist_to_terrane_boundary_km": 10.91, "grid_id": "109_80", "year": 1978 }, "geometry": { "type": "Point", "coordinates": [ -129.11861, 54.8587 ] } },
{ "type": "Feature", "properties": { "sample_id": "ID103I785535", "latitude": 54.86517, "longitude": -129.07662, "rock_class": "sedimentary rocks", "rock_type": "undivided sedimentary rocks", "terrane": "Overlap", "terrane_name": "Stikinia", "era": "Mesozoic", "lithium_ppm": 31.3, "cobalt_ppm": 29.6, "nickel_ppm": 151.5, "score_battery": 1.5690678013348012, "rank_battery": 392, "dist_to_fault_km": 12.14, "dist_to_terrane_boundary_km": 13.46, "grid_id": "110_80", "year": 1978 }, "geometry": { "type": "Point", "coordinates": [ -129.07662, 54.86517 ] } },
{ "type": "Feature", "properties": { "sample_id": "ID103O787029", "latitude": 55.71797737, "longitude": -130.0240529, "rock_class": "volcanic and sedimentary rocks", "rock_type": "conglomerate", "terrane": "Stikinia", "terrane_name": "Stikinia", "era": "Mesozoic", "lithium_ppm": 35.7, "cobalt_ppm": 25.7, "nickel_ppm": 68.6, "score_battery": 1.3742039743063115, "rank_battery": 811, "dist_to_fault_km": 4.24, "dist_to_terrane_boundary_km": 5.31, "grid_id": "119_74", "year": 1978 }, "geometry": { "type": "Point", "coordinates": [ -130.024052900000015, 55.717977369999979 ] } },
{ "type": "Feature", "properties": { "sample_id": "ID103O787030", "latitude": 55.70704471, "longitude": -130.0062767, "rock_class": "sedimentary and volcanic rocks", "rock_type": "siltstone", "terrane": "Stikinia", "terrane_name": "Stikinia", "era": "Mesozoic", "lithium_ppm": 32.9, "cobalt_ppm": 36.1, "nickel_ppm": 139.4, "score_battery": 1.6840084766358396, "rank_battery": 232, "dist_to_fault_km": 5.08, "dist_to_terrane_boundary_km": 5.59, "grid_id": "119_74", "year": 1978 }, "geometry": { "type": "Point", "coordinates": [ -130.0062767, 55.70704471 ] } },
{ "type": "Feature", "properties": { "sample_id": "ID103P781005", "latitude": 55.48964363, "longitude": -128.9733332, "rock_class": "sedimentary rocks", "rock_type": "sandstone", "terrane": "Overlap", "terrane_name": "Stikinia", "era": "Mesozoic", "lithium_ppm": 28.0, "cobalt_ppm": 27.1, "nickel_ppm": 93.5, "score_battery": 1.317169205711048, "rank_battery": 999, "dist_to_fault_km": 12.5, "dist_to_terrane_boundary_km": 58.09, "grid_id": "116_81", "year": 1978 }, "geometry": { "type": "Point", "coordinates": [ -128.973333200000013, 55.48964363 ] } },
{ "type": "Feature", "properties": { "sample_id": "ID103P781006", "latitude": 55.48219246, "longitude": -128.8628461, "rock_class": "sedimentary rocks", "rock_type": "sandstone", "terrane": "Overlap", "terrane_name": "Stikinia", "era": "Mesozoic", "lithium_ppm": 45.7, "cobalt_ppm": 22.8, "nickel_ppm": 77.7, "score_battery": 1.5172188525377859, "rank_battery": 478, "dist_to_fault_km": 18.3, "dist_to_terrane_boundary_km": 63.28, "grid_id": "116_81", "year": 1978 }, "geometry": { "type": "Point", "coordinates": [ -128.862846100000013, 55.482192459999986 ] } },
{ "type": "Feature", "properties": { "sample_id": "ID103P781007", "latitude": 55.46240486, "longitude": -128.8619343, "rock_class": "sedimentary rocks", "rock_type": "sandstone", "terrane": "Overlap", "terrane_name": "Stikinia", "era": "Mesozoic", "lithium_ppm": 48.5, "cobalt_ppm": 21.4, "nickel_ppm": 67.8, "score_battery": 1.4897125763205361, "rank_battery": 541, "dist_to_fault_km": 17.7, "dist_to_terrane_boundary_km": 62.09, "grid_id": "116_81", "year": 1978 }, "geometry": { "type": "Point", "coordinates": [ -128.8619343, 55.46240486 ] } },
{ "type": "Feature", "properties": { "sample_id": "ID103P781008", "latitude": 55.43185377, "longitude": -128.8546293, "rock_class": "sedimentary rocks", "rock_type": "sandstone", "terrane": "Overlap", "terrane_name": "Stikinia", "era": "Mesozoic", "lithium_ppm": 46.9, "cobalt_ppm": 17.0, "nickel_ppm": 63.3, "score_battery": 1.3310781645067753, "rank_battery": 957, "dist_to_fault_km": 17.66, "dist_to_terrane_boundary_km": 60.58, "grid_id": "116_81", "year": 1978 }, "geometry": { "type": "Point", "coordinates": [ -128.8546293, 55.431853769999989 ] } },
{ "type": "Feature", "properties": { "sample_id": "ID103P781009", "latitude": 55.43185377, "longitude": -128.8546293, "rock_class": "sedimentary rocks", "rock_type": "sandstone", "terrane": "Overlap", "terrane_name": "Stikinia", "era": "Mesozoic", "lithium_ppm": 48.7, "cobalt_ppm": 17.2, "nickel_ppm": 63.7, "score_battery": 1.3648756341691728, "rank_battery": 838, "dist_to_fault_km": 17.66, "dist_to_terrane_boundary_km": 60.58, "grid_id": "116_81", "year": 1978 }, "geometry": { "type": "Point", "coordinates": [ -128.8546293, 55.431853769999989 ] } },
{ "type": "Feature", "properties": { "sample_id": "ID103P781011", "latitude": 55.41866178, "longitude": -128.9097483, "rock_class": "sedimentary rocks", "rock_type": "sandstone", "terrane": "Overlap", "terrane_name": "Stikinia", "era": "Mesozoic", "lithium_ppm": 33.5, "cobalt_ppm": 25.4, "nickel_ppm": 77.5, "score_battery": 1.3568722634883694, "rank_battery": 866, "dist_to_fault_km": 14.18, "dist_to_terrane_boundary_km": 56.87, "grid_id": "116_81", "year": 1978 }, "geometry": { "type": "Point", "coordinates": [ -128.9097483, 55.418661779999979 ] } },
{ "type": "Feature", "properties": { "sample_id": "ID103P781015", "latitude": 55.09427666, "longitude": -128.9262439, "rock_class": "sedimentary rocks", "rock_type": "undivided sedimentary rocks", "terrane": "Overlap", "terrane_name": "Stikinia", "era": "Mesozoic", "lithium_ppm": 45.1, "cobalt_ppm": 29.4, "nickel_ppm": 128.8, "score_battery": 1.7745882396462975, "rank_battery": 155, "dist_to_fault_km": 11.13, "dist_to_terrane_boundary_km": 35.8, "grid_id": "112_81", "year": 1978 }, "geometry": { "type": "Point", "coordinates": [ -128.9262439, 55.094276659999977 ] } },
{ "type": "Feature", "properties": { "sample_id": "ID103P781018", "latitude": 55.41569647, "longitude": -128.9388047, "rock_class": "sedimentary rocks", "rock_type": "undivided sedimentary rocks", "terrane": "Overlap", "terrane_name": "Stikinia", "era": "Mesozoic", "lithium_ppm": 25.1, "cobalt_ppm": 62.6, "nickel_ppm": 99.4, "score_battery": 1.6955753446419839, "rank_battery": 223, "dist_to_fault_km": 12.37, "dist_to_terrane_boundary_km": 55.16, "grid_id": "116_81", "year": 1978 }, "geometry": { "type": "Point", "coordinates": [ -128.9388047, 55.41569647 ] } },
{ "type": "Feature", "properties": { "sample_id": "ID103P781020", "latitude": 55.40267125, "longitude": -128.9772922, "rock_class": "sedimentary rocks", "rock_type": "sandstone", "terrane": "Overlap", "terrane_name": "Stikinia", "era": "Mesozoic", "lithium_ppm": 42.4, "cobalt_ppm": 34.8, "nickel_ppm": 83.7, "score_battery": 1.7034096200791704, "rank_battery": 211, "dist_to_fault_km": 10.19, "dist_to_terrane_boundary_km": 52.33, "grid_id": "116_81", "year": 1978 }, "geometry": { "type": "Point", "coordinates": [ -128.9772922, 55.40267125 ] } },
{ "type": "Feature", "properties": { "sample_id": "ID103P781023", "latitude": 55.34315897, "longitude": -129.015531, "rock_class": "sedimentary rocks", "rock_type": "siltstone", "terrane": "Overlap", "terrane_name": "Stikinia", "era": "Mesozoic", "lithium_ppm": 34.2, "cobalt_ppm": 22.9, "nickel_ppm": 98.0, "score_battery": 1.3808484021610974, "rank_battery": 798, "dist_to_fault_km": 10.26, "dist_to_terrane_boundary_km": 46.61, "grid_id": "115_80", "year": 1978 }, "geometry": { "type": "Point", "coordinates": [ -129.015531, 55.34315897 ] } },
{ "type": "Feature", "properties": { "sample_id": "ID103P781025", "latitude": 55.31833851, "longitude": -129.0236996, "rock_class": "sedimentary rocks", "rock_type": "siltstone", "terrane": "Overlap", "terrane_name": "Stikinia", "era": "Mesozoic", "lithium_ppm": 26.9, "cobalt_ppm": 52.7, "nickel_ppm": 94.9, "score_battery": 1.6400347612056991, "rank_battery": 281, "dist_to_fault_km": 10.95, "dist_to_terrane_boundary_km": 44.63, "grid_id": "115_80", "year": 1978 }, "geometry": { "type": "Point", "coordinates": [ -129.023699599999986, 55.318338509999982 ] } },
{ "type": "Feature", "properties": { "sample_id": "ID103P781026", "latitude": 55.2956237, "longitude": -129.0119848, "rock_class": "sedimentary rocks", "rock_type": "sandstone", "terrane": "Overlap", "terrane_name": "Stikinia", "era": "Mesozoic", "lithium_ppm": 38.0, "cobalt_ppm": 20.6, "nickel_ppm": 93.9, "score_battery": 1.3880965451200635, "rank_battery": 784, "dist_to_fault_km": 10.99, "dist_to_terrane_boundary_km": 43.83, "grid_id": "114_80", "year": 1978 }, "geometry": { "type": "Point", "coordinates": [ -129.0119848, 55.2956237 ] } },
{ "type": "Feature", "properties": { "sample_id": "ID103P781027", "latitude": 55.2956237, "longitude": -129.0119848, "rock_class": "sedimentary rocks", "rock_type": "sandstone", "terrane": "Overlap", "terrane_name": "Stikinia", "era": "Mesozoic", "lithium_ppm": 39.7, "cobalt_ppm": 20.0, "nickel_ppm": 92.4, "score_battery": 1.3990221538968224, "rank_battery": 749, "dist_to_fault_km": 10.99, "dist_to_terrane_boundary_km": 43.83, "grid_id": "114_80", "year": 1978 }, "geometry": { "type": "Point", "coordinates": [ -129.0119848, 55.2956237 ] } },
{ "type": "Feature", "properties": { "sample_id": "ID103P781028", "latitude": 55.37854638, "longitude": -128.85937, "rock_class": "sedimentary rocks", "rock_type": "sandstone", "terrane": "Overlap", "terrane_name": "Stikinia", "era": "Mesozoic", "lithium_ppm": 45.6, "cobalt_ppm": 36.0, "nickel_ppm": 98.9, "score_battery": 1.8163332499113132, "rank_battery": 127, "dist_to_fault_km": 18.09, "dist_to_terrane_boundary_km": 57.01, "grid_id": "115_81", "year": 1978 }, "geometry": { "type": "Point", "coordinates": [ -128.85937, 55.37854638 ] } },
{ "type": "Feature", "properties": { "sample_id": "ID103P781029", "latitude": 55.37019236, "longitude": -128.8700658, "rock_class": "sedimentary rocks", "rock_type": "sandstone", "terrane": "Overlap", "terrane_name": "Stikinia", "era": "Mesozoic", "lithium_ppm": 46.8, "cobalt_ppm": 29.0, "nickel_ppm": 83.8, "score_battery": 1.6778080921586951, "rank_battery": 245, "dist_to_fault_km": 17.73, "dist_to_terrane_boundary_km": 55.93, "grid_id": "115_81", "year": 1978 }, "geometry": { "type": "Point", "coordinates": [ -128.8700658, 55.370192359999983 ] } },
{ "type": "Feature", "properties": { "sample_id": "ID103P781030", "latitude": 55.3384778, "longitude": -128.8946379, "rock_class": "sedimentary rocks", "rock_type": "sandstone", "terrane": "Overlap", "terrane_name": "Stikinia", "era": "Mesozoic", "lithium_ppm": 46.4, "cobalt_ppm": 26.2, "nickel_ppm": 86.6, "score_battery": 1.6282478692521973, "rank_battery": 299, "dist_to_fault_km": 17.75, "dist_to_terrane_boundary_km": 52.67, "grid_id": "115_81", "year": 1978 }, "geometry": { "type": "Point", "coordinates": [ -128.8946379, 55.338477799999986 ] } },
{ "type": "Feature", "properties": { "sample_id": "ID103P781031", "latitude": 55.31727695, "longitude": -128.9275323, "rock_class": "sedimentary rocks", "rock_type": "sandstone", "terrane": "Overlap", "terrane_name": "Stikinia", "era": "Mesozoic", "lithium_ppm": 40.9, "cobalt_ppm": 28.6, "nickel_ppm": 83.6, "score_battery": 1.5763998025687744, "rank_battery": 382, "dist_to_fault_km": 16.5, "dist_to_terrane_boundary_km": 49.62, "grid_id": "115_81", "year": 1978 }, "geometry": { "type": "Point", "coordinates": [ -128.9275323, 55.31727695 ] } },
{ "type": "Feature", "properties": { "sample_id": "ID103P781032", "latitude": 55.2963598, "longitude": -128.9497765, "rock_class": "sedimentary rocks", "rock_type": "sandstone", "terrane": "Overlap", "terrane_name": "Stikinia", "era": "Mesozoic", "lithium_ppm": 39.2, "cobalt_ppm": 24.9, "nickel_ppm": 80.1, "score_battery": 1.4641090191642687, "rank_battery": 585, "dist_to_fault_km": 14.91, "dist_to_terrane_boundary_km": 47.15, "grid_id": "114_81", "year": 1978 }, "geometry": { "type": "Point", "coordinates": [ -128.949776500000013, 55.2963598 ] } },
{ "type": "Feature", "properties": { "sample_id": "ID103P781037", "latitude": 55.23111568, "longitude": -128.9221073, "rock_class": "sedimentary rocks", "rock_type": "sandstone", "terrane": "Overlap", "terrane_name": "Stikinia", "era": "Mesozoic", "lithium_ppm": 46.6, "cobalt_ppm": 51.6, "nickel_ppm": 94.9, "score_battery": 2.0084732240667011, "rank_battery": 54, "dist_to_fault_km": 17.5, "dist_to_terrane_boundary_km": 44.54, "grid_id": "114_81", "year": 1978 }, "geometry": { "type": "Point", "coordinates": [ -128.9221073, 55.23111568 ] } },
{ "type": "Feature", "properties": { "sample_id": "ID103P781038", "latitude": 55.23282459, "longitude": -128.940894, "rock_class": "sedimentary rocks", "rock_type": "undivided sedimentary rocks", "terrane": "Overlap", "terrane_name": "Stikinia", "era": "Mesozoic", "lithium_ppm": 33.5, "cobalt_ppm": 25.0, "nickel_ppm": 80.3, "score_battery": 1.3582101069768631, "rank_battery": 857, "dist_to_fault_km": 16.31, "dist_to_terrane_boundary_km": 43.65, "grid_id": "114_81", "year": 1978 }, "geometry": { "type": "Point", "coordinates": [ -128.940894, 55.23282459 ] } },
{ "type": "Feature", "properties": { "sample_id": "ID103P781039", "latitude": 55.24597925, "longitude": -128.9389713, "rock_class": "sedimentary rocks", "rock_type": "sandstone", "terrane": "Overlap", "terrane_name": "Stikinia", "era": "Mesozoic", "lithium_ppm": 33.4, "cobalt_ppm": 33.6, "nickel_ppm": 59.6, "score_battery": 1.4292923697348339, "rank_battery": 665, "dist_to_fault_km": 16.0, "dist_to_terrane_boundary_km": 44.58, "grid_id": "114_81", "year": 1978 }, "geometry": { "type": "Point", "coordinates": [ -128.9389713, 55.245979249999969 ] } },
{ "type": "Feature", "properties": { "sample_id": "ID103P781042", "latitude": 55.26625957, "longitude": -128.9573683, "rock_class": "sedimentary rocks", "rock_type": "sandstone", "terrane": "Overlap", "terrane_name": "Stikinia", "era": "Mesozoic", "lithium_ppm": 34.5, "cobalt_ppm": 27.0, "nickel_ppm": 63.9, "score_battery": 1.3570540362540258, "rank_battery": 864, "dist_to_fault_km": 14.44, "dist_to_terrane_boundary_km": 44.87, "grid_id": "114_81", "year": 1978 }, "geometry": { "type": "Point", "coordinates": [ -128.957368300000013, 55.26625957000001 ] } },
{ "type": "Feature", "properties": { "sample_id": "ID103P781043", "latitude": 55.24975956, "longitude": -128.9951235, "rock_class": "sedimentary rocks", "rock_type": "undivided sedimentary rocks", "terrane": "Overlap", "terrane_name": "Stikinia", "era": "Mesozoic", "lithium_ppm": 36.0, "cobalt_ppm": 32.1, "nickel_ppm": 78.3, "score_battery": 1.5302726009635792, "rank_battery": 454, "dist_to_fault_km": 12.45, "dist_to_terrane_boundary_km": 41.86, "grid_id": "114_81", "year": 1978 }, "geometry": { "type": "Point", "coordinates": [ -128.9951235, 55.24975955999998 ] } },
{ "type": "Feature", "properties": { "sample_id": "ID103P781044", "latitude": 55.2397851, "longitude": -129.0027993, "rock_class": "sedimentary rocks", "rock_type": "undivided sedimentary rocks", "terrane": "Overlap", "terrane_name": "Stikinia", "era": "Mesozoic", "lithium_ppm": 39.0, "cobalt_ppm": 31.4, "nickel_ppm": 88.8, "score_battery": 1.6079415638198344, "rank_battery": 332, "dist_to_fault_km": 12.36, "dist_to_terrane_boundary_km": 40.83, "grid_id": "114_80", "year": 1978 }, "geometry": { "type": "Point", "coordinates": [ -129.0027993, 55.23978509999997 ] } },
{ "type": "Feature", "properties": { "sample_id": "ID103P781045", "latitude": 55.2397851, "longitude": -129.0027993, "rock_class": "sedimentary rocks", "rock_type": "undivided sedimentary rocks", "terrane": "Overlap", "terrane_name": "Stikinia", "era": "Mesozoic", "lithium_ppm": 39.9, "cobalt_ppm": 31.1, "nickel_ppm": 88.5, "score_battery": 1.6178665926895717, "rank_battery": 316, "dist_to_fault_km": 12.36, "dist_to_terrane_boundary_km": 40.83, "grid_id": "114_80", "year": 1978 }, "geometry": { "type": "Point", "coordinates": [ -129.0027993, 55.23978509999997 ] } },
{ "type": "Feature", "properties": { "sample_id": "ID103P781049", "latitude": 55.05307696, "longitude": -128.7698641, "rock_class": "sedimentary rocks", "rock_type": "siltstone", "terrane": "Overlap", "terrane_name": "Stikinia", "era": "Mesozoic", "lithium_ppm": 32.1, "cobalt_ppm": 21.2, "nickel_ppm": 126.9, "score_battery": 1.3671352534298884, "rank_battery": 829, "dist_to_fault_km": 6.05, "dist_to_terrane_boundary_km": 41.51, "grid_id": "112_82", "year": 1978 }, "geometry": { "type": "Point", "coordinates": [ -128.7698641, 55.05307696 ] } },
{ "type": "Feature", "properties": { "sample_id": "ID103P781051", "latitude": 55.03798127, "longitude": -128.9897196, "rock_class": "sedimentary rocks", "rock_type": "undivided sedimentary rocks", "terrane": "Overlap", "terrane_name": "Stikinia", "era": "Mesozoic", "lithium_ppm": 32.1, "cobalt_ppm": 23.6, "nickel_ppm": 121.0, "score_battery": 1.4092278729729839, "rank_battery": 728, "dist_to_fault_km": 5.12, "dist_to_terrane_boundary_km": 28.93, "grid_id": "111_80", "year": 1978 }, "geometry": { "type": "Point", "coordinates": [ -128.9897196, 55.037981269999989 ] } },
{ "type": "Feature", "properties": { "sample_id": "ID103P781055", "latitude": 55.52038813, "longitude": -128.7615695, "rock_class": "sedimentary rocks", "rock_type": "siltstone", "terrane": "Overlap", "terrane_name": "Stikinia", "era": "Mesozoic", "lithium_ppm": 34.2, "cobalt_ppm": 22.3, "nickel_ppm": 96.2, "score_battery": 1.3622763424845035, "rank_battery": 848, "dist_to_fault_km": 25.83, "dist_to_terrane_boundary_km": 70.95, "grid_id": "117_82", "year": 1978 }, "geometry": { "type": "Point", "coordinates": [ -128.7615695, 55.52038813 ] } },
{ "type": "Feature", "properties": { "sample_id": "ID103P781062", "latitude": 55.41228076, "longitude": -128.7759785, "rock_class": "sedimentary rocks", "rock_type": "sandstone", "terrane": "Overlap", "terrane_name": "Stikinia", "era": "Mesozoic", "lithium_ppm": 38.2, "cobalt_ppm": 46.2, "nickel_ppm": 102.0, "score_battery": 1.8319787467299951, "rank_battery": 117, "dist_to_fault_km": 22.65, "dist_to_terrane_boundary_km": 63.49, "grid_id": "116_82", "year": 1978 }, "geometry": { "type": "Point", "coordinates": [ -128.7759785, 55.41228076 ] } },
{ "type": "Feature", "properties": { "sample_id": "ID103P781063", "latitude": 55.41531043, "longitude": -128.786845, "rock_class": "sedimentary rocks", "rock_type": "sandstone", "terrane": "Overlap", "terrane_name": "Stikinia", "era": "Mesozoic", "lithium_ppm": 49.5, "cobalt_ppm": 25.1, "nickel_ppm": 93.8, "score_battery": 1.6725932139510515, "rank_battery": 249, "dist_to_fault_km": 21.95, "dist_to_terrane_boundary_km": 63.1, "grid_id": "116_82", "year": 1978 }, "geometry": { "type": "Point", "coordinates": [ -128.786845, 55.415310429999984 ] } },
{ "type": "Feature", "properties": { "sample_id": "ID103P781064", "latitude": 55.42330297, "longitude": -128.7741308, "rock_class": "sedimentary rocks", "rock_type": "sandstone", "terrane": "Overlap", "terrane_name": "Stikinia", "era": "Mesozoic", "lithium_ppm": 46.3, "cobalt_ppm": 25.8, "nickel_ppm": 94.5, "score_battery": 1.6422360386866899, "rank_battery": 279, "dist_to_fault_km": 22.73, "dist_to_terrane_boundary_km": 64.27, "grid_id": "116_82", "year": 1978 }, "geometry": { "type": "Point", "coordinates": [ -128.7741308, 55.423302969999988 ] } },
{ "type": "Feature", "properties": { "sample_id": "ID103P781084", "latitude": 55.7286207, "longitude": -128.8089933, "rock_class": "sedimentary rocks", "rock_type": "sandstone", "terrane": "Overlap", "terrane_name": "Stikinia", "era": "Mesozoic", "lithium_ppm": 28.0, "cobalt_ppm": 29.5, "nickel_ppm": 143.2, "score_battery": 1.4755813657812826, "rank_battery": 561, "dist_to_fault_km": 33.27, "dist_to_terrane_boundary_km": 74.81, "grid_id": "119_82", "year": 1978 }, "geometry": { "type": "Point", "coordinates": [ -128.8089933, 55.728620699999979 ] } },
{ "type": "Feature", "properties": { "sample_id": "ID103P781086", "latitude": 55.67762004, "longitude": -128.7406573, "rock_class": "sedimentary rocks", "rock_type": "sandstone", "terrane": "Overlap", "terrane_name": "Stikinia", "era": "Mesozoic", "lithium_ppm": 49.3, "cobalt_ppm": 19.5, "nickel_ppm": 98.2, "score_battery": 1.5529193434780393, "rank_battery": 417, "dist_to_fault_km": 37.49, "dist_to_terrane_boundary_km": 78.1, "grid_id": "119_82", "year": 1978 }, "geometry": { "type": "Point", "coordinates": [ -128.7406573, 55.677620039999987 ] } },
{ "type": "Feature", "properties": { "sample_id": "ID103P781087", "latitude": 55.53344398, "longitude": -128.7269673, "rock_class": "sedimentary rocks", "rock_type": "siltstone", "terrane": "Overlap", "terrane_name": "Stikinia", "era": "Mesozoic", "lithium_ppm": 45.5, "cobalt_ppm": 52.7, "nickel_ppm": 128.1, "score_battery": 2.0835357422537877, "rank_battery": 40, "dist_to_fault_km": 28.42, "dist_to_terrane_boundary_km": 73.58, "grid_id": "117_82", "year": 1978 }, "geometry": { "type": "Point", "coordinates": [ -128.726967300000013, 55.53344397999998 ] } },
{ "type": "Feature", "properties": { "sample_id": "ID103P781088", "latitude": 55.53723772, "longitude": -128.7158969, "rock_class": "sedimentary rocks", "rock_type": "siltstone", "terrane": "Overlap", "terrane_name": "Stikinia", "era": "Mesozoic", "lithium_ppm": 49.2, "cobalt_ppm": 39.8, "nickel_ppm": 99.7, "score_battery": 1.9236435663054987, "rank_battery": 80, "dist_to_fault_km": 29.24, "dist_to_terrane_boundary_km": 74.39, "grid_id": "117_82", "year": 1978 }, "geometry": { "type": "Point", "coordinates": [ -128.7158969, 55.53723772 ] } },
{ "type": "Feature", "properties": { "sample_id": "ID103P781089", "latitude": 55.54555403, "longitude": -128.691763, "rock_class": "sedimentary rocks", "rock_type": "siltstone", "terrane": "Overlap", "terrane_name": "Stikinia", "era": "Mesozoic", "lithium_ppm": 55.2, "cobalt_ppm": 40.9, "nickel_ppm": 99.7, "score_battery": 2.0180776510178569, "rank_battery": 52, "dist_to_fault_km": 31.01, "dist_to_terrane_boundary_km": 76.17, "grid_id": "117_83", "year": 1978 }, "geometry": { "type": "Point", "coordinates": [ -128.691763, 55.54555403 ] } },
{ "type": "Feature", "properties": { "sample_id": "ID103P781090", "latitude": 55.55443278, "longitude": -128.6647291, "rock_class": "sedimentary rocks", "rock_type": "siltstone", "terrane": "Overlap", "terrane_name": "Stikinia", "era": "Mesozoic", "lithium_ppm": 37.8, "cobalt_ppm": 20.2, "nickel_ppm": 118.8, "score_battery": 1.4376226676851733, "rank_battery": 651, "dist_to_fault_km": 32.03, "dist_to_terrane_boundary_km": 78.14, "grid_id": "117_83", "year": 1978 }, "geometry": { "type": "Point", "coordinates": [ -128.664729099999988, 55.554432779999985 ] } },
{ "type": "Feature", "properties": { "sample_id": "ID103P781092", "latitude": 55.64825724, "longitude": -128.673605, "rock_class": "sedimentary rocks", "rock_type": "sandstone", "terrane": "Overlap", "terrane_name": "Stikinia", "era": "Mesozoic", "lithium_ppm": 30.7, "cobalt_ppm": 24.4, "nickel_ppm": 90.1, "score_battery": 1.3164516726263531, "rank_battery": 1005, "dist_to_fault_km": 36.19, "dist_to_terrane_boundary_km": 81.96, "grid_id": "118_83", "year": 1978 }, "geometry": { "type": "Point", "coordinates": [ -128.673605, 55.64825724 ] } },
{ "type": "Feature", "properties": { "sample_id": "ID103P781096", "latitude": 55.60902341, "longitude": -128.7276171, "rock_class": "sedimentary rocks", "rock_type": "sandstone", "terrane": "Overlap", "terrane_name": "Stikinia", "era": "Mesozoic", "lithium_ppm": 36.4, "cobalt_ppm": 26.4, "nickel_ppm": 99.2, "score_battery": 1.5002696504555297, "rank_battery": 521, "dist_to_fault_km": 32.89, "dist_to_terrane_boundary_km": 78.34, "grid_id": "118_82", "year": 1978 }, "geometry": { "type": "Point", "coordinates": [ -128.7276171, 55.609023409999985 ] } },
{ "type": "Feature", "properties": { "sample_id": "ID103P781099", "latitude": 55.68508195, "longitude": -128.6579024, "rock_class": "sedimentary rocks", "rock_type": "sandstone", "terrane": "Overlap", "terrane_name": "Stikinia", "era": "Mesozoic", "lithium_ppm": 35.4, "cobalt_ppm": 29.2, "nickel_ppm": 95.5, "score_battery": 1.5228484028504603, "rank_battery": 467, "dist_to_fault_km": 37.48, "dist_to_terrane_boundary_km": 83.35, "grid_id": "119_83", "year": 1978 }, "geometry": { "type": "Point", "coordinates": [ -128.657902400000012, 55.685081950000011 ] } },
{ "type": "Feature", "properties": { "sample_id": "ID103P781117", "latitude": 55.65572284, "longitude": -128.6002442, "rock_class": "sedimentary rocks", "rock_type": "sandstone", "terrane": "Overlap", "terrane_name": "Stikinia", "era": "Mesozoic", "lithium_ppm": 30.6, "cobalt_ppm": 23.5, "nickel_ppm": 95.3, "score_battery": 1.3099651371408911, "rank_battery": 1020, "dist_to_fault_km": 32.65, "dist_to_terrane_boundary_km": 86.62, "grid_id": "118_83", "year": 1978 }, "geometry": { "type": "Point", "coordinates": [ -128.6002442, 55.655722839999989 ] } },
{ "type": "Feature", "properties": { "sample_id": "ID103P781138", "latitude": 55.5984905, "longitude": -128.5992552, "rock_class": "sedimentary rocks", "rock_type": "sandstone", "terrane": "Overlap", "terrane_name": "Stikinia", "era": "Mesozoic", "lithium_ppm": 37.9, "cobalt_ppm": 21.6, "nickel_ppm": 99.2, "score_battery": 1.4252099215907403, "rank_battery": 680, "dist_to_fault_km": 29.57, "dist_to_terrane_boundary_km": 84.29, "grid_id": "118_83", "year": 1978 }, "geometry": { "type": "Point", "coordinates": [ -128.599255199999988, 55.5984905 ] } },
{ "type": "Feature", "properties": { "sample_id": "ID103P781139", "latitude": 55.58113137, "longitude": -128.5104568, "rock_class": "sedimentary rocks", "rock_type": "sandstone", "terrane": "Overlap", "terrane_name": "Stikinia", "era": "Mesozoic", "lithium_ppm": 33.9, "cobalt_ppm": 25.3, "nickel_ppm": 191.9, "score_battery": 1.6068039408087018, "rank_battery": 333, "dist_to_fault_km": 23.68, "dist_to_terrane_boundary_km": 87.87, "grid_id": "117_84", "year": 1978 }, "geometry": { "type": "Point", "coordinates": [ -128.510456800000014, 55.58113137 ] } },
{ "type": "Feature", "properties": { "sample_id": "ID103P781140", "latitude": 55.52253063, "longitude": -128.334115, "rock_class": "sedimentary rocks", "rock_type": "sandstone", "terrane": "Overlap", "terrane_name": "Stikinia", "era": "Mesozoic", "lithium_ppm": 31.5, "cobalt_ppm": 33.9, "nickel_ppm": 189.5, "score_battery": 1.7040946985580463, "rank_battery": 210, "dist_to_fault_km": 10.96, "dist_to_terrane_boundary_km": 93.51, "grid_id": "117_85", "year": 1978 }, "geometry": { "type": "Point", "coordinates": [ -128.334115, 55.522530630000013 ] } },
{ "type": "Feature", "properties": { "sample_id": "ID103P781143", "latitude": 55.65361769, "longitude": -128.4568856, "rock_class": "sedimentary rocks", "rock_type": "sandstone", "terrane": "Overlap", "terrane_name": "Stikinia", "era": "Mesozoic", "lithium_ppm": 48.6, "cobalt_ppm": 18.2, "nickel_ppm": 94.5, "score_battery": 1.497620901617432, "rank_battery": 526, "dist_to_fault_km": 25.46, "dist_to_terrane_boundary_km": 95.15, "grid_id": "118_84", "year": 1978 }, "geometry": { "type": "Point", "coordinates": [ -128.4568856, 55.653617689999976 ] } },
{ "type": "Feature", "properties": { "sample_id": "ID103P781144", "latitude": 55.64639997, "longitude": -128.4463237, "rock_class": "sedimentary rocks", "rock_type": "sandstone", "terrane": "Overlap", "terrane_name": "Stikinia", "era": "Mesozoic", "lithium_ppm": 45.4, "cobalt_ppm": 22.8, "nickel_ppm": 99.0, "score_battery": 1.5775850644497851, "rank_battery": 377, "dist_to_fault_km": 24.42, "dist_to_terrane_boundary_km": 95.25, "grid_id": "118_84", "year": 1978 }, "geometry": { "type": "Point", "coordinates": [ -128.4463237, 55.64639997 ] } },
{ "type": "Feature", "properties": { "sample_id": "ID103P781145", "latitude": 55.64917344, "longitude": -128.4516397, "rock_class": "sedimentary rocks", "rock_type": "sandstone", "terrane": "Overlap", "terrane_name": "Stikinia", "era": "Mesozoic", "lithium_ppm": 46.8, "cobalt_ppm": 24.1, "nickel_ppm": 96.7, "score_battery": 1.6208349551240282, "rank_battery": 311, "dist_to_fault_km": 24.88, "dist_to_terrane_boundary_km": 95.15, "grid_id": "118_84", "year": 1978 }, "geometry": { "type": "Point", "coordinates": [ -128.451639699999987, 55.64917344 ] } },
{ "type": "Feature", "properties": { "sample_id": "ID103P781147", "latitude": 55.6441872, "longitude": -128.4807377, "rock_class": "sedimentary rocks", "rock_type": "sandstone", "terrane": "Overlap", "terrane_name": "Stikinia", "era": "Mesozoic", "lithium_ppm": 49.5, "cobalt_ppm": 22.8, "nickel_ppm": 142.9, "score_battery": 1.7364183119116046, "rank_battery": 188, "dist_to_fault_km": 25.86, "dist_to_terrane_boundary_km": 93.32, "grid_id": "118_84", "year": 1978 }, "geometry": { "type": "Point", "coordinates": [ -128.4807377, 55.644187199999983 ] } },
{ "type": "Feature", "properties": { "sample_id": "ID103P781148", "latitude": 55.6441872, "longitude": -128.4807377, "rock_class": "sedimentary rocks", "rock_type": "sandstone", "terrane": "Overlap", "terrane_name": "Stikinia", "era": "Mesozoic", "lithium_ppm": 53.8, "cobalt_ppm": 24.6, "nickel_ppm": 151.4, "score_battery": 1.8490209274761538, "rank_battery": 108, "dist_to_fault_km": 25.86, "dist_to_terrane_boundary_km": 93.32, "grid_id": "118_84", "year": 1978 }, "geometry": { "type": "Point", "coordinates": [ -128.4807377, 55.644187199999983 ] } },
{ "type": "Feature", "properties": { "sample_id": "ID103P781167", "latitude": 55.47542733, "longitude": -128.2314733, "rock_class": "sedimentary rocks", "rock_type": "sandstone", "terrane": "Overlap", "terrane_name": "Stikinia", "era": "Mesozoic", "lithium_ppm": 21.7, "cobalt_ppm": 37.6, "nickel_ppm": 140.7, "score_battery": 1.4227926639304505, "rank_battery": 687, "dist_to_fault_km": 4.52, "dist_to_terrane_boundary_km": 96.02, "grid_id": "116_85", "year": 1978 }, "geometry": { "type": "Point", "coordinates": [ -128.2314733, 55.475427329999974 ] } },
{ "type": "Feature", "properties": { "sample_id": "ID103P783003", "latitude": 55.16901036, "longitude": -128.9947409, "rock_class": "sedimentary rocks", "rock_type": "undivided sedimentary rocks", "terrane": "Overlap", "terrane_name": "Stikinia", "era": "Mesozoic", "lithium_ppm": 38.0, "cobalt_ppm": 24.7, "nickel_ppm": 78.6, "score_battery": 1.4333722610034287, "rank_battery": 656, "dist_to_fault_km": 13.37, "dist_to_terrane_boundary_km": 36.84, "grid_id": "113_80", "year": 1978 }, "geometry": { "type": "Point", "coordinates": [ -128.994740900000011, 55.16901036 ] } },
{ "type": "Feature", "properties": { "sample_id": "ID103P783023", "latitude": 55.15343253, "longitude": -128.9654762, "rock_class": "sedimentary rocks", "rock_type": "undivided sedimentary rocks", "terrane": "Overlap", "terrane_name": "Stikinia", "era": "Mesozoic", "lithium_ppm": 47.4, "cobalt_ppm": 23.4, "nickel_ppm": 98.4, "score_battery": 1.6192478220771014, "rank_battery": 314, "dist_to_fault_km": 14.43, "dist_to_terrane_boundary_km": 37.41, "grid_id": "113_81", "year": 1978 }, "geometry": { "type": "Point", "coordinates": [ -128.965476200000012, 55.153432530000018 ] } },
{ "type": "Feature", "properties": { "sample_id": "ID103P783026", "latitude": 55.1334055, "longitude": -128.9490559, "rock_class": "sedimentary rocks", "rock_type": "undivided sedimentary rocks", "terrane": "Overlap", "terrane_name": "Stikinia", "era": "Mesozoic", "lithium_ppm": 42.7, "cobalt_ppm": 17.7, "nickel_ppm": 82.6, "score_battery": 1.3574574406261135, "rank_battery": 861, "dist_to_fault_km": 14.96, "dist_to_terrane_boundary_km": 37.03, "grid_id": "113_81", "year": 1978 }, "geometry": { "type": "Point", "coordinates": [ -128.9490559, 55.133405500000016 ] } },
{ "type": "Feature", "properties": { "sample_id": "ID103P783027", "latitude": 55.05869859, "longitude": -129.5407768, "rock_class": "sedimentary rocks", "rock_type": "undivided sedimentary rocks", "terrane": "Overlap", "terrane_name": "Stikinia", "era": "Mesozoic", "lithium_ppm": 35.6, "cobalt_ppm": 23.5, "nickel_ppm": 75.2, "score_battery": 1.3508434619858143, "rank_battery": 888, "dist_to_fault_km": 18.67, "dist_to_terrane_boundary_km": 1.18, "grid_id": "112_77", "year": 1978 }, "geometry": { "type": "Point", "coordinates": [ -129.5407768, 55.05869859 ] } },
{ "type": "Feature", "properties": { "sample_id": "ID103P783029", "latitude": 55.05301944, "longitude": -129.5702542, "rock_class": "sedimentary rocks", "rock_type": "undivided sedimentary rocks", "terrane": "Overlap", "terrane_name": "Coast plutonic complex", "era": "Mesozoic", "lithium_ppm": 32.8, "cobalt_ppm": 25.8, "nickel_ppm": 69.6, "score_battery": 1.3215927880395659, "rank_battery": 994, "dist_to_fault_km": 20.6, "dist_to_terrane_boundary_km": 0.73, "grid_id": "112_77", "year": 1978 }, "geometry": { "type": "Point", "coordinates": [ -129.5702542, 55.05301944 ] } },
{ "type": "Feature", "properties": { "sample_id": "ID103P783047", "latitude": 55.14592016, "longitude": -129.0579734, "rock_class": "sedimentary rocks", "rock_type": "undivided sedimentary rocks", "terrane": "Overlap", "terrane_name": "Stikinia", "era": "Mesozoic", "lithium_ppm": 48.2, "cobalt_ppm": 38.1, "nickel_ppm": 89.6, "score_battery": 1.8579319833114891, "rank_battery": 104, "dist_to_fault_km": 8.63, "dist_to_terrane_boundary_km": 32.07, "grid_id": "113_80", "year": 1978 }, "geometry": { "type": "Point", "coordinates": [ -129.0579734, 55.145920159999982 ] } },
{ "type": "Feature", "properties": { "sample_id": "ID103P783048", "latitude": 55.13865932, "longitude": -129.0341189, "rock_class": "sedimentary rocks", "rock_type": "undivided sedimentary rocks", "terrane": "Overlap", "terrane_name": "Stikinia", "era": "Mesozoic", "lithium_ppm": 43.6, "cobalt_ppm": 21.5, "nickel_ppm": 90.9, "score_battery": 1.4965354997616085, "rank_battery": 529, "dist_to_fault_km": 9.78, "dist_to_terrane_boundary_km": 32.87, "grid_id": "113_80", "year": 1978 }, "geometry": { "type": "Point", "coordinates": [ -129.03411890000001, 55.138659319999988 ] } },
{ "type": "Feature", "properties": { "sample_id": "ID103P783049", "latitude": 55.16013725, "longitude": -129.0306999, "rock_class": "sedimentary rocks", "rock_type": "undivided sedimentary rocks", "terrane": "Overlap", "terrane_name": "Stikinia", "era": "Mesozoic", "lithium_ppm": 43.3, "cobalt_ppm": 21.5, "nickel_ppm": 93.6, "score_battery": 1.4995919554055872, "rank_battery": 522, "dist_to_fault_km": 10.88, "dist_to_terrane_boundary_km": 34.39, "grid_id": "113_80", "year": 1978 }, "geometry": { "type": "Point", "coordinates": [ -129.0306999, 55.16013725 ] } },
{ "type": "Feature", "properties": { "sample_id": "ID103P783053", "latitude": 55.07966559, "longitude": -128.9443781, "rock_class": "sedimentary rocks", "rock_type": "undivided sedimentary rocks", "terrane": "Overlap", "terrane_name": "Stikinia", "era": "Mesozoic", "lithium_ppm": 47.4, "cobalt_ppm": 24.2, "nickel_ppm": 123.8, "score_battery": 1.6982004118153311, "rank_battery": 217, "dist_to_fault_km": 9.69, "dist_to_terrane_boundary_km": 33.93, "grid_id": "112_81", "year": 1978 }, "geometry": { "type": "Point", "coordinates": [ -128.9443781, 55.07966559 ] } },
{ "type": "Feature", "properties": { "sample_id": "ID103P783054", "latitude": 55.05561554, "longitude": -128.9606137, "rock_class": "sedimentary rocks", "rock_type": "undivided sedimentary rocks", "terrane": "Overlap", "terrane_name": "Stikinia", "era": "Mesozoic", "lithium_ppm": 44.9, "cobalt_ppm": 31.6, "nickel_ppm": 197.8, "score_battery": 1.9244515299095539, "rank_battery": 79, "dist_to_fault_km": 6.91, "dist_to_terrane_boundary_km": 31.57, "grid_id": "112_81", "year": 1978 }, "geometry": { "type": "Point", "coordinates": [ -128.96061370000001, 55.055615539999955 ] } },
{ "type": "Feature", "properties": { "sample_id": "ID103P783055", "latitude": 55.05561554, "longitude": -128.9606137, "rock_class": "sedimentary rocks", "rock_type": "undivided sedimentary rocks", "terrane": "Overlap", "terrane_name": "Stikinia", "era": "Mesozoic", "lithium_ppm": 42.1, "cobalt_ppm": 30.1, "nickel_ppm": 192.6, "score_battery": 1.8473594198056564, "rank_battery": 111, "dist_to_fault_km": 6.91, "dist_to_terrane_boundary_km": 31.57, "grid_id": "112_81", "year": 1978 }, "geometry": { "type": "Point", "coordinates": [ -128.96061370000001, 55.055615539999955 ] } },
{ "type": "Feature", "properties": { "sample_id": "ID103P783056", "latitude": 55.0694867, "longitude": -128.9503899, "rock_class": "sedimentary rocks", "rock_type": "undivided sedimentary rocks", "terrane": "Overlap", "terrane_name": "Stikinia", "era": "Mesozoic", "lithium_ppm": 38.3, "cobalt_ppm": 26.0, "nickel_ppm": 130.4, "score_battery": 1.601107925933668, "rank_battery": 343, "dist_to_fault_km": 8.51, "dist_to_terrane_boundary_km": 32.98, "grid_id": "112_81", "year": 1978 }, "geometry": { "type": "Point", "coordinates": [ -128.9503899, 55.06948669999997 ] } },
{ "type": "Feature", "properties": { "sample_id": "ID103P783057", "latitude": 55.56977588, "longitude": -128.603084, "rock_class": "sedimentary rocks", "rock_type": "sandstone", "terrane": "Overlap", "terrane_name": "Stikinia", "era": "Mesozoic", "lithium_ppm": 28.2, "cobalt_ppm": 22.4, "nickel_ppm": 134.8, "score_battery": 1.322478131268872, "rank_battery": 991, "dist_to_fault_km": 28.7, "dist_to_terrane_boundary_km": 82.31, "grid_id": "117_83", "year": 1978 }, "geometry": { "type": "Point", "coordinates": [ -128.603084, 55.56977588 ] } },
{ "type": "Feature", "properties": { "sample_id": "ID103P783065", "latitude": 55.60746789, "longitude": -128.4529361, "rock_class": "sedimentary rocks", "rock_type": "sandstone", "terrane": "Overlap", "terrane_name": "Stikinia", "era": "Mesozoic", "lithium_ppm": 34.1, "cobalt_ppm": 22.2, "nickel_ppm": 116.9, "score_battery": 1.4103024430515083, "rank_battery": 724, "dist_to_fault_km": 21.97, "dist_to_terrane_boundary_km": 92.51, "grid_id": "118_84", "year": 1978 }, "geometry": { "type": "Point", "coordinates": [ -128.452936099999988, 55.607467889999981 ] } },
{ "type": "Feature", "properties": { "sample_id": "ID103P783105", "latitude": 55.45893602, "longitude": -129.5680945, "rock_class": "sedimentary rocks", "rock_type": "sandstone", "terrane": "Overlap", "terrane_name": "Stikinia", "era": "Mesozoic", "lithium_ppm": 28.0, "cobalt_ppm": 36.4, "nickel_ppm": 120.6, "score_battery": 1.5384281821893346, "rank_battery": 441, "dist_to_fault_km": 5.71, "dist_to_terrane_boundary_km": 26.06, "grid_id": "116_77", "year": 1978 }, "geometry": { "type": "Point", "coordinates": [ -129.5680945, 55.45893602 ] } },
{ "type": "Feature", "properties": { "sample_id": "ID103P785002", "latitude": 55.41608252, "longitude": -129.1975047, "rock_class": "sedimentary rocks", "rock_type": "sandstone", "terrane": "Overlap", "terrane_name": "Stikinia", "era": "Mesozoic", "lithium_ppm": 36.9, "cobalt_ppm": 32.1, "nickel_ppm": 98.9, "score_battery": 1.6099601560586214, "rank_battery": 329, "dist_to_fault_km": 2.14, "dist_to_terrane_boundary_km": 41.93, "grid_id": "116_79", "year": 1978 }, "geometry": { "type": "Point", "coordinates": [ -129.1975047, 55.416082519999989 ] } },
{ "type": "Feature", "properties": { "sample_id": "ID103P785009", "latitude": 55.68858683, "longitude": -129.8584718, "rock_class": "sedimentary and volcanic rocks", "rock_type": "siltstone", "terrane": "Stikinia", "terrane_name": "Stikinia", "era": "Mesozoic", "lithium_ppm": 36.3, "cobalt_ppm": 20.9, "nickel_ppm": 128.9, "score_battery": 1.4489321310356038, "rank_battery": 620, "dist_to_fault_km": 3.48, "dist_to_terrane_boundary_km": 12.28, "grid_id": "119_75", "year": 1978 }, "geometry": { "type": "Point", "coordinates": [ -129.8584718, 55.68858683 ] } },
{ "type": "Feature", "properties": { "sample_id": "ID103P785076", "latitude": 55.46739595, "longitude": -129.3011419, "rock_class": "sedimentary rocks", "rock_type": "sandstone", "terrane": "Overlap", "terrane_name": "Stikinia", "era": "Mesozoic", "lithium_ppm": 33.5, "cobalt_ppm": 25.5, "nickel_ppm": 94.8, "score_battery": 1.4128948558578762, "rank_battery": 719, "dist_to_fault_km": 2.11, "dist_to_terrane_boundary_km": 41.19, "grid_id": "116_79", "year": 1978 }, "geometry": { "type": "Point", "coordinates": [ -129.3011419, 55.46739595 ] } },
{ "type": "Feature", "properties": { "sample_id": "ID103P785077", "latitude": 55.43852098, "longitude": -129.343455, "rock_class": "sedimentary rocks", "rock_type": "sandstone", "terrane": "Overlap", "terrane_name": "Stikinia", "era": "Mesozoic", "lithium_ppm": 31.1, "cobalt_ppm": 35.7, "nickel_ppm": 88.9, "score_battery": 1.5185797463870991, "rank_battery": 474, "dist_to_fault_km": 2.09, "dist_to_terrane_boundary_km": 37.03, "grid_id": "116_78", "year": 1978 }, "geometry": { "type": "Point", "coordinates": [ -129.343455, 55.43852098 ] } },
{ "type": "Feature", "properties": { "sample_id": "ID103P785082", "latitude": 55.47064785, "longitude": -129.4408283, "rock_class": "sedimentary rocks", "rock_type": "sandstone", "terrane": "Overlap", "terrane_name": "Stikinia", "era": "Mesozoic", "lithium_ppm": 25.8, "cobalt_ppm": 43.3, "nickel_ppm": 105.6, "score_battery": 1.5372311827910037, "rank_battery": 445, "dist_to_fault_km": 3.3, "dist_to_terrane_boundary_km": 34.02, "grid_id": "116_78", "year": 1978 }, "geometry": { "type": "Point", "coordinates": [ -129.4408283, 55.47064785 ] } },
{ "type": "Feature", "properties": { "sample_id": "ID103P785162", "latitude": 55.41882414, "longitude": -129.3270124, "rock_class": "sedimentary rocks", "rock_type": "sandstone", "terrane": "Overlap", "terrane_name": "Stikinia", "era": "Mesozoic", "lithium_ppm": 31.8, "cobalt_ppm": 29.7, "nickel_ppm": 130.5, "score_battery": 1.5415544353702704, "rank_battery": 433, "dist_to_fault_km": 4.23, "dist_to_terrane_boundary_km": 36.23, "grid_id": "116_78", "year": 1978 }, "geometry": { "type": "Point", "coordinates": [ -129.3270124, 55.41882414 ] } },
{ "type": "Feature", "properties": { "sample_id": "ID103P785163", "latitude": 55.41882414, "longitude": -129.3270124, "rock_class": "sedimentary rocks", "rock_type": "sandstone", "terrane": "Overlap", "terrane_name": "Stikinia", "era": "Mesozoic", "lithium_ppm": 29.7, "cobalt_ppm": 27.8, "nickel_ppm": 126.9, "score_battery": 1.4528572285872496, "rank_battery": 612, "dist_to_fault_km": 4.23, "dist_to_terrane_boundary_km": 36.23, "grid_id": "116_78", "year": 1978 }, "geometry": { "type": "Point", "coordinates": [ -129.3270124, 55.41882414 ] } },
{ "type": "Feature", "properties": { "sample_id": "ID103P785164", "latitude": 55.42788389, "longitude": -129.2409698, "rock_class": "sedimentary rocks", "rock_type": "sandstone", "terrane": "Overlap", "terrane_name": "Stikinia", "era": "Mesozoic", "lithium_ppm": 38.9, "cobalt_ppm": 20.1, "nickel_ppm": 107.4, "score_battery": 1.4278419941624141, "rank_battery": 672, "dist_to_fault_km": 3.24, "dist_to_terrane_boundary_km": 40.81, "grid_id": "116_79", "year": 1978 }, "geometry": { "type": "Point", "coordinates": [ -129.240969799999988, 55.42788389 ] } },
{ "type": "Feature", "properties": { "sample_id": "ID103P785170", "latitude": 55.41682562, "longitude": -129.1329939, "rock_class": "sedimentary rocks", "rock_type": "sandstone", "terrane": "Overlap", "terrane_name": "Stikinia", "era": "Mesozoic", "lithium_ppm": 36.7, "cobalt_ppm": 22.4, "nickel_ppm": 91.2, "score_battery": 1.3989920151617703, "rank_battery": 751, "dist_to_fault_km": 0.61, "dist_to_terrane_boundary_km": 45.14, "grid_id": "116_80", "year": 1978 }, "geometry": { "type": "Point", "coordinates": [ -129.132993900000031, 55.41682562 ] } },
{ "type": "Feature", "properties": { "sample_id": "ID103P785171", "latitude": 55.36911202, "longitude": -129.1318398, "rock_class": "sedimentary rocks", "rock_type": "sandstone", "terrane": "Overlap", "terrane_name": "Stikinia", "era": "Mesozoic", "lithium_ppm": 44.2, "cobalt_ppm": 29.6, "nickel_ppm": 107.5, "score_battery": 1.7154887992179417, "rank_battery": 200, "dist_to_fault_km": 2.36, "dist_to_terrane_boundary_km": 42.14, "grid_id": "115_80", "year": 1978 }, "geometry": { "type": "Point", "coordinates": [ -129.1318398, 55.36911202 ] } },
{ "type": "Feature", "properties": { "sample_id": "ID103P785489", "latitude": 55.36682104, "longitude": -129.0435759, "rock_class": "sedimentary rocks", "rock_type": "sandstone", "terrane": "Overlap", "terrane_name": "Stikinia", "era": "Mesozoic", "lithium_ppm": 28.6, "cobalt_ppm": 37.5, "nickel_ppm": 142.2, "score_battery": 1.6128107721203273, "rank_battery": 325, "dist_to_fault_km": 7.91, "dist_to_terrane_boundary_km": 46.62, "grid_id": "115_80", "year": 1978 }, "geometry": { "type": "Point", "coordinates": [ -129.0435759, 55.36682104 ] } },
{ "type": "Feature", "properties": { "sample_id": "ID103P785497", "latitude": 55.29060066, "longitude": -129.1626477, "rock_class": "sedimentary rocks", "rock_type": "sandstone", "terrane": "Overlap", "terrane_name": "Stikinia", "era": "Mesozoic", "lithium_ppm": 36.4, "cobalt_ppm": 20.6, "nickel_ppm": 82.6, "score_battery": 1.3239619001818697, "rank_battery": 981, "dist_to_fault_km": 1.7, "dist_to_terrane_boundary_km": 35.61, "grid_id": "114_79", "year": 1978 }, "geometry": { "type": "Point", "coordinates": [ -129.1626477, 55.29060066 ] } },
{ "type": "Feature", "properties": { "sample_id": "ID103P785510", "latitude": 55.2642166, "longitude": -129.2657229, "rock_class": "sedimentary rocks", "rock_type": "sandstone", "terrane": "Overlap", "terrane_name": "Stikinia", "era": "Mesozoic", "lithium_ppm": 33.2, "cobalt_ppm": 26.4, "nickel_ppm": 110.7, "score_battery": 1.4661853571692411, "rank_battery": 578, "dist_to_fault_km": 2.62, "dist_to_terrane_boundary_km": 28.55, "grid_id": "114_79", "year": 1978 }, "geometry": { "type": "Point", "coordinates": [ -129.265722899999986, 55.264216599999983 ] } },
{ "type": "Feature", "properties": { "sample_id": "ID103P785513", "latitude": 55.25471551, "longitude": -129.2411009, "rock_class": "sedimentary rocks", "rock_type": "undivided sedimentary rocks", "terrane": "Overlap", "terrane_name": "Stikinia", "era": "Mesozoic", "lithium_ppm": 31.5, "cobalt_ppm": 29.7, "nickel_ppm": 131.6, "score_battery": 1.5372854916500114, "rank_battery": 444, "dist_to_fault_km": 3.48, "dist_to_terrane_boundary_km": 29.24, "grid_id": "114_79", "year": 1978 }, "geometry": { "type": "Point", "coordinates": [ -129.2411009, 55.25471551 ] } },
{ "type": "Feature", "properties": { "sample_id": "ID103P785539", "latitude": 55.07328638, "longitude": -129.1173811, "rock_class": "sedimentary rocks", "rock_type": "undivided sedimentary rocks", "terrane": "Overlap", "terrane_name": "Stikinia", "era": "Mesozoic", "lithium_ppm": 36.8, "cobalt_ppm": 22.4, "nickel_ppm": 94.8, "score_battery": 1.4112591397219978, "rank_battery": 721, "dist_to_fault_km": 6.14, "dist_to_terrane_boundary_km": 24.39, "grid_id": "112_80", "year": 1978 }, "geometry": { "type": "Point", "coordinates": [ -129.117381099999989, 55.07328638 ] } },
{ "type": "Feature", "properties": { "sample_id": "ID103P785566", "latitude": 55.05214883, "longitude": -129.0737413, "rock_class": "sedimentary rocks", "rock_type": "undivided sedimentary rocks", "terrane": "Overlap", "terrane_name": "Stikinia", "era": "Mesozoic", "lithium_ppm": 30.0, "cobalt_ppm": 33.8, "nickel_ppm": 143.2, "score_battery": 1.5934927852745175, "rank_battery": 353, "dist_to_fault_km": 9.38, "dist_to_terrane_boundary_km": 25.38, "grid_id": "112_80", "year": 1978 }, "geometry": { "type": "Point", "coordinates": [ -129.0737413, 55.05214883 ] } },
{ "type": "Feature", "properties": { "sample_id": "ID103P785567", "latitude": 55.04469956, "longitude": -129.0309559, "rock_class": "sedimentary rocks", "rock_type": "undivided sedimentary rocks", "terrane": "Overlap", "terrane_name": "Stikinia", "era": "Mesozoic", "lithium_ppm": 45.3, "cobalt_ppm": 40.9, "nickel_ppm": 131.0, "score_battery": 1.9538024179670455, "rank_battery": 68, "dist_to_fault_km": 6.96, "dist_to_terrane_boundary_km": 27.17, "grid_id": "112_80", "year": 1978 }, "geometry": { "type": "Point", "coordinates": [ -129.0309559, 55.044699559999984 ] } },
{ "type": "Feature", "properties": { "sample_id": "ID103P785591", "latitude": 55.07530306, "longitude": -128.4215194, "rock_class": "sedimentary rocks", "rock_type": "sandstone", "terrane": "Overlap", "terrane_name": "Stikinia", "era": "Mesozoic", "lithium_ppm": 24.4, "cobalt_ppm": 37.6, "nickel_ppm": 127.8, "score_battery": 1.4767514938269286, "rank_battery": 559, "dist_to_fault_km": 10.75, "dist_to_terrane_boundary_km": 60.81, "grid_id": "112_84", "year": 1978 }, "geometry": { "type": "Point", "coordinates": [ -128.4215194, 55.075303059999989 ] } },
{ "type": "Feature", "properties": { "sample_id": "ID103P785595", "latitude": 55.05214106, "longitude": -128.4868143, "rock_class": "sedimentary rocks", "rock_type": "undivided sedimentary rocks", "terrane": "Overlap", "terrane_name": "Stikinia", "era": "Mesozoic", "lithium_ppm": 23.9, "cobalt_ppm": 31.9, "nickel_ppm": 100.0, "score_battery": 1.3112556556062562, "rank_battery": 1017, "dist_to_fault_km": 11.25, "dist_to_terrane_boundary_km": 55.95, "grid_id": "111_84", "year": 1978 }, "geometry": { "type": "Point", "coordinates": [ -128.4868143, 55.05214106 ] } },
{ "type": "Feature", "properties": { "sample_id": "ID103P785610", "latitude": 55.05926627, "longitude": -128.6273448, "rock_class": "sedimentary rocks", "rock_type": "sandstone", "terrane": "Overlap", "terrane_name": "Stikinia", "era": "Mesozoic", "lithium_ppm": 28.1, "cobalt_ppm": 29.1, "nickel_ppm": 100.9, "score_battery": 1.3768256520850715, "rank_battery": 804, "dist_to_fault_km": 4.08, "dist_to_terrane_boundary_km": 49.4, "grid_id": "112_83", "year": 1978 }, "geometry": { "type": "Point", "coordinates": [ -128.6273448, 55.05926627 ] } },
{ "type": "Feature", "properties": { "sample_id": "ID103P785612", "latitude": 55.12341623, "longitude": -128.6664205, "rock_class": "sedimentary rocks", "rock_type": "siltstone", "terrane": "Overlap", "terrane_name": "Stikinia", "era": "Mesozoic", "lithium_ppm": 33.2, "cobalt_ppm": 24.6, "nickel_ppm": 125.9, "score_battery": 1.464438809639135, "rank_battery": 584, "dist_to_fault_km": 9.65, "dist_to_terrane_boundary_km": 51.35, "grid_id": "112_83", "year": 1978 }, "geometry": { "type": "Point", "coordinates": [ -128.666420499999987, 55.123416229999982 ] } },
{ "type": "Feature", "properties": { "sample_id": "ID103P785614", "latitude": 55.11198841, "longitude": -128.6576899, "rock_class": "sedimentary rocks", "rock_type": "siltstone", "terrane": "Overlap", "terrane_name": "Stikinia", "era": "Mesozoic", "lithium_ppm": 29.1, "cobalt_ppm": 27.8, "nickel_ppm": 139.0, "score_battery": 1.4633445386255843, "rank_battery": 587, "dist_to_fault_km": 8.45, "dist_to_terrane_boundary_km": 51.1, "grid_id": "112_83", "year": 1978 }, "geometry": { "type": "Point", "coordinates": [ -128.6576899, 55.111988409999988 ] } },
{ "type": "Feature", "properties": { "sample_id": "ID103P785624", "latitude": 55.17032155, "longitude": -128.7701783, "rock_class": "sedimentary rocks", "rock_type": "siltstone", "terrane": "Overlap", "terrane_name": "Stikinia", "era": "Mesozoic", "lithium_ppm": 33.5, "cobalt_ppm": 19.3, "nickel_ppm": 115.6, "score_battery": 1.3236369751102055, "rank_battery": 982, "dist_to_fault_km": 15.94, "dist_to_terrane_boundary_km": 48.77, "grid_id": "113_82", "year": 1978 }, "geometry": { "type": "Point", "coordinates": [ -128.7701783, 55.17032155 ] } },
{ "type": "Feature", "properties": { "sample_id": "ID103P785625", "latitude": 55.17032155, "longitude": -128.7701783, "rock_class": "sedimentary rocks", "rock_type": "siltstone", "terrane": "Overlap", "terrane_name": "Stikinia", "era": "Mesozoic", "lithium_ppm": 37.3, "cobalt_ppm": 18.7, "nickel_ppm": 111.5, "score_battery": 1.3721180645394693, "rank_battery": 815, "dist_to_fault_km": 15.94, "dist_to_terrane_boundary_km": 48.77, "grid_id": "113_82", "year": 1978 }, "geometry": { "type": "Point", "coordinates": [ -128.7701783, 55.17032155 ] } },
{ "type": "Feature", "properties": { "sample_id": "ID103P785629", "latitude": 55.12457851, "longitude": -128.733339, "rock_class": "sedimentary rocks", "rock_type": "siltstone", "terrane": "Overlap", "terrane_name": "Stikinia", "era": "Mesozoic", "lithium_ppm": 38.8, "cobalt_ppm": 24.9, "nickel_ppm": 138.7, "score_battery": 1.60445294905659, "rank_battery": 339, "dist_to_fault_km": 10.34, "dist_to_terrane_boundary_km": 47.88, "grid_id": "112_82", "year": 1978 }, "geometry": { "type": "Point", "coordinates": [ -128.733339, 55.12457851 ] } },
{ "type": "Feature", "properties": { "sample_id": "ID103P785630", "latitude": 55.11324844, "longitude": -128.7299969, "rock_class": "sedimentary rocks", "rock_type": "siltstone", "terrane": "Overlap", "terrane_name": "Stikinia", "era": "Mesozoic", "lithium_ppm": 34.9, "cobalt_ppm": 23.2, "nickel_ppm": 149.8, "score_battery": 1.515612062196467, "rank_battery": 482, "dist_to_fault_km": 9.08, "dist_to_terrane_boundary_km": 47.35, "grid_id": "112_82", "year": 1978 }, "geometry": { "type": "Point", "coordinates": [ -128.7299969, 55.113248439999985 ] } },
{ "type": "Feature", "properties": { "sample_id": "ID103P785631", "latitude": 55.09905308, "longitude": -128.7438677, "rock_class": "sedimentary rocks", "rock_type": "siltstone", "terrane": "Overlap", "terrane_name": "Stikinia", "era": "Mesozoic", "lithium_ppm": 31.5, "cobalt_ppm": 27.2, "nickel_ppm": 119.2, "score_battery": 1.4652403571549422, "rank_battery": 581, "dist_to_fault_km": 8.04, "dist_to_terrane_boundary_km": 45.74, "grid_id": "112_82", "year": 1978 }, "geometry": { "type": "Point", "coordinates": [ -128.74386770000001, 55.099053079999983 ] } },
{ "type": "Feature", "properties": { "sample_id": "ID103P785632", "latitude": 55.08852806, "longitude": -128.734519, "rock_class": "sedimentary rocks", "rock_type": "siltstone", "terrane": "Overlap", "terrane_name": "Stikinia", "era": "Mesozoic", "lithium_ppm": 29.8, "cobalt_ppm": 28.9, "nickel_ppm": 140.5, "score_battery": 1.50261152379106, "rank_battery": 514, "dist_to_fault_km": 6.72, "dist_to_terrane_boundary_km": 45.58, "grid_id": "112_82", "year": 1978 }, "geometry": { "type": "Point", "coordinates": [ -128.734519, 55.088528059999987 ] } },
{ "type": "Feature", "properties": { "sample_id": "ID103P785634", "latitude": 55.09586148, "longitude": -128.8007863, "rock_class": "sedimentary rocks", "rock_type": "siltstone", "terrane": "Overlap", "terrane_name": "Stikinia", "era": "Mesozoic", "lithium_ppm": 26.7, "cobalt_ppm": 25.4, "nickel_ppm": 154.5, "score_battery": 1.3862523741957173, "rank_battery": 789, "dist_to_fault_km": 10.14, "dist_to_terrane_boundary_km": 42.53, "grid_id": "112_82", "year": 1978 }, "geometry": { "type": "Point", "coordinates": [ -128.8007863, 55.095861479999989 ] } },
{ "type": "Feature", "properties": { "sample_id": "ID103P785635", "latitude": 55.06411457, "longitude": -128.8018678, "rock_class": "sedimentary rocks", "rock_type": "siltstone", "terrane": "Overlap", "terrane_name": "Stikinia", "era": "Mesozoic", "lithium_ppm": 33.4, "cobalt_ppm": 27.1, "nickel_ppm": 134.3, "score_battery": 1.5357894048760192, "rank_battery": 447, "dist_to_fault_km": 8.38, "dist_to_terrane_boundary_km": 40.5, "grid_id": "112_82", "year": 1978 }, "geometry": { "type": "Point", "coordinates": [ -128.8018678, 55.064114570000015 ] } },
{ "type": "Feature", "properties": { "sample_id": "ID103P785644", "latitude": 55.13524355, "longitude": -129.1206371, "rock_class": "sedimentary rocks", "rock_type": "undivided sedimentary rocks", "terrane": "Overlap", "terrane_name": "Stikinia", "era": "Mesozoic", "lithium_ppm": 37.9, "cobalt_ppm": 24.9, "nickel_ppm": 120.6, "score_battery": 1.5505808832581263, "rank_battery": 419, "dist_to_fault_km": 4.54, "dist_to_terrane_boundary_km": 28.1, "grid_id": "113_80", "year": 1978 }, "geometry": { "type": "Point", "coordinates": [ -129.12063710000001, 55.135243549999984 ] } },
{ "type": "Feature", "properties": { "sample_id": "ID103P785645", "latitude": 55.13218903, "longitude": -129.1286426, "rock_class": "sedimentary rocks", "rock_type": "undivided sedimentary rocks", "terrane": "Overlap", "terrane_name": "Stikinia", "era": "Mesozoic", "lithium_ppm": 35.8, "cobalt_ppm": 22.7, "nickel_ppm": 94.7, "score_battery": 1.3987415330392985, "rank_battery": 753, "dist_to_fault_km": 3.92, "dist_to_terrane_boundary_km": 27.48, "grid_id": "113_80", "year": 1978 }, "geometry": { "type": "Point", "coordinates": [ -129.1286426, 55.13218903 ] } },
{ "type": "Feature", "properties": { "sample_id": "ID103P785647", "latitude": 55.14611509, "longitude": -129.1310722, "rock_class": "sedimentary rocks", "rock_type": "undivided sedimentary rocks", "terrane": "Overlap", "terrane_name": "Stikinia", "era": "Mesozoic", "lithium_ppm": 42.0, "cobalt_ppm": 22.9, "nickel_ppm": 92.5, "score_battery": 1.5075426307430795, "rank_battery": 502, "dist_to_fault_km": 4.79, "dist_to_terrane_boundary_km": 28.23, "grid_id": "113_80", "year": 1978 }, "geometry": { "type": "Point", "coordinates": [ -129.1310722, 55.146115090000016 ] } },
{ "type": "Feature", "properties": { "sample_id": "ID103P785648", "latitude": 55.0882183, "longitude": -129.038118, "rock_class": "sedimentary rocks", "rock_type": "undivided sedimentary rocks", "terrane": "Overlap", "terrane_name": "Stikinia", "era": "Mesozoic", "lithium_ppm": 33.7, "cobalt_ppm": 32.6, "nickel_ppm": 123.1, "score_battery": 1.6141260037493739, "rank_battery": 322, "dist_to_fault_km": 9.6, "dist_to_terrane_boundary_km": 29.51, "grid_id": "112_80", "year": 1978 }, "geometry": { "type": "Point", "coordinates": [ -129.038118, 55.088218299999987 ] } },
{ "type": "Feature", "properties": { "sample_id": "ID103P785664", "latitude": 55.02356191, "longitude": -128.879589, "rock_class": "sedimentary rocks", "rock_type": "siltstone", "terrane": "Overlap", "terrane_name": "Stikinia", "era": "Mesozoic", "lithium_ppm": 31.7, "cobalt_ppm": 21.0, "nickel_ppm": 128.6, "score_battery": 1.3572383157965193, "rank_battery": 863, "dist_to_fault_km": 2.85, "dist_to_terrane_boundary_km": 33.86, "grid_id": "111_81", "year": 1978 }, "geometry": { "type": "Point", "coordinates": [ -128.879589, 55.023561909999977 ] } },
{ "type": "Feature", "properties": { "sample_id": "ID103P785665", "latitude": 55.02667137, "longitude": -128.8892314, "rock_class": "sedimentary rocks", "rock_type": "undivided sedimentary rocks", "terrane": "Overlap", "terrane_name": "Stikinia", "era": "Mesozoic", "lithium_ppm": 36.3, "cobalt_ppm": 124.4, "nickel_ppm": 150.4, "score_battery": 2.4236691058201107, "rank_battery": 13, "dist_to_fault_km": 3.24, "dist_to_terrane_boundary_km": 33.54, "grid_id": "111_81", "year": 1978 }, "geometry": { "type": "Point", "coordinates": [ -128.8892314, 55.02667137 ] } },
{ "type": "Feature", "properties": { "sample_id": "ID103P787009", "latitude": 55.96987909, "longitude": -129.3042319, "rock_class": "sedimentary rocks", "rock_type": "sandstone", "terrane": "Overlap", "terrane_name": "Stikinia", "era": "Mesozoic", "lithium_ppm": 50.3, "cobalt_ppm": 18.8, "nickel_ppm": 85.4, "score_battery": 1.5108666792507417, "rank_battery": 489, "dist_to_fault_km": 10.11, "dist_to_terrane_boundary_km": 58.14, "grid_id": "122_79", "year": 1978 }, "geometry": { "type": "Point", "coordinates": [ -129.3042319, 55.969879089999978 ] } },
{ "type": "Feature", "properties": { "sample_id": "ID103P787010", "latitude": 55.97174642, "longitude": -129.3155743, "rock_class": "sedimentary rocks", "rock_type": "sandstone", "terrane": "Overlap", "terrane_name": "Stikinia", "era": "Mesozoic", "lithium_ppm": 38.7, "cobalt_ppm": 22.1, "nickel_ppm": 65.3, "score_battery": 1.3394006222144372, "rank_battery": 925, "dist_to_fault_km": 9.85, "dist_to_terrane_boundary_km": 57.57, "grid_id": "122_79", "year": 1978 }, "geometry": { "type": "Point", "coordinates": [ -129.3155743, 55.97174642 ] } },
{ "type": "Feature", "properties": { "sample_id": "ID103P787011", "latitude": 55.94514499, "longitude": -129.3177757, "rock_class": "sedimentary rocks", "rock_type": "sandstone", "terrane": "Overlap", "terrane_name": "Stikinia", "era": "Mesozoic", "lithium_ppm": 47.9, "cobalt_ppm": 31.2, "nickel_ppm": 88.2, "score_battery": 1.7455329795687335, "rank_battery": 182, "dist_to_fault_km": 7.51, "dist_to_terrane_boundary_km": 56.17, "grid_id": "122_79", "year": 1978 }, "geometry": { "type": "Point", "coordinates": [ -129.317775700000027, 55.94514499 ] } },
{ "type": "Feature", "properties": { "sample_id": "ID103P787014", "latitude": 55.93444614, "longitude": -129.27575, "rock_class": "sedimentary rocks", "rock_type": "sandstone", "terrane": "Overlap", "terrane_name": "Stikinia", "era": "Mesozoic", "lithium_ppm": 38.6, "cobalt_ppm": 19.9, "nickel_ppm": 83.4, "score_battery": 1.3495322417453035, "rank_battery": 893, "dist_to_fault_km": 9.02, "dist_to_terrane_boundary_km": 57.76, "grid_id": "122_79", "year": 1978 }, "geometry": { "type": "Point", "coordinates": [ -129.27575, 55.934446139999984 ] } },
{ "type": "Feature", "properties": { "sample_id": "ID103P787016", "latitude": 55.97871577, "longitude": -129.2458735, "rock_class": "sedimentary rocks", "rock_type": "sandstone", "terrane": "Overlap", "terrane_name": "Stikinia", "era": "Mesozoic", "lithium_ppm": 33.1, "cobalt_ppm": 22.7, "nickel_ppm": 101.1, "score_battery": 1.3621596426899019, "rank_battery": 849, "dist_to_fault_km": 13.34, "dist_to_terrane_boundary_km": 61.87, "grid_id": "122_79", "year": 1978 }, "geometry": { "type": "Point", "coordinates": [ -129.245873499999988, 55.97871576999998 ] } },
{ "type": "Feature", "properties": { "sample_id": "ID103P787017", "latitude": 55.96288553, "longitude": -129.4418577, "rock_class": "sedimentary rocks", "rock_type": "sandstone", "terrane": "Overlap", "terrane_name": "Stikinia", "era": "Mesozoic", "lithium_ppm": 34.0, "cobalt_ppm": 26.8, "nickel_ppm": 93.8, "score_battery": 1.445883170774283, "rank_battery": 632, "dist_to_fault_km": 3.06, "dist_to_terrane_boundary_km": 49.96, "grid_id": "122_78", "year": 1978 }, "geometry": { "type": "Point", "coordinates": [ -129.441857700000014, 55.962885529999987 ] } },
{ "type": "Feature", "properties": { "sample_id": "ID103P787020", "latitude": 55.94667884, "longitude": -129.4126433, "rock_class": "sedimentary rocks", "rock_type": "sandstone", "terrane": "Overlap", "terrane_name": "Stikinia", "era": "Mesozoic", "lithium_ppm": 30.0, "cobalt_ppm": 25.1, "nickel_ppm": 94.7, "score_battery": 1.3284835723234218, "rank_battery": 966, "dist_to_fault_km": 3.52, "dist_to_terrane_boundary_km": 50.91, "grid_id": "122_78", "year": 1978 }, "geometry": { "type": "Point", "coordinates": [ -129.412643300000042, 55.946678840000011 ] } },
{ "type": "Feature", "properties": { "sample_id": "ID103P787028", "latitude": 55.92869549, "longitude": -129.4423168, "rock_class": "sedimentary rocks", "rock_type": "clastic rocks", "terrane": "Stikinia", "terrane_name": "Stikinia", "era": "Mesozoic", "lithium_ppm": 30.4, "cobalt_ppm": 36.3, "nickel_ppm": 92.6, "score_battery": 1.5225244408459986, "rank_battery": 468, "dist_to_fault_km": 1.04, "dist_to_terrane_boundary_km": 48.42, "grid_id": "122_78", "year": 1978 }, "geometry": { "type": "Point", "coordinates": [ -129.442316799999986, 55.92869549 ] } },
{ "type": "Feature", "properties": { "sample_id": "ID103P787051", "latitude": 55.70408374, "longitude": -129.3587013, "rock_class": "sedimentary and volcanic rocks", "rock_type": "chert", "terrane": "Stikinia", "terrane_name": "Stikinia", "era": "Paleozoic to Mesozoic", "lithium_ppm": 33.1, "cobalt_ppm": 31.0, "nickel_ppm": 51.9, "score_battery": 1.344448398675206, "rank_battery": 906, "dist_to_fault_km": 0.21, "dist_to_terrane_boundary_km": 40.8, "grid_id": "119_78", "year": 1978 }, "geometry": { "type": "Point", "coordinates": [ -129.3587013, 55.70408374 ] } },
{ "type": "Feature", "properties": { "sample_id": "ID103P787056", "latitude": 55.717023, "longitude": -129.2497665, "rock_class": "sedimentary rocks", "rock_type": "clastic rocks", "terrane": "Stikinia", "terrane_name": "Stikinia", "era": "Mesozoic", "lithium_ppm": 29.8, "cobalt_ppm": 26.2, "nickel_ppm": 95.1, "score_battery": 1.3470930955166676, "rank_battery": 897, "dist_to_fault_km": 5.96, "dist_to_terrane_boundary_km": 47.74, "grid_id": "119_79", "year": 1978 }, "geometry": { "type": "Point", "coordinates": [ -129.2497665, 55.717023 ] } },
{ "type": "Feature", "properties": { "sample_id": "ID103P787058", "latitude": 55.71822087, "longitude": -129.1876131, "rock_class": "sedimentary rocks", "rock_type": "sandstone", "terrane": "Overlap", "terrane_name": "Stikinia", "era": "Mesozoic", "lithium_ppm": 42.1, "cobalt_ppm": 31.3, "nickel_ppm": 108.4, "score_battery": 1.712845618433867, "rank_battery": 202, "dist_to_fault_km": 9.82, "dist_to_terrane_boundary_km": 51.5, "grid_id": "119_80", "year": 1978 }, "geometry": { "type": "Point", "coordinates": [ -129.1876131, 55.718220869999989 ] } },
{ "type": "Feature", "properties": { "sample_id": "ID103P787059", "latitude": 55.70438454, "longitude": -129.1808475, "rock_class": "sedimentary rocks", "rock_type": "sandstone", "terrane": "Overlap", "terrane_name": "Stikinia", "era": "Mesozoic", "lithium_ppm": 36.2, "cobalt_ppm": 20.2, "nickel_ppm": 98.1, "score_battery": 1.3562730237752274, "rank_battery": 869, "dist_to_fault_km": 10.15, "dist_to_terrane_boundary_km": 51.49, "grid_id": "119_80", "year": 1978 }, "geometry": { "type": "Point", "coordinates": [ -129.1808475, 55.704384539999978 ] } },
{ "type": "Feature", "properties": { "sample_id": "ID103P787060", "latitude": 55.72362538, "longitude": -129.1658915, "rock_class": "sedimentary rocks", "rock_type": "sandstone", "terrane": "Overlap", "terrane_name": "Stikinia", "era": "Mesozoic", "lithium_ppm": 32.9, "cobalt_ppm": 35.3, "nickel_ppm": 96.4, "score_battery": 1.5732041720185606, "rank_battery": 387, "dist_to_fault_km": 11.13, "dist_to_terrane_boundary_km": 52.98, "grid_id": "119_80", "year": 1978 }, "geometry": { "type": "Point", "coordinates": [ -129.165891499999987, 55.723625379999987 ] } },
{ "type": "Feature", "properties": { "sample_id": "ID103P787066", "latitude": 55.67191347, "longitude": -129.2280624, "rock_class": "sedimentary rocks", "rock_type": "sandstone", "terrane": "Overlap", "terrane_name": "Stikinia", "era": "Mesozoic", "lithium_ppm": 32.7, "cobalt_ppm": 33.9, "nickel_ppm": 122.6, "score_battery": 1.6125584022537209, "rank_battery": 326, "dist_to_fault_km": 8.0, "dist_to_terrane_boundary_km": 47.79, "grid_id": "119_79", "year": 1978 }, "geometry": { "type": "Point", "coordinates": [ -129.2280624, 55.67191347 ] } },
{ "type": "Feature", "properties": { "sample_id": "ID103P787069", "latitude": 55.65575163, "longitude": -129.1709286, "rock_class": "sedimentary rocks", "rock_type": "sandstone", "terrane": "Overlap", "terrane_name": "Stikinia", "era": "Mesozoic", "lithium_ppm": 29.3, "cobalt_ppm": 31.2, "nickel_ppm": 107.4, "score_battery": 1.4583656714399931, "rank_battery": 602, "dist_to_fault_km": 12.02, "dist_to_terrane_boundary_km": 51.01, "grid_id": "118_80", "year": 1978 }, "geometry": { "type": "Point", "coordinates": [ -129.1709286, 55.65575163 ] } },
{ "type": "Feature", "properties": { "sample_id": "ID103P787072", "latitude": 55.64100027, "longitude": -129.1236959, "rock_class": "sedimentary rocks", "rock_type": "sandstone", "terrane": "Overlap", "terrane_name": "Stikinia", "era": "Mesozoic", "lithium_ppm": 35.0, "cobalt_ppm": 68.6, "nickel_ppm": 145.1, "score_battery": 2.0739551481601173, "rank_battery": 44, "dist_to_fault_km": 15.41, "dist_to_terrane_boundary_km": 53.74, "grid_id": "118_80", "year": 1978 }, "geometry": { "type": "Point", "coordinates": [ -129.1236959, 55.641000269999978 ] } },
{ "type": "Feature", "properties": { "sample_id": "ID103P787075", "latitude": 55.74081633, "longitude": -129.0523855, "rock_class": "sedimentary rocks", "rock_type": "sandstone", "terrane": "Overlap", "terrane_name": "Stikinia", "era": "Mesozoic", "lithium_ppm": 36.6, "cobalt_ppm": 39.8, "nickel_ppm": 98.8, "score_battery": 1.7158923125123602, "rank_battery": 199, "dist_to_fault_km": 18.13, "dist_to_terrane_boundary_km": 60.34, "grid_id": "119_80", "year": 1978 }, "geometry": { "type": "Point", "coordinates": [ -129.052385500000014, 55.74081632999998 ] } },
{ "type": "Feature", "properties": { "sample_id": "ID103P787076", "latitude": 55.71957631, "longitude": -129.0950832, "rock_class": "sedimentary rocks", "rock_type": "sandstone", "terrane": "Overlap", "terrane_name": "Stikinia", "era": "Mesozoic", "lithium_ppm": 37.8, "cobalt_ppm": 34.2, "nickel_ppm": 94.5, "score_battery": 1.647316042245095, "rank_battery": 269, "dist_to_fault_km": 15.59, "dist_to_terrane_boundary_km": 57.13, "grid_id": "119_80", "year": 1978 }, "geometry": { "type": "Point", "coordinates": [ -129.0950832, 55.719576310000015 ] } },
{ "type": "Feature", "properties": { "sample_id": "ID103P787077", "latitude": 55.71773142, "longitude": -129.0868491, "rock_class": "sedimentary rocks", "rock_type": "sandstone", "terrane": "Overlap", "terrane_name": "Stikinia", "era": "Mesozoic", "lithium_ppm": 42.3, "cobalt_ppm": 34.8, "nickel_ppm": 94.7, "score_battery": 1.7348773804473459, "rank_battery": 189, "dist_to_fault_km": 16.12, "dist_to_terrane_boundary_km": 57.57, "grid_id": "119_80", "year": 1978 }, "geometry": { "type": "Point", "coordinates": [ -129.0868491, 55.71773142 ] } },
{ "type": "Feature", "properties": { "sample_id": "ID103P787078", "latitude": 55.73409216, "longitude": -129.1006922, "rock_class": "sedimentary rocks", "rock_type": "sandstone", "terrane": "Overlap", "terrane_name": "Stikinia", "era": "Mesozoic", "lithium_ppm": 35.9, "cobalt_ppm": 44.3, "nickel_ppm": 109.5, "score_battery": 1.7861081823195186, "rank_battery": 148, "dist_to_fault_km": 15.15, "dist_to_terrane_boundary_km": 57.23, "grid_id": "119_80", "year": 1978 }, "geometry": { "type": "Point", "coordinates": [ -129.1006922, 55.734092159999989 ] } },
{ "type": "Feature", "properties": { "sample_id": "ID103P787079", "latitude": 55.69711344, "longitude": -129.0818077, "rock_class": "sedimentary rocks", "rock_type": "sandstone", "terrane": "Overlap", "terrane_name": "Stikinia", "era": "Mesozoic", "lithium_ppm": 41.9, "cobalt_ppm": 28.1, "nickel_ppm": 82.0, "score_battery": 1.5788679251492936, "rank_battery": 375, "dist_to_fault_km": 16.38, "dist_to_terrane_boundary_km": 57.35, "grid_id": "119_80", "year": 1978 }, "geometry": { "type": "Point", "coordinates": [ -129.081807700000013, 55.697113439999988 ] } },
{ "type": "Feature", "properties": { "sample_id": "ID103P787080", "latitude": 55.69711344, "longitude": -129.0818077, "rock_class": "sedimentary rocks", "rock_type": "sandstone", "terrane": "Overlap", "terrane_name": "Stikinia", "era": "Mesozoic", "lithium_ppm": 42.1, "cobalt_ppm": 28.8, "nickel_ppm": 86.1, "score_battery": 1.6079573163331169, "rank_battery": 331, "dist_to_fault_km": 16.38, "dist_to_terrane_boundary_km": 57.35, "grid_id": "119_80", "year": 1978 }, "geometry": { "type": "Point", "coordinates": [ -129.081807700000013, 55.697113439999988 ] } },
{ "type": "Feature", "properties": { "sample_id": "ID103P787082", "latitude": 55.69639798, "longitude": -129.0898405, "rock_class": "sedimentary rocks", "rock_type": "sandstone", "terrane": "Overlap", "terrane_name": "Stikinia", "era": "Mesozoic", "lithium_ppm": 49.5, "cobalt_ppm": 25.6, "nickel_ppm": 92.6, "score_battery": 1.6792871993560041, "rank_battery": 241, "dist_to_fault_km": 15.88, "dist_to_terrane_boundary_km": 56.84, "grid_id": "119_80", "year": 1978 }, "geometry": { "type": "Point", "coordinates": [ -129.0898405, 55.696397979999986 ] } },
{ "type": "Feature", "properties": { "sample_id": "ID103P787093", "latitude": 55.6064434, "longitude": -129.2088411, "rock_class": "sedimentary rocks", "rock_type": "clastic rocks", "terrane": "Stikinia", "terrane_name": "Stikinia", "era": "Mesozoic", "lithium_ppm": 34.9, "cobalt_ppm": 38.5, "nickel_ppm": 169.2, "score_battery": 1.8104412696348247, "rank_battery": 133, "dist_to_fault_km": 13.7, "dist_to_terrane_boundary_km": 48.1, "grid_id": "118_79", "year": 1978 }, "geometry": { "type": "Point", "coordinates": [ -129.2088411, 55.606443399999989 ] } },
{ "type": "Feature", "properties": { "sample_id": "ID103P787095", "latitude": 55.59257877, "longitude": -129.1923129, "rock_class": "sedimentary rocks", "rock_type": "clastic rocks", "terrane": "Stikinia", "terrane_name": "Stikinia", "era": "Mesozoic", "lithium_ppm": 23.2, "cobalt_ppm": 28.9, "nickel_ppm": 134.3, "score_battery": 1.3191385793446573, "rank_battery": 996, "dist_to_fault_km": 15.56, "dist_to_terrane_boundary_km": 49.09, "grid_id": "118_79", "year": 1978 }, "geometry": { "type": "Point", "coordinates": [ -129.1923129, 55.59257877 ] } },
{ "type": "Feature", "properties": { "sample_id": "ID103P787099", "latitude": 55.55401984, "longitude": -129.1876544, "rock_class": "sedimentary rocks", "rock_type": "sandstone", "terrane": "Overlap", "terrane_name": "Stikinia", "era": "Mesozoic", "lithium_ppm": 38.6, "cobalt_ppm": 22.0, "nickel_ppm": 76.6, "score_battery": 1.3779596581577072, "rank_battery": 801, "dist_to_fault_km": 12.8, "dist_to_terrane_boundary_km": 49.51, "grid_id": "117_79", "year": 1978 }, "geometry": { "type": "Point", "coordinates": [ -129.187654400000014, 55.55401984 ] } },
{ "type": "Feature", "properties": { "sample_id": "ID103P787102", "latitude": 55.55173451, "longitude": -129.1953153, "rock_class": "sedimentary rocks", "rock_type": "sandstone", "terrane": "Overlap", "terrane_name": "Stikinia", "era": "Mesozoic", "lithium_ppm": 30.2, "cobalt_ppm": 32.2, "nickel_ppm": 126.8, "score_battery": 1.5401548025555629, "rank_battery": 438, "dist_to_fault_km": 12.57, "dist_to_terrane_boundary_km": 49.04, "grid_id": "117_79", "year": 1978 }, "geometry": { "type": "Point", "coordinates": [ -129.1953153, 55.551734509999982 ] } },
{ "type": "Feature", "properties": { "sample_id": "ID103P787105", "latitude": 55.5694563, "longitude": -129.1760881, "rock_class": "sedimentary rocks", "rock_type": "sandstone", "terrane": "Overlap", "terrane_name": "Stikinia", "era": "Mesozoic", "lithium_ppm": 33.8, "cobalt_ppm": 26.3, "nickel_ppm": 110.6, "score_battery": 1.4763424919356791, "rank_battery": 560, "dist_to_fault_km": 14.53, "dist_to_terrane_boundary_km": 50.15, "grid_id": "117_80", "year": 1978 }, "geometry": { "type": "Point", "coordinates": [ -129.176088099999987, 55.5694563 ] } },
{ "type": "Feature", "properties": { "sample_id": "ID103P787106", "latitude": 55.57135981, "longitude": -129.1641708, "rock_class": "sedimentary rocks", "rock_type": "sandstone", "terrane": "Overlap", "terrane_name": "Stikinia", "era": "Mesozoic", "lithium_ppm": 32.5, "cobalt_ppm": 31.1, "nickel_ppm": 130.7, "score_battery": 1.5808160458199296, "rank_battery": 373, "dist_to_fault_km": 14.79, "dist_to_terrane_boundary_km": 50.89, "grid_id": "117_80", "year": 1978 }, "geometry": { "type": "Point", "coordinates": [ -129.1641708, 55.571359809999983 ] } },
{ "type": "Feature", "properties": { "sample_id": "ID103P787107", "latitude": 55.60992424, "longitude": -129.1514418, "rock_class": "sedimentary rocks", "rock_type": "sandstone", "terrane": "Overlap", "terrane_name": "Stikinia", "era": "Mesozoic", "lithium_ppm": 35.8, "cobalt_ppm": 30.2, "nickel_ppm": 112.4, "score_battery": 1.5917893953767936, "rank_battery": 355, "dist_to_fault_km": 15.9, "dist_to_terrane_boundary_km": 51.72, "grid_id": "118_80", "year": 1978 }, "geometry": { "type": "Point", "coordinates": [ -129.151441799999986, 55.609924239999984 ] } },
{ "type": "Feature", "properties": { "sample_id": "ID103P787110", "latitude": 55.58103641, "longitude": -129.1270764, "rock_class": "sedimentary rocks", "rock_type": "sandstone", "terrane": "Overlap", "terrane_name": "Stikinia", "era": "Mesozoic", "lithium_ppm": 38.4, "cobalt_ppm": 27.8, "nickel_ppm": 104.0, "score_battery": 1.5766153120610087, "rank_battery": 381, "dist_to_fault_km": 16.22, "dist_to_terrane_boundary_km": 53.2, "grid_id": "118_80", "year": 1978 }, "geometry": { "type": "Point", "coordinates": [ -129.1270764, 55.58103641000001 ] } },
{ "type": "Feature", "properties": { "sample_id": "ID103P787145", "latitude": 55.81404863, "longitude": -129.381909, "rock_class": "sedimentary rocks", "rock_type": "sandstone", "terrane": "Overlap", "terrane_name": "Stikinia", "era": "Mesozoic", "lithium_ppm": 27.9, "cobalt_ppm": 30.7, "nickel_ppm": 142.0, "score_battery": 1.491498958529311, "rank_battery": 537, "dist_to_fault_km": 1.54, "dist_to_terrane_boundary_km": 44.99, "grid_id": "120_78", "year": 1978 }, "geometry": { "type": "Point", "coordinates": [ -129.381909, 55.814048629999967 ] } },
{ "type": "Feature", "properties": { "sample_id": "ID103P787150", "latitude": 55.8772452, "longitude": -129.191368, "rock_class": "sedimentary rocks", "rock_type": "sandstone", "terrane": "Overlap", "terrane_name": "Stikinia", "era": "Mesozoic", "lithium_ppm": 38.3, "cobalt_ppm": 31.3, "nickel_ppm": 128.9, "score_battery": 1.693844453745853, "rank_battery": 227, "dist_to_fault_km": 13.24, "dist_to_terrane_boundary_km": 58.83, "grid_id": "121_80", "year": 1978 }, "geometry": { "type": "Point", "coordinates": [ -129.191368, 55.877245199999983 ] } },
{ "type": "Feature", "properties": { "sample_id": "ID103P787151", "latitude": 55.874423, "longitude": -129.2808384, "rock_class": "sedimentary rocks", "rock_type": "sandstone", "terrane": "Overlap", "terrane_name": "Stikinia", "era": "Mesozoic", "lithium_ppm": 42.3, "cobalt_ppm": 34.7, "nickel_ppm": 99.9, "score_battery": 1.7477277749160913, "rank_battery": 180, "dist_to_fault_km": 8.29, "dist_to_terrane_boundary_km": 53.93, "grid_id": "121_79", "year": 1978 }, "geometry": { "type": "Point", "coordinates": [ -129.2808384, 55.874423 ] } },
{ "type": "Feature", "properties": { "sample_id": "ID103P787155", "latitude": 55.87011908, "longitude": -129.268774, "rock_class": "sedimentary rocks", "rock_type": "sandstone", "terrane": "Overlap", "terrane_name": "Stikinia", "era": "Mesozoic", "lithium_ppm": 34.7, "cobalt_ppm": 26.6, "nickel_ppm": 96.4, "score_battery": 1.4634260352855377, "rank_battery": 586, "dist_to_fault_km": 9.17, "dist_to_terrane_boundary_km": 54.31, "grid_id": "121_79", "year": 1978 }, "geometry": { "type": "Point", "coordinates": [ -129.268774, 55.870119080000016 ] } },
{ "type": "Feature", "properties": { "sample_id": "ID103P787159", "latitude": 55.74309729, "longitude": -129.2755778, "rock_class": "sedimentary rocks", "rock_type": "sandstone", "terrane": "Overlap", "terrane_name": "Stikinia", "era": "Mesozoic", "lithium_ppm": 27.1, "cobalt_ppm": 26.3, "nickel_ppm": 125.7, "score_battery": 1.3588298266504313, "rank_battery": 854, "dist_to_fault_km": 4.21, "dist_to_terrane_boundary_km": 47.19, "grid_id": "119_79", "year": 1978 }, "geometry": { "type": "Point", "coordinates": [ -129.2755778, 55.743097290000016 ] } },
{ "type": "Feature", "properties": { "sample_id": "ID103P787226", "latitude": 55.95472677, "longitude": -128.1832628, "rock_class": "sedimentary rocks", "rock_type": "siltstone", "terrane": "Overlap", "terrane_name": "Stikinia", "era": "Mesozoic", "lithium_ppm": 44.4, "cobalt_ppm": 21.1, "nickel_ppm": 53.6, "score_battery": 1.358400532311709, "rank_battery": 856, "dist_to_fault_km": 9.01, "dist_to_terrane_boundary_km": 119.39, "grid_id": "121_86", "year": 1978 }, "geometry": { "type": "Point", "coordinates": [ -128.1832628, 55.954726769999986 ] } },
{ "type": "Feature", "properties": { "sample_id": "ID103P787228", "latitude": 55.96641088, "longitude": -128.212751, "rock_class": "sedimentary rocks", "rock_type": "siltstone", "terrane": "Overlap", "terrane_name": "Stikinia", "era": "Mesozoic", "lithium_ppm": 42.7, "cobalt_ppm": 20.2, "nickel_ppm": 56.6, "score_battery": 1.3235566917547161, "rank_battery": 984, "dist_to_fault_km": 7.32, "dist_to_terrane_boundary_km": 118.11, "grid_id": "122_86", "year": 1978 }, "geometry": { "type": "Point", "coordinates": [ -128.212751, 55.966410879999984 ] } },
{ "type": "Feature", "properties": { "sample_id": "ID103P787269", "latitude": 55.86172954, "longitude": -128.3276537, "rock_class": "sedimentary rocks", "rock_type": "undivided sedimentary rocks", "terrane": "Overlap", "terrane_name": "Stikinia", "era": "Mesozoic", "lithium_ppm": 48.6, "cobalt_ppm": 22.6, "nickel_ppm": 73.4, "score_battery": 1.5402714595851272, "rank_battery": 437, "dist_to_fault_km": 19.9, "dist_to_terrane_boundary_km": 107.64, "grid_id": "120_85", "year": 1978 }, "geometry": { "type": "Point", "coordinates": [ -128.327653700000013, 55.86172954 ] } },
{ "type": "Feature", "properties": { "sample_id": "ID103P787280", "latitude": 55.87354979, "longitude": -128.1406164, "rock_class": "sedimentary rocks", "rock_type": "siltstone", "terrane": "Overlap", "terrane_name": "Stikinia", "era": "Mesozoic", "lithium_ppm": 41.7, "cobalt_ppm": 22.8, "nickel_ppm": 48.8, "score_battery": 1.3295248895638716, "rank_battery": 963, "dist_to_fault_km": 18.45, "dist_to_terrane_boundary_km": 119.25, "grid_id": "121_86", "year": 1978 }, "geometry": { "type": "Point", "coordinates": [ -128.1406164, 55.87354979 ] } },
{ "type": "Feature", "properties": { "sample_id": "ID103P787295", "latitude": 55.76989487, "longitude": -128.0152022, "rock_class": "sedimentary rocks", "rock_type": "siltstone", "terrane": "Overlap", "terrane_name": "Stikinia", "era": "Mesozoic", "lithium_ppm": 40.8, "cobalt_ppm": 51.3, "nickel_ppm": 81.4, "score_battery": 1.8719688645468673, "rank_battery": 96, "dist_to_fault_km": 32.09, "dist_to_terrane_boundary_km": 117.76, "grid_id": "119_87", "year": 1978 }, "geometry": { "type": "Point", "coordinates": [ -128.0152022, 55.76989486999998 ] } },
{ "type": "Feature", "properties": { "sample_id": "ID103P787322", "latitude": 55.85041387, "longitude": -128.1817461, "rock_class": "sedimentary rocks", "rock_type": "sandstone", "terrane": "Overlap", "terrane_name": "Stikinia", "era": "Mesozoic", "lithium_ppm": 42.8, "cobalt_ppm": 20.9, "nickel_ppm": 54.7, "score_battery": 1.333458601584425, "rank_battery": 948, "dist_to_fault_km": 20.41, "dist_to_terrane_boundary_km": 116.12, "grid_id": "120_86", "year": 1978 }, "geometry": { "type": "Point", "coordinates": [ -128.1817461, 55.850413869999969 ] } },
{ "type": "Feature", "properties": { "sample_id": "ID103P787349", "latitude": 55.48590389, "longitude": -129.1591628, "rock_class": "sedimentary rocks", "rock_type": "sandstone", "terrane": "Overlap", "terrane_name": "Stikinia", "era": "Mesozoic", "lithium_ppm": 37.5, "cobalt_ppm": 23.4, "nickel_ppm": 78.7, "score_battery": 1.3967864440260762, "rank_battery": 759, "dist_to_fault_km": 5.43, "dist_to_terrane_boundary_km": 49.03, "grid_id": "116_80", "year": 1978 }, "geometry": { "type": "Point", "coordinates": [ -129.1591628, 55.48590389 ] } },
{ "type": "Feature", "properties": { "sample_id": "ID103P787351", "latitude": 55.50766106, "longitude": -129.1069534, "rock_class": "sedimentary rocks", "rock_type": "sandstone", "terrane": "Overlap", "terrane_name": "Stikinia", "era": "Mesozoic", "lithium_ppm": 40.1, "cobalt_ppm": 24.0, "nickel_ppm": 113.3, "score_battery": 1.5539634709915062, "rank_battery": 415, "dist_to_fault_km": 8.56, "dist_to_terrane_boundary_km": 53.08, "grid_id": "117_80", "year": 1978 }, "geometry": { "type": "Point", "coordinates": [ -129.1069534, 55.50766106 ] } },
{ "type": "Feature", "properties": { "sample_id": "ID103P787352", "latitude": 55.50766106, "longitude": -129.1069534, "rock_class": "sedimentary rocks", "rock_type": "sandstone", "terrane": "Overlap", "terrane_name": "Stikinia", "era": "Mesozoic", "lithium_ppm": 40.4, "cobalt_ppm": 23.5, "nickel_ppm": 112.8, "score_battery": 1.5471373736308769, "rank_battery": 424, "dist_to_fault_km": 8.56, "dist_to_terrane_boundary_km": 53.08, "grid_id": "117_80", "year": 1978 }, "geometry": { "type": "Point", "coordinates": [ -129.1069534, 55.50766106 ] } },
{ "type": "Feature", "properties": { "sample_id": "ID103P787353", "latitude": 55.4825521, "longitude": -129.1102557, "rock_class": "sedimentary rocks", "rock_type": "sandstone", "terrane": "Overlap", "terrane_name": "Stikinia", "era": "Mesozoic", "lithium_ppm": 34.9, "cobalt_ppm": 29.4, "nickel_ppm": 106.6, "score_battery": 1.5460730263907769, "rank_battery": 425, "dist_to_fault_km": 5.91, "dist_to_terrane_boundary_km": 50.99, "grid_id": "116_80", "year": 1978 }, "geometry": { "type": "Point", "coordinates": [ -129.11025570000001, 55.482552099999985 ] } },
{ "type": "Feature", "properties": { "sample_id": "ID103P787356", "latitude": 55.45526858, "longitude": -129.079077, "rock_class": "sedimentary rocks", "rock_type": "sandstone", "terrane": "Overlap", "terrane_name": "Stikinia", "era": "Mesozoic", "lithium_ppm": 35.8, "cobalt_ppm": 26.9, "nickel_ppm": 86.7, "score_battery": 1.4623231178501057, "rank_battery": 591, "dist_to_fault_km": 4.91, "dist_to_terrane_boundary_km": 50.47, "grid_id": "116_80", "year": 1978 }, "geometry": { "type": "Point", "coordinates": [ -129.079077, 55.455268579999988 ] } },
{ "type": "Feature", "properties": { "sample_id": "ID103P787358", "latitude": 55.43773437, "longitude": -129.0196301, "rock_class": "sedimentary rocks", "rock_type": "siltstone", "terrane": "Overlap", "terrane_name": "Stikinia", "era": "Mesozoic", "lithium_ppm": 77.9, "cobalt_ppm": 47.6, "nickel_ppm": 277.5, "score_battery": 2.6142441034574864, "rank_battery": 7, "dist_to_fault_km": 7.38, "dist_to_terrane_boundary_km": 52.3, "grid_id": "116_80", "year": 1978 }, "geometry": { "type": "Point", "coordinates": [ -129.0196301, 55.43773437 ] } },
{ "type": "Feature", "properties": { "sample_id": "ID103P787359", "latitude": 55.451321, "longitude": -129.0186091, "rock_class": "sedimentary rocks", "rock_type": "siltstone", "terrane": "Overlap", "terrane_name": "Stikinia", "era": "Mesozoic", "lithium_ppm": 42.0, "cobalt_ppm": 21.5, "nickel_ppm": 82.5, "score_battery": 1.4445917988496786, "rank_battery": 636, "dist_to_fault_km": 7.89, "dist_to_terrane_boundary_km": 53.23, "grid_id": "116_80", "year": 1978 }, "geometry": { "type": "Point", "coordinates": [ -129.0186091, 55.451321 ] } },
{ "type": "Feature", "properties": { "sample_id": "ID103P787360", "latitude": 55.4751058, "longitude": -129.0213572, "rock_class": "sedimentary rocks", "rock_type": "siltstone", "terrane": "Overlap", "terrane_name": "Stikinia", "era": "Mesozoic", "lithium_ppm": 37.1, "cobalt_ppm": 27.7, "nickel_ppm": 111.5, "score_battery": 1.5696262661840881, "rank_battery": 391, "dist_to_fault_km": 9.11, "dist_to_terrane_boundary_km": 54.7, "grid_id": "116_80", "year": 1978 }, "geometry": { "type": "Point", "coordinates": [ -129.021357200000011, 55.4751058 ] } },
{ "type": "Feature", "properties": { "sample_id": "ID103P787362", "latitude": 55.48210618, "longitude": -129.0181806, "rock_class": "sedimentary rocks", "rock_type": "siltstone", "terrane": "Overlap", "terrane_name": "Stikinia", "era": "Mesozoic", "lithium_ppm": 36.7, "cobalt_ppm": 28.0, "nickel_ppm": 108.1, "score_battery": 1.5593687589258969, "rank_battery": 406, "dist_to_fault_km": 9.76, "dist_to_terrane_boundary_km": 55.34, "grid_id": "116_80", "year": 1978 }, "geometry": { "type": "Point", "coordinates": [ -129.0181806, 55.482106179999967 ] } },
{ "type": "Feature", "properties": { "sample_id": "ID103P787363", "latitude": 55.47794308, "longitude": -129.0315635, "rock_class": "sedimentary rocks", "rock_type": "siltstone", "terrane": "Overlap", "terrane_name": "Stikinia", "era": "Mesozoic", "lithium_ppm": 43.9, "cobalt_ppm": 19.5, "nickel_ppm": 81.4, "score_battery": 1.4219295469209801, "rank_battery": 690, "dist_to_fault_km": 8.83, "dist_to_terrane_boundary_km": 54.4, "grid_id": "116_80", "year": 1978 }, "geometry": { "type": "Point", "coordinates": [ -129.0315635, 55.477943079999982 ] } },
{ "type": "Feature", "properties": { "sample_id": "ID103P787366", "latitude": 55.53356355, "longitude": -129.074877, "rock_class": "sedimentary rocks", "rock_type": "sandstone", "terrane": "Overlap", "terrane_name": "Stikinia", "era": "Mesozoic", "lithium_ppm": 33.2, "cobalt_ppm": 23.5, "nickel_ppm": 102.5, "score_battery": 1.3856862891657609, "rank_battery": 791, "dist_to_fault_km": 12.0, "dist_to_terrane_boundary_km": 56.55, "grid_id": "117_80", "year": 1978 }, "geometry": { "type": "Point", "coordinates": [ -129.074877, 55.53356355 ] } },
{ "type": "Feature", "properties": { "sample_id": "ID103P787367", "latitude": 55.55219552, "longitude": -129.0472363, "rock_class": "sedimentary rocks", "rock_type": "sandstone", "terrane": "Overlap", "terrane_name": "Stikinia", "era": "Mesozoic", "lithium_ppm": 35.5, "cobalt_ppm": 32.9, "nickel_ppm": 106.7, "score_battery": 1.6163766424871728, "rank_battery": 319, "dist_to_fault_km": 14.64, "dist_to_terrane_boundary_km": 58.35, "grid_id": "117_80", "year": 1978 }, "geometry": { "type": "Point", "coordinates": [ -129.0472363, 55.55219551999997 ] } },
{ "type": "Feature", "properties": { "sample_id": "ID103P787368", "latitude": 55.55219552, "longitude": -129.0472363, "rock_class": "sedimentary rocks", "rock_type": "sandstone", "terrane": "Overlap", "terrane_name": "Stikinia", "era": "Mesozoic", "lithium_ppm": 35.7, "cobalt_ppm": 35.7, "nickel_ppm": 112.9, "score_battery": 1.6778759447056197, "rank_battery": 244, "dist_to_fault_km": 14.64, "dist_to_terrane_boundary_km": 58.35, "grid_id": "117_80", "year": 1978 }, "geometry": { "type": "Point", "coordinates": [ -129.0472363, 55.55219551999997 ] } },
{ "type": "Feature", "properties": { "sample_id": "ID103P787403", "latitude": 55.96421559, "longitude": -128.9844134, "rock_class": "sedimentary rocks", "rock_type": "sandstone", "terrane": "Overlap", "terrane_name": "Stikinia", "era": "Mesozoic", "lithium_ppm": 23.9, "cobalt_ppm": 105.2, "nickel_ppm": 101.8, "score_battery": 1.9427324462696647, "rank_battery": 71, "dist_to_fault_km": 15.13, "dist_to_terrane_boundary_km": 74.92, "grid_id": "122_81", "year": 1978 }, "geometry": { "type": "Point", "coordinates": [ -128.9844134, 55.96421559 ] } },
{ "type": "Feature", "properties": { "sample_id": "ID103P787406", "latitude": 55.95613404, "longitude": -128.9112245, "rock_class": "sedimentary rocks", "rock_type": "sandstone", "terrane": "Overlap", "terrane_name": "Stikinia", "era": "Mesozoic", "lithium_ppm": 26.6, "cobalt_ppm": 34.3, "nickel_ppm": 84.8, "score_battery": 1.3778226659254476, "rank_battery": 802, "dist_to_fault_km": 18.3, "dist_to_terrane_boundary_km": 78.31, "grid_id": "122_81", "year": 1978 }, "geometry": { "type": "Point", "coordinates": [ -128.9112245, 55.95613404 ] } },
{ "type": "Feature", "properties": { "sample_id": "ID103P787409", "latitude": 55.91783987, "longitude": -128.8624161, "rock_class": "sedimentary rocks", "rock_type": "sandstone", "terrane": "Overlap", "terrane_name": "Stikinia", "era": "Mesozoic", "lithium_ppm": 32.2, "cobalt_ppm": 28.2, "nickel_ppm": 89.8, "score_battery": 1.4229612875441262, "rank_battery": 685, "dist_to_fault_km": 23.54, "dist_to_terrane_boundary_km": 78.85, "grid_id": "121_82", "year": 1978 }, "geometry": { "type": "Point", "coordinates": [ -128.8624161, 55.91783986999998 ] } },
{ "type": "Feature", "properties": { "sample_id": "ID103P787462", "latitude": 55.7208818, "longitude": -128.4814399, "rock_class": "sedimentary rocks", "rock_type": "sandstone", "terrane": "Overlap", "terrane_name": "Stikinia", "era": "Mesozoic", "lithium_ppm": 47.2, "cobalt_ppm": 35.5, "nickel_ppm": 74.9, "score_battery": 1.7585439498044553, "rank_battery": 169, "dist_to_fault_km": 32.09, "dist_to_terrane_boundary_km": 94.86, "grid_id": "119_84", "year": 1978 }, "geometry": { "type": "Point", "coordinates": [ -128.4814399, 55.720881799999987 ] } },
{ "type": "Feature", "properties": { "sample_id": "ID103P787532", "latitude": 55.78531163, "longitude": -128.9155519, "rock_class": "sedimentary rocks", "rock_type": "sandstone", "terrane": "Overlap", "terrane_name": "Stikinia", "era": "Mesozoic", "lithium_ppm": 51.7, "cobalt_ppm": 13.7, "nickel_ppm": 83.6, "score_battery": 1.365008933493401, "rank_battery": 836, "dist_to_fault_km": 25.93, "dist_to_terrane_boundary_km": 70.0, "grid_id": "120_81", "year": 1978 }, "geometry": { "type": "Point", "coordinates": [ -128.9155519, 55.785311629999988 ] } },
{ "type": "Feature", "properties": { "sample_id": "ID103P787533", "latitude": 55.83173495, "longitude": -129.1296327, "rock_class": "sedimentary rocks", "rock_type": "sandstone", "terrane": "Overlap", "terrane_name": "Stikinia", "era": "Mesozoic", "lithium_ppm": 31.2, "cobalt_ppm": 160.7, "nickel_ppm": 440.9, "score_battery": 2.7456101580311847, "rank_battery": 4, "dist_to_fault_km": 13.46, "dist_to_terrane_boundary_km": 59.61, "grid_id": "120_80", "year": 1978 }, "geometry": { "type": "Point", "coordinates": [ -129.1296327, 55.831734949999984 ] } },
{ "type": "Feature", "properties": { "sample_id": "ID103P787535", "latitude": 55.83294937, "longitude": -129.1444844, "rock_class": "sedimentary rocks", "rock_type": "sandstone", "terrane": "Overlap", "terrane_name": "Stikinia", "era": "Mesozoic", "lithium_ppm": 35.7, "cobalt_ppm": 40.3, "nickel_ppm": 123.6, "score_battery": 1.7653710581649478, "rank_battery": 163, "dist_to_fault_km": 12.65, "dist_to_terrane_boundary_km": 58.85, "grid_id": "120_80", "year": 1978 }, "geometry": { "type": "Point", "coordinates": [ -129.14448440000001, 55.83294937 ] } },
{ "type": "Feature", "properties": { "sample_id": "ID103P787536", "latitude": 55.83473416, "longitude": -129.1545654, "rock_class": "sedimentary rocks", "rock_type": "sandstone", "terrane": "Overlap", "terrane_name": "Stikinia", "era": "Mesozoic", "lithium_ppm": 35.2, "cobalt_ppm": 21.2, "nickel_ppm": 110.2, "score_battery": 1.3927985323777401, "rank_battery": 764, "dist_to_fault_km": 12.16, "dist_to_terrane_boundary_km": 58.39, "grid_id": "120_80", "year": 1978 }, "geometry": { "type": "Point", "coordinates": [ -129.1545654, 55.834734159999975 ] } },
{ "type": "Feature", "properties": { "sample_id": "ID103P787537", "latitude": 55.83930922, "longitude": -129.1798446, "rock_class": "sedimentary rocks", "rock_type": "sandstone", "terrane": "Overlap", "terrane_name": "Stikinia", "era": "Mesozoic", "lithium_ppm": 31.7, "cobalt_ppm": 21.4, "nickel_ppm": 115.5, "score_battery": 1.3379815649375595, "rank_battery": 933, "dist_to_fault_km": 11.02, "dist_to_terrane_boundary_km": 57.25, "grid_id": "120_80", "year": 1978 }, "geometry": { "type": "Point", "coordinates": [ -129.1798446, 55.839309219999976 ] } },
{ "type": "Feature", "properties": { "sample_id": "ID103P787538", "latitude": 55.82486687, "longitude": -129.1757875, "rock_class": "sedimentary rocks", "rock_type": "sandstone", "terrane": "Overlap", "terrane_name": "Stikinia", "era": "Mesozoic", "lithium_ppm": 43.8, "cobalt_ppm": 30.8, "nickel_ppm": 134.7, "score_battery": 1.790397465684699, "rank_battery": 140, "dist_to_fault_km": 10.5, "dist_to_terrane_boundary_km": 56.7, "grid_id": "120_80", "year": 1978 }, "geometry": { "type": "Point", "coordinates": [ -129.175787500000013, 55.82486687 ] } },
{ "type": "Feature", "properties": { "sample_id": "ID103P787545", "latitude": 55.85334788, "longitude": -129.0515464, "rock_class": "sedimentary rocks", "rock_type": "sandstone", "terrane": "Overlap", "terrane_name": "Stikinia", "era": "Mesozoic", "lithium_ppm": 32.8, "cobalt_ppm": 24.6, "nickel_ppm": 115.1, "score_battery": 1.4319639715229071, "rank_battery": 658, "dist_to_fault_km": 18.89, "dist_to_terrane_boundary_km": 65.06, "grid_id": "121_80", "year": 1978 }, "geometry": { "type": "Point", "coordinates": [ -129.0515464, 55.853347879999973 ] } },
{ "type": "Feature", "properties": { "sample_id": "ID103P787552", "latitude": 55.69047087, "longitude": -128.9744852, "rock_class": "sedimentary rocks", "rock_type": "sandstone", "terrane": "Overlap", "terrane_name": "Stikinia", "era": "Mesozoic", "lithium_ppm": 43.0, "cobalt_ppm": 17.9, "nickel_ppm": 99.0, "score_battery": 1.4165748418148589, "rank_battery": 706, "dist_to_fault_km": 23.14, "dist_to_terrane_boundary_km": 63.81, "grid_id": "119_81", "year": 1978 }, "geometry": { "type": "Point", "coordinates": [ -128.9744852, 55.690470869999984 ] } },
{ "type": "Feature", "properties": { "sample_id": "ID103P787553", "latitude": 55.72103973, "longitude": -128.9775854, "rock_class": "sedimentary rocks", "rock_type": "sandstone", "terrane": "Overlap", "terrane_name": "Stikinia", "era": "Mesozoic", "lithium_ppm": 39.0, "cobalt_ppm": 26.6, "nickel_ppm": 104.2, "score_battery": 1.565108000060035, "rank_battery": 399, "dist_to_fault_km": 22.92, "dist_to_terrane_boundary_km": 64.31, "grid_id": "119_81", "year": 1978 }, "geometry": { "type": "Point", "coordinates": [ -128.9775854, 55.721039729999987 ] } },
{ "type": "Feature", "properties": { "sample_id": "ID103P787554", "latitude": 55.72335831, "longitude": -128.9488001, "rock_class": "sedimentary rocks", "rock_type": "sandstone", "terrane": "Overlap", "terrane_name": "Stikinia", "era": "Mesozoic", "lithium_ppm": 37.0, "cobalt_ppm": 24.0, "nickel_ppm": 108.0, "score_battery": 1.4853782834518181, "rank_battery": 550, "dist_to_fault_km": 24.71, "dist_to_terrane_boundary_km": 66.13, "grid_id": "119_81", "year": 1978 }, "geometry": { "type": "Point", "coordinates": [ -128.9488001, 55.723358309999988 ] } },
{ "type": "Feature", "properties": { "sample_id": "ID103P787555", "latitude": 55.71927917, "longitude": -128.9492989, "rock_class": "sedimentary rocks", "rock_type": "sandstone", "terrane": "Overlap", "terrane_name": "Stikinia", "era": "Mesozoic", "lithium_ppm": 30.6, "cobalt_ppm": 26.8, "nickel_ppm": 129.3, "score_battery": 1.4595259498722517, "rank_battery": 599, "dist_to_fault_km": 24.7, "dist_to_terrane_boundary_km": 65.99, "grid_id": "119_81", "year": 1978 }, "geometry": { "type": "Point", "coordinates": [ -128.9492989, 55.719279169999972 ] } },
{ "type": "Feature", "properties": { "sample_id": "ID103P787556", "latitude": 55.72762368, "longitude": -128.9122851, "rock_class": "sedimentary rocks", "rock_type": "sandstone", "terrane": "Overlap", "terrane_name": "Stikinia", "era": "Mesozoic", "lithium_ppm": 33.5, "cobalt_ppm": 22.8, "nickel_ppm": 118.7, "score_battery": 1.4158166535732561, "rank_battery": 710, "dist_to_fault_km": 26.98, "dist_to_terrane_boundary_km": 68.46, "grid_id": "119_81", "year": 1978 }, "geometry": { "type": "Point", "coordinates": [ -128.9122851, 55.727623679999972 ] } },
{ "type": "Feature", "properties": { "sample_id": "ID103P787558", "latitude": 55.72157803, "longitude": -128.8916349, "rock_class": "sedimentary rocks", "rock_type": "sandstone", "terrane": "Overlap", "terrane_name": "Stikinia", "era": "Mesozoic", "lithium_ppm": 28.5, "cobalt_ppm": 26.0, "nickel_ppm": 167.4, "score_battery": 1.4646051808920308, "rank_battery": 582, "dist_to_fault_km": 28.3, "dist_to_terrane_boundary_km": 69.58, "grid_id": "119_81", "year": 1978 }, "geometry": { "type": "Point", "coordinates": [ -128.891634900000014, 55.721578030000018 ] } },
{ "type": "Feature", "properties": { "sample_id": "ID103P787559", "latitude": 55.72752301, "longitude": -128.8982579, "rock_class": "sedimentary rocks", "rock_type": "sandstone", "terrane": "Overlap", "terrane_name": "Stikinia", "era": "Mesozoic", "lithium_ppm": 35.1, "cobalt_ppm": 25.3, "nickel_ppm": 132.5, "score_battery": 1.5310227076450544, "rank_battery": 453, "dist_to_fault_km": 27.84, "dist_to_terrane_boundary_km": 69.32, "grid_id": "119_81", "year": 1978 }, "geometry": { "type": "Point", "coordinates": [ -128.8982579, 55.727523009999985 ] } },
{ "type": "Feature", "properties": { "sample_id": "ID103P787560", "latitude": 55.69707557, "longitude": -128.9031895, "rock_class": "sedimentary rocks", "rock_type": "sandstone", "terrane": "Overlap", "terrane_name": "Stikinia", "era": "Mesozoic", "lithium_ppm": 29.1, "cobalt_ppm": 28.0, "nickel_ppm": 120.0, "score_battery": 1.4274996558745625, "rank_battery": 674, "dist_to_fault_km": 27.58, "dist_to_terrane_boundary_km": 68.34, "grid_id": "119_81", "year": 1978 }, "geometry": { "type": "Point", "coordinates": [ -128.9031895, 55.69707557000001 ] } },
{ "type": "Feature", "properties": { "sample_id": "ID103P787562", "latitude": 55.72665139, "longitude": -128.8784377, "rock_class": "sedimentary rocks", "rock_type": "sandstone", "terrane": "Overlap", "terrane_name": "Stikinia", "era": "Mesozoic", "lithium_ppm": 22.7, "cobalt_ppm": 38.9, "nickel_ppm": 178.0, "score_battery": 1.5344903996000934, "rank_battery": 449, "dist_to_fault_km": 29.07, "dist_to_terrane_boundary_km": 70.51, "grid_id": "119_81", "year": 1978 }, "geometry": { "type": "Point", "coordinates": [ -128.8784377, 55.726651389999986 ] } },
{ "type": "Feature", "properties": { "sample_id": "ID103P787563", "latitude": 55.71746883, "longitude": -128.8541116, "rock_class": "sedimentary rocks", "rock_type": "sandstone", "terrane": "Overlap", "terrane_name": "Stikinia", "era": "Mesozoic", "lithium_ppm": 30.1, "cobalt_ppm": 23.2, "nickel_ppm": 134.5, "score_battery": 1.3846399007499492, "rank_battery": 792, "dist_to_fault_km": 30.67, "dist_to_terrane_boundary_km": 71.79, "grid_id": "119_82", "year": 1978 }, "geometry": { "type": "Point", "coordinates": [ -128.85411160000001, 55.71746883 ] } },
{ "type": "Feature", "properties": { "sample_id": "ID103P787564", "latitude": 55.7127742, "longitude": -128.8173311, "rock_class": "sedimentary rocks", "rock_type": "sandstone", "terrane": "Overlap", "terrane_name": "Stikinia", "era": "Mesozoic", "lithium_ppm": 34.4, "cobalt_ppm": 22.1, "nickel_ppm": 129.7, "score_battery": 1.4419839466541533, "rank_battery": 642, "dist_to_fault_km": 32.96, "dist_to_terrane_boundary_km": 73.95, "grid_id": "119_82", "year": 1978 }, "geometry": { "type": "Point", "coordinates": [ -128.8173311, 55.712774199999977 ] } },
{ "type": "Feature", "properties": { "sample_id": "ID103P787569", "latitude": 55.64570269, "longitude": -128.7623818, "rock_class": "sedimentary rocks", "rock_type": "sandstone", "terrane": "Overlap", "terrane_name": "Stikinia", "era": "Mesozoic", "lithium_ppm": 29.6, "cobalt_ppm": 25.9, "nickel_ppm": 120.9, "score_battery": 1.4010133921994625, "rank_battery": 744, "dist_to_fault_km": 34.01, "dist_to_terrane_boundary_km": 76.38, "grid_id": "118_82", "year": 1978 }, "geometry": { "type": "Point", "coordinates": [ -128.762381800000014, 55.645702689999979 ] } },
{ "type": "Feature", "properties": { "sample_id": "ID103P787571", "latitude": 55.64642801, "longitude": -128.9356012, "rock_class": "sedimentary rocks", "rock_type": "sandstone", "terrane": "Overlap", "terrane_name": "Stikinia", "era": "Mesozoic", "lithium_ppm": 37.1, "cobalt_ppm": 27.4, "nickel_ppm": 89.3, "score_battery": 1.5044066088846271, "rank_battery": 511, "dist_to_fault_km": 26.33, "dist_to_terrane_boundary_km": 65.55, "grid_id": "118_81", "year": 1978 }, "geometry": { "type": "Point", "coordinates": [ -128.9356012, 55.64642801 ] } },
{ "type": "Feature", "properties": { "sample_id": "ID103P787572", "latitude": 55.64344822, "longitude": -128.9424062, "rock_class": "sedimentary rocks", "rock_type": "sandstone", "terrane": "Overlap", "terrane_name": "Stikinia", "era": "Mesozoic", "lithium_ppm": 44.1, "cobalt_ppm": 26.4, "nickel_ppm": 103.5, "score_battery": 1.6446599913299751, "rank_battery": 272, "dist_to_fault_km": 26.0, "dist_to_terrane_boundary_km": 65.09, "grid_id": "118_81", "year": 1978 }, "geometry": { "type": "Point", "coordinates": [ -128.9424062, 55.643448219999968 ] } },
{ "type": "Feature", "properties": { "sample_id": "ID103P787573", "latitude": 55.62496189, "longitude": -128.9206135, "rock_class": "sedimentary rocks", "rock_type": "sandstone", "terrane": "Overlap", "terrane_name": "Stikinia", "era": "Mesozoic", "lithium_ppm": 31.5, "cobalt_ppm": 25.4, "nickel_ppm": 97.0, "score_battery": 1.374603785992309, "rank_battery": 809, "dist_to_fault_km": 25.73, "dist_to_terrane_boundary_km": 66.3, "grid_id": "118_81", "year": 1978 }, "geometry": { "type": "Point", "coordinates": [ -128.9206135, 55.62496189 ] } },
{ "type": "Feature", "properties": { "sample_id": "ID103P787574", "latitude": 55.63071916, "longitude": -128.9169329, "rock_class": "sedimentary rocks", "rock_type": "sandstone", "terrane": "Overlap", "terrane_name": "Stikinia", "era": "Mesozoic", "lithium_ppm": 41.4, "cobalt_ppm": 27.8, "nickel_ppm": 110.0, "score_battery": 1.6438142468092449, "rank_battery": 274, "dist_to_fault_km": 26.39, "dist_to_terrane_boundary_km": 66.57, "grid_id": "118_81", "year": 1978 }, "geometry": { "type": "Point", "coordinates": [ -128.9169329, 55.63071916 ] } },
{ "type": "Feature", "properties": { "sample_id": "ID103P787575", "latitude": 55.62820688, "longitude": -128.9094103, "rock_class": "sedimentary rocks", "rock_type": "sandstone", "terrane": "Overlap", "terrane_name": "Stikinia", "era": "Mesozoic", "lithium_ppm": 46.8, "cobalt_ppm": 30.4, "nickel_ppm": 115.1, "score_battery": 1.787379228983069, "rank_battery": 144, "dist_to_fault_km": 26.43, "dist_to_terrane_boundary_km": 67.02, "grid_id": "118_81", "year": 1978 }, "geometry": { "type": "Point", "coordinates": [ -128.9094103, 55.62820688 ] } },
{ "type": "Feature", "properties": { "sample_id": "ID103P787576", "latitude": 55.65331431, "longitude": -128.8898847, "rock_class": "sedimentary rocks", "rock_type": "sandstone", "terrane": "Overlap", "terrane_name": "Stikinia", "era": "Mesozoic", "lithium_ppm": 31.2, "cobalt_ppm": 35.2, "nickel_ppm": 147.1, "score_battery": 1.6488022223118481, "rank_battery": 267, "dist_to_fault_km": 28.96, "dist_to_terrane_boundary_km": 68.48, "grid_id": "118_81", "year": 1978 }, "geometry": { "type": "Point", "coordinates": [ -128.88988470000001, 55.65331431 ] } },
{ "type": "Feature", "properties": { "sample_id": "ID103P787578", "latitude": 55.65382816, "longitude": -128.8820166, "rock_class": "sedimentary rocks", "rock_type": "sandstone", "terrane": "Overlap", "terrane_name": "Stikinia", "era": "Mesozoic", "lithium_ppm": 24.2, "cobalt_ppm": 31.0, "nickel_ppm": 108.2, "score_battery": 1.3260956202724139, "rank_battery": 971, "dist_to_fault_km": 29.44, "dist_to_terrane_boundary_km": 68.98, "grid_id": "118_81", "year": 1978 }, "geometry": { "type": "Point", "coordinates": [ -128.882016599999986, 55.65382816 ] } },
{ "type": "Feature", "properties": { "sample_id": "ID103P787579", "latitude": 55.60081074, "longitude": -128.8789699, "rock_class": "sedimentary rocks", "rock_type": "sandstone", "terrane": "Overlap", "terrane_name": "Stikinia", "era": "Mesozoic", "lithium_ppm": 42.3, "cobalt_ppm": 23.2, "nickel_ppm": 100.0, "score_battery": 1.5400734486969225, "rank_battery": 440, "dist_to_fault_km": 25.29, "dist_to_terrane_boundary_km": 68.81, "grid_id": "118_81", "year": 1978 }, "geometry": { "type": "Point", "coordinates": [ -128.878969899999987, 55.600810739999986 ] } },
{ "type": "Feature", "properties": { "sample_id": "ID103P787580", "latitude": 55.60754287, "longitude": -128.8279636, "rock_class": "sedimentary rocks", "rock_type": "sandstone", "terrane": "Overlap", "terrane_name": "Stikinia", "era": "Mesozoic", "lithium_ppm": 46.7, "cobalt_ppm": 18.6, "nickel_ppm": 88.9, "score_battery": 1.4645150978727368, "rank_battery": 583, "dist_to_fault_km": 28.09, "dist_to_terrane_boundary_km": 72.03, "grid_id": "118_82", "year": 1978 }, "geometry": { "type": "Point", "coordinates": [ -128.8279636, 55.60754287 ] } },
{ "type": "Feature", "properties": { "sample_id": "ID103P787582", "latitude": 55.60306975, "longitude": -128.8167143, "rock_class": "sedimentary rocks", "rock_type": "sandstone", "terrane": "Overlap", "terrane_name": "Stikinia", "era": "Mesozoic", "lithium_ppm": 43.9, "cobalt_ppm": 26.4, "nickel_ppm": 101.1, "score_battery": 1.6352029077333867, "rank_battery": 288, "dist_to_fault_km": 28.26, "dist_to_terrane_boundary_km": 72.73, "grid_id": "118_82", "year": 1978 }, "geometry": { "type": "Point", "coordinates": [ -128.8167143, 55.603069749999975 ] } },
{ "type": "Feature", "properties": { "sample_id": "ID103P787586", "latitude": 55.58435956, "longitude": -129.0741646, "rock_class": "sedimentary rocks", "rock_type": "sandstone", "terrane": "Overlap", "terrane_name": "Stikinia", "era": "Mesozoic", "lithium_ppm": 30.9, "cobalt_ppm": 31.6, "nickel_ppm": 119.1, "score_battery": 1.5293152764687912, "rank_battery": 455, "dist_to_fault_km": 17.33, "dist_to_terrane_boundary_km": 56.52, "grid_id": "118_80", "year": 1978 }, "geometry": { "type": "Point", "coordinates": [ -129.074164599999989, 55.584359559999982 ] } },
{ "type": "Feature", "properties": { "sample_id": "ID103P787587", "latitude": 55.57449266, "longitude": -129.0753831, "rock_class": "sedimentary rocks", "rock_type": "sandstone", "terrane": "Overlap", "terrane_name": "Stikinia", "era": "Mesozoic", "lithium_ppm": 33.4, "cobalt_ppm": 30.5, "nickel_ppm": 116.5, "score_battery": 1.5586257883975612, "rank_battery": 407, "dist_to_fault_km": 16.26, "dist_to_terrane_boundary_km": 56.47, "grid_id": "117_80", "year": 1978 }, "geometry": { "type": "Point", "coordinates": [ -129.07538310000001, 55.57449266 ] } },
{ "type": "Feature", "properties": { "sample_id": "ID103P787588", "latitude": 55.57586402, "longitude": -129.0934193, "rock_class": "sedimentary rocks", "rock_type": "sandstone", "terrane": "Overlap", "terrane_name": "Stikinia", "era": "Mesozoic", "lithium_ppm": 29.5, "cobalt_ppm": 25.2, "nickel_ppm": 99.8, "score_battery": 1.3330543980138505, "rank_battery": 951, "dist_to_fault_km": 16.1, "dist_to_terrane_boundary_km": 55.33, "grid_id": "117_80", "year": 1978 }, "geometry": { "type": "Point", "coordinates": [ -129.0934193, 55.57586402 ] } },
{ "type": "Feature", "properties": { "sample_id": "ID103P787596", "latitude": 55.58443524, "longitude": -128.9872929, "rock_class": "sedimentary rocks", "rock_type": "sandstone", "terrane": "Overlap", "terrane_name": "Stikinia", "era": "Mesozoic", "lithium_ppm": 41.4, "cobalt_ppm": 31.6, "nickel_ppm": 97.1, "score_battery": 1.6765966775661525, "rank_battery": 246, "dist_to_fault_km": 19.64, "dist_to_terrane_boundary_km": 61.99, "grid_id": "118_81", "year": 1978 }, "geometry": { "type": "Point", "coordinates": [ -128.9872929, 55.58443524 ] } },
{ "type": "Feature", "properties": { "sample_id": "ID103P787599", "latitude": 55.58785015, "longitude": -128.933127, "rock_class": "sedimentary rocks", "rock_type": "sandstone", "terrane": "Overlap", "terrane_name": "Stikinia", "era": "Mesozoic", "lithium_ppm": 40.6, "cobalt_ppm": 19.1, "nickel_ppm": 76.8, "score_battery": 1.3415851787490969, "rank_battery": 916, "dist_to_fault_km": 21.95, "dist_to_terrane_boundary_km": 65.39, "grid_id": "118_81", "year": 1978 }, "geometry": { "type": "Point", "coordinates": [ -128.933127, 55.587850150000016 ] } },
{ "type": "Feature", "properties": { "sample_id": "ID103P787600", "latitude": 55.56933837, "longitude": -128.89299, "rock_class": "sedimentary rocks", "rock_type": "sandstone", "terrane": "Overlap", "terrane_name": "Stikinia", "era": "Mesozoic", "lithium_ppm": 41.7, "cobalt_ppm": 22.0, "nickel_ppm": 82.9, "score_battery": 1.4526677821348279, "rank_battery": 613, "dist_to_fault_km": 22.2, "dist_to_terrane_boundary_km": 67.64, "grid_id": "117_81", "year": 1978 }, "geometry": { "type": "Point", "coordinates": [ -128.89299, 55.569338369999969 ] } },
{ "type": "Feature", "properties": { "sample_id": "ID103P787602", "latitude": 55.55639479, "longitude": -128.8984627, "rock_class": "sedimentary rocks", "rock_type": "sandstone", "terrane": "Overlap", "terrane_name": "Stikinia", "era": "Mesozoic", "lithium_ppm": 38.8, "cobalt_ppm": 32.9, "nickel_ppm": 97.3, "score_battery": 1.6531044460632764, "rank_battery": 263, "dist_to_fault_km": 20.94, "dist_to_terrane_boundary_km": 66.44, "grid_id": "117_81", "year": 1978 }, "geometry": { "type": "Point", "coordinates": [ -128.89846270000001, 55.556394790000013 ] } },
{ "type": "Feature", "properties": { "sample_id": "ID103P787603", "latitude": 55.55227392, "longitude": -128.9028166, "rock_class": "sedimentary rocks", "rock_type": "sandstone", "terrane": "Overlap", "terrane_name": "Stikinia", "era": "Mesozoic", "lithium_ppm": 39.2, "cobalt_ppm": 27.5, "nickel_ppm": 95.0, "score_battery": 1.560998403329025, "rank_battery": 404, "dist_to_fault_km": 20.42, "dist_to_terrane_boundary_km": 65.93, "grid_id": "117_81", "year": 1978 }, "geometry": { "type": "Point", "coordinates": [ -128.9028166, 55.55227392 ] } },
{ "type": "Feature", "properties": { "sample_id": "ID103P787605", "latitude": 55.53743752, "longitude": -128.8811294, "rock_class": "sedimentary rocks", "rock_type": "sandstone", "terrane": "Overlap", "terrane_name": "Stikinia", "era": "Mesozoic", "lithium_ppm": 38.2, "cobalt_ppm": 27.0, "nickel_ppm": 87.1, "score_battery": 1.5103534225251534, "rank_battery": 493, "dist_to_fault_km": 20.35, "dist_to_terrane_boundary_km": 65.95, "grid_id": "117_81", "year": 1978 }, "geometry": { "type": "Point", "coordinates": [ -128.8811294, 55.537437519999976 ] } },
{ "type": "Feature", "properties": { "sample_id": "ID103P787606", "latitude": 55.53743752, "longitude": -128.8811294, "rock_class": "sedimentary rocks", "rock_type": "sandstone", "terrane": "Overlap", "terrane_name": "Stikinia", "era": "Mesozoic", "lithium_ppm": 36.4, "cobalt_ppm": 25.3, "nickel_ppm": 84.6, "score_battery": 1.4356579538114793, "rank_battery": 652, "dist_to_fault_km": 20.35, "dist_to_terrane_boundary_km": 65.95, "grid_id": "117_81", "year": 1978 }, "geometry": { "type": "Point", "coordinates": [ -128.8811294, 55.537437519999976 ] } },
{ "type": "Feature", "properties": { "sample_id": "ID103P787607", "latitude": 55.52359686, "longitude": -128.8695765, "rock_class": "sedimentary rocks", "rock_type": "siltstone", "terrane": "Overlap", "terrane_name": "Stikinia", "era": "Mesozoic", "lithium_ppm": 43.1, "cobalt_ppm": 49.4, "nickel_ppm": 116.4, "score_battery": 1.9862140947089362, "rank_battery": 60, "dist_to_fault_km": 20.04, "dist_to_terrane_boundary_km": 65.58, "grid_id": "117_81", "year": 1978 }, "geometry": { "type": "Point", "coordinates": [ -128.8695765, 55.523596859999969 ] } },
{ "type": "Feature", "properties": { "sample_id": "ID103P787608", "latitude": 55.51416769, "longitude": -128.905175, "rock_class": "sedimentary rocks", "rock_type": "sandstone", "terrane": "Overlap", "terrane_name": "Stikinia", "era": "Mesozoic", "lithium_ppm": 40.3, "cobalt_ppm": 24.4, "nickel_ppm": 85.8, "score_battery": 1.4912786140895475, "rank_battery": 538, "dist_to_fault_km": 17.59, "dist_to_terrane_boundary_km": 63.16, "grid_id": "117_81", "year": 1978 }, "geometry": { "type": "Point", "coordinates": [ -128.905175, 55.51416769 ] } },
{ "type": "Feature", "properties": { "sample_id": "ID103P787609", "latitude": 55.54540361, "longitude": -128.8382513, "rock_class": "sedimentary rocks", "rock_type": "sandstone", "terrane": "Overlap", "terrane_name": "Stikinia", "era": "Mesozoic", "lithium_ppm": 28.0, "cobalt_ppm": 31.4, "nickel_ppm": 104.9, "score_battery": 1.4241977066578217, "rank_battery": 683, "dist_to_fault_km": 23.05, "dist_to_terrane_boundary_km": 68.63, "grid_id": "117_82", "year": 1978 }, "geometry": { "type": "Point", "coordinates": [ -128.8382513, 55.545403609999987 ] } },
{ "type": "Feature", "properties": { "sample_id": "ID103P787611", "latitude": 55.44623581, "longitude": -128.5427024, "rock_class": "sedimentary rocks", "rock_type": "sandstone", "terrane": "Overlap", "terrane_name": "Stikinia", "era": "Mesozoic", "lithium_ppm": 28.9, "cobalt_ppm": 24.8, "nickel_ppm": 178.6, "score_battery": 1.4673191507696153, "rank_battery": 577, "dist_to_fault_km": 24.26, "dist_to_terrane_boundary_km": 77.84, "grid_id": "116_83", "year": 1978 }, "geometry": { "type": "Point", "coordinates": [ -128.5427024, 55.446235809999983 ] } },
{ "type": "Feature", "properties": { "sample_id": "ID103P787612", "latitude": 55.45977344, "longitude": -128.5637526, "rock_class": "sedimentary rocks", "rock_type": "sandstone", "terrane": "Overlap", "terrane_name": "Stikinia", "era": "Mesozoic", "lithium_ppm": 28.0, "cobalt_ppm": 22.9, "nickel_ppm": 138.2, "score_battery": 1.3356070004624374, "rank_battery": 939, "dist_to_fault_km": 25.28, "dist_to_terrane_boundary_km": 77.57, "grid_id": "116_83", "year": 1978 }, "geometry": { "type": "Point", "coordinates": [ -128.563752599999987, 55.459773439999971 ] } },
{ "type": "Feature", "properties": { "sample_id": "ID103P787614", "latitude": 55.46394791, "longitude": -128.5885691, "rock_class": "sedimentary rocks", "rock_type": "sandstone", "terrane": "Overlap", "terrane_name": "Stikinia", "era": "Mesozoic", "lithium_ppm": 40.4, "cobalt_ppm": 24.2, "nickel_ppm": 114.1, "score_battery": 1.5652824910209184, "rank_battery": 397, "dist_to_fault_km": 26.77, "dist_to_terrane_boundary_km": 76.53, "grid_id": "116_83", "year": 1978 }, "geometry": { "type": "Point", "coordinates": [ -128.5885691, 55.46394791 ] } },
{ "type": "Feature", "properties": { "sample_id": "ID103P787616", "latitude": 55.49066171, "longitude": -128.6046395, "rock_class": "sedimentary rocks", "rock_type": "sandstone", "terrane": "Overlap", "terrane_name": "Stikinia", "era": "Mesozoic", "lithium_ppm": 30.2, "cobalt_ppm": 22.1, "nickel_ppm": 135.0, "score_battery": 1.3630410333444039, "rank_battery": 844, "dist_to_fault_km": 27.56, "dist_to_terrane_boundary_km": 77.34, "grid_id": "116_83", "year": 1978 }, "geometry": { "type": "Point", "coordinates": [ -128.6046395, 55.490661709999983 ] } },
{ "type": "Feature", "properties": { "sample_id": "ID103P787617", "latitude": 55.48094434, "longitude": -128.6475528, "rock_class": "sedimentary rocks", "rock_type": "sandstone", "terrane": "Overlap", "terrane_name": "Stikinia", "era": "Mesozoic", "lithium_ppm": 44.6, "cobalt_ppm": 31.7, "nickel_ppm": 121.0, "score_battery": 1.7890407553340975, "rank_battery": 142, "dist_to_fault_km": 30.3, "dist_to_terrane_boundary_km": 74.48, "grid_id": "116_83", "year": 1978 }, "geometry": { "type": "Point", "coordinates": [ -128.6475528, 55.480944339999986 ] } },
{ "type": "Feature", "properties": { "sample_id": "ID103P787618", "latitude": 55.48273571, "longitude": -128.6549896, "rock_class": "sedimentary rocks", "rock_type": "sandstone", "terrane": "Overlap", "terrane_name": "Stikinia", "era": "Mesozoic", "lithium_ppm": 49.4, "cobalt_ppm": 36.8, "nickel_ppm": 118.7, "score_battery": 1.9324893010819364, "rank_battery": 75, "dist_to_fault_km": 30.76, "dist_to_terrane_boundary_km": 74.21, "grid_id": "116_83", "year": 1978 }, "geometry": { "type": "Point", "coordinates": [ -128.6549896, 55.48273571 ] } },
{ "type": "Feature", "properties": { "sample_id": "ID103P787619", "latitude": 55.48620422, "longitude": -128.654991, "rock_class": "sedimentary rocks", "rock_type": "sandstone", "terrane": "Overlap", "terrane_name": "Stikinia", "era": "Mesozoic", "lithium_ppm": 41.1, "cobalt_ppm": 26.6, "nickel_ppm": 96.5, "score_battery": 1.580849240001136, "rank_battery": 372, "dist_to_fault_km": 30.75, "dist_to_terrane_boundary_km": 74.42, "grid_id": "116_83", "year": 1978 }, "geometry": { "type": "Point", "coordinates": [ -128.654991, 55.486204219999983 ] } },
{ "type": "Feature", "properties": { "sample_id": "ID103P787620", "latitude": 55.4976483, "longitude": -128.6232165, "rock_class": "sedimentary rocks", "rock_type": "sandstone", "terrane": "Overlap", "terrane_name": "Stikinia", "era": "Mesozoic", "lithium_ppm": 38.2, "cobalt_ppm": 22.9, "nickel_ppm": 136.3, "score_battery": 1.5459855029244822, "rank_battery": 426, "dist_to_fault_km": 28.73, "dist_to_terrane_boundary_km": 76.8, "grid_id": "116_83", "year": 1978 }, "geometry": { "type": "Point", "coordinates": [ -128.623216500000012, 55.4976483 ] } },
{ "type": "Feature", "properties": { "sample_id": "ID103P787622", "latitude": 55.51972824, "longitude": -128.6209466, "rock_class": "sedimentary rocks", "rock_type": "undivided sedimentary rocks", "terrane": "Overlap", "terrane_name": "Stikinia", "era": "Mesozoic", "lithium_ppm": 35.8, "cobalt_ppm": 21.0, "nickel_ppm": 123.5, "score_battery": 1.4302688881843912, "rank_battery": 663, "dist_to_fault_km": 28.72, "dist_to_terrane_boundary_km": 78.28, "grid_id": "117_83", "year": 1978 }, "geometry": { "type": "Point", "coordinates": [ -128.6209466, 55.51972824 ] } },
{ "type": "Feature", "properties": { "sample_id": "ID103P787624", "latitude": 55.50298184, "longitude": -128.565064, "rock_class": "sedimentary rocks", "rock_type": "sandstone", "terrane": "Overlap", "terrane_name": "Stikinia", "era": "Mesozoic", "lithium_ppm": 39.0, "cobalt_ppm": 32.4, "nickel_ppm": 152.2, "score_battery": 1.7690279269384512, "rank_battery": 160, "dist_to_fault_km": 25.08, "dist_to_terrane_boundary_km": 80.18, "grid_id": "117_83", "year": 1978 }, "geometry": { "type": "Point", "coordinates": [ -128.565064, 55.50298184 ] } },
{ "type": "Feature", "properties": { "sample_id": "ID103P787625", "latitude": 55.50161689, "longitude": -128.5729787, "rock_class": "sedimentary rocks", "rock_type": "sandstone", "terrane": "Overlap", "terrane_name": "Stikinia", "era": "Mesozoic", "lithium_ppm": 29.7, "cobalt_ppm": 28.6, "nickel_ppm": 158.4, "score_battery": 1.5272054382500995, "rank_battery": 459, "dist_to_fault_km": 25.57, "dist_to_terrane_boundary_km": 79.68, "grid_id": "117_83", "year": 1978 }, "geometry": { "type": "Point", "coordinates": [ -128.5729787, 55.501616889999973 ] } },
{ "type": "Feature", "properties": { "sample_id": "ID103P787626", "latitude": 55.51937289, "longitude": -128.599632, "rock_class": "sedimentary rocks", "rock_type": "undivided sedimentary rocks", "terrane": "Overlap", "terrane_name": "Stikinia", "era": "Mesozoic", "lithium_ppm": 38.9, "cobalt_ppm": 28.4, "nickel_ppm": 123.1, "score_battery": 1.6419152260702312, "rank_battery": 280, "dist_to_fault_km": 27.38, "dist_to_terrane_boundary_km": 79.38, "grid_id": "117_83", "year": 1978 }, "geometry": { "type": "Point", "coordinates": [ -128.599632, 55.519372889999971 ] } },
{ "type": "Feature", "properties": { "sample_id": "ID103P787628", "latitude": 55.5166571, "longitude": -128.6334081, "rock_class": "sedimentary rocks", "rock_type": "sandstone", "terrane": "Overlap", "terrane_name": "Stikinia", "era": "Mesozoic", "lithium_ppm": 51.8, "cobalt_ppm": 53.4, "nickel_ppm": 132.1, "score_battery": 2.1889993754614951, "rank_battery": 25, "dist_to_fault_km": 29.47, "dist_to_terrane_boundary_km": 77.44, "grid_id": "117_83", "year": 1978 }, "geometry": { "type": "Point", "coordinates": [ -128.6334081, 55.516657099999989 ] } },
{ "type": "Feature", "properties": { "sample_id": "ID103P787629", "latitude": 55.53789124, "longitude": -128.6218811, "rock_class": "sedimentary rocks", "rock_type": "undivided sedimentary rocks", "terrane": "Overlap", "terrane_name": "Stikinia", "era": "Mesozoic", "lithium_ppm": 39.2, "cobalt_ppm": 21.0, "nickel_ppm": 115.4, "score_battery": 1.4748072212806489, "rank_battery": 563, "dist_to_fault_km": 29.04, "dist_to_terrane_boundary_km": 79.36, "grid_id": "117_83", "year": 1978 }, "geometry": { "type": "Point", "coordinates": [ -128.6218811, 55.53789124 ] } },
{ "type": "Feature", "properties": { "sample_id": "ID103P787631", "latitude": 55.33484142, "longitude": -128.536703, "rock_class": "sedimentary rocks", "rock_type": "sandstone", "terrane": "Overlap", "terrane_name": "Stikinia", "era": "Mesozoic", "lithium_ppm": 25.2, "cobalt_ppm": 30.8, "nickel_ppm": 156.0, "score_battery": 1.4488289849677394, "rank_battery": 622, "dist_to_fault_km": 16.13, "dist_to_terrane_boundary_km": 71.28, "grid_id": "115_83", "year": 1978 }, "geometry": { "type": "Point", "coordinates": [ -128.536703, 55.334841419999975 ] } },
{ "type": "Feature", "properties": { "sample_id": "ID103P787632", "latitude": 55.3480718, "longitude": -128.5422572, "rock_class": "sedimentary rocks", "rock_type": "sandstone", "terrane": "Overlap", "terrane_name": "Stikinia", "era": "Mesozoic", "lithium_ppm": 33.0, "cobalt_ppm": 35.2, "nickel_ppm": 212.2, "score_battery": 1.7862312845578772, "rank_battery": 147, "dist_to_fault_km": 17.11, "dist_to_terrane_boundary_km": 71.8, "grid_id": "115_83", "year": 1978 }, "geometry": { "type": "Point", "coordinates": [ -128.5422572, 55.3480718 ] } },
{ "type": "Feature", "properties": { "sample_id": "ID103P787633", "latitude": 55.34424343, "longitude": -128.5397784, "rock_class": "sedimentary rocks", "rock_type": "sandstone", "terrane": "Overlap", "terrane_name": "Stikinia", "era": "Mesozoic", "lithium_ppm": 28.5, "cobalt_ppm": 21.9, "nickel_ppm": 154.5, "score_battery": 1.3549176830622707, "rank_battery": 879, "dist_to_fault_km": 16.77, "dist_to_terrane_boundary_km": 71.7, "grid_id": "115_83", "year": 1978 }, "geometry": { "type": "Point", "coordinates": [ -128.539778399999989, 55.34424343 ] } },
{ "type": "Feature", "properties": { "sample_id": "ID103P787634", "latitude": 55.34895677, "longitude": -128.5784392, "rock_class": "sedimentary rocks", "rock_type": "sandstone", "terrane": "Overlap", "terrane_name": "Stikinia", "era": "Mesozoic", "lithium_ppm": 29.5, "cobalt_ppm": 22.8, "nickel_ppm": 164.5, "score_battery": 1.4161142392708923, "rank_battery": 708, "dist_to_fault_km": 19.19, "dist_to_terrane_boundary_km": 69.95, "grid_id": "115_83", "year": 1978 }, "geometry": { "type": "Point", "coordinates": [ -128.5784392, 55.34895676999998 ] } },
{ "type": "Feature", "properties": { "sample_id": "ID103P787635", "latitude": 55.34521588, "longitude": -128.5855274, "rock_class": "sedimentary rocks", "rock_type": "sandstone", "terrane": "Overlap", "terrane_name": "Stikinia", "era": "Mesozoic", "lithium_ppm": 48.3, "cobalt_ppm": 54.6, "nickel_ppm": 130.2, "score_battery": 2.1480443247506762, "rank_battery": 32, "dist_to_fault_km": 19.42, "dist_to_terrane_boundary_km": 69.35, "grid_id": "115_83", "year": 1978 }, "geometry": { "type": "Point", "coordinates": [ -128.585527399999989, 55.34521588 ] } },
{ "type": "Feature", "properties": { "sample_id": "ID103P787636", "latitude": 55.36754668, "longitude": -128.5752439, "rock_class": "sedimentary rocks", "rock_type": "siltstone", "terrane": "Overlap", "terrane_name": "Stikinia", "era": "Mesozoic", "lithium_ppm": 33.5, "cobalt_ppm": 27.3, "nickel_ppm": 191.4, "score_battery": 1.6371067891016544, "rank_battery": 285, "dist_to_fault_km": 20.01, "dist_to_terrane_boundary_km": 71.27, "grid_id": "115_83", "year": 1978 }, "geometry": { "type": "Point", "coordinates": [ -128.5752439, 55.367546679999968 ] } },
{ "type": "Feature", "properties": { "sample_id": "ID103P787637", "latitude": 55.35233037, "longitude": -128.6207651, "rock_class": "sedimentary rocks", "rock_type": "sandstone", "terrane": "Overlap", "terrane_name": "Stikinia", "era": "Mesozoic", "lithium_ppm": 33.9, "cobalt_ppm": 23.4, "nickel_ppm": 155.3, "score_battery": 1.5096569852433219, "rank_battery": 496, "dist_to_fault_km": 21.79, "dist_to_terrane_boundary_km": 67.93, "grid_id": "115_83", "year": 1978 }, "geometry": { "type": "Point", "coordinates": [ -128.6207651, 55.35233037 ] } },
{ "type": "Feature", "properties": { "sample_id": "ID103P787638", "latitude": 55.35625277, "longitude": -128.625144, "rock_class": "sedimentary rocks", "rock_type": "sandstone", "terrane": "Overlap", "terrane_name": "Stikinia", "era": "Mesozoic", "lithium_ppm": 38.4, "cobalt_ppm": 23.9, "nickel_ppm": 143.3, "score_battery": 1.5850038756581921, "rank_battery": 363, "dist_to_fault_km": 22.22, "dist_to_terrane_boundary_km": 67.94, "grid_id": "115_83", "year": 1978 }, "geometry": { "type": "Point", "coordinates": [ -128.625144, 55.356252769999976 ] } },
{ "type": "Feature", "properties": { "sample_id": "ID103P787639", "latitude": 55.34321599, "longitude": -128.6971204, "rock_class": "sedimentary rocks", "rock_type": "sandstone", "terrane": "Overlap", "terrane_name": "Stikinia", "era": "Mesozoic", "lithium_ppm": 50.5, "cobalt_ppm": 25.6, "nickel_ppm": 97.3, "score_battery": 1.7065012919521139, "rank_battery": 206, "dist_to_fault_km": 25.97, "dist_to_terrane_boundary_km": 63.35, "grid_id": "115_82", "year": 1978 }, "geometry": { "type": "Point", "coordinates": [ -128.697120399999989, 55.34321599 ] } },
{ "type": "Feature", "properties": { "sample_id": "ID103P787640", "latitude": 55.33865879, "longitude": -128.7002295, "rock_class": "sedimentary rocks", "rock_type": "sandstone", "terrane": "Overlap", "terrane_name": "Stikinia", "era": "Mesozoic", "lithium_ppm": 47.6, "cobalt_ppm": 27.4, "nickel_ppm": 114.9, "score_battery": 1.7450007835600547, "rank_battery": 184, "dist_to_fault_km": 26.01, "dist_to_terrane_boundary_km": 62.9, "grid_id": "115_82", "year": 1978 }, "geometry": { "type": "Point", "coordinates": [ -128.7002295, 55.33865879 ] } },
{ "type": "Feature", "properties": { "sample_id": "ID103P787642", "latitude": 55.34465125, "longitude": -128.6684586, "rock_class": "sedimentary rocks", "rock_type": "sandstone", "terrane": "Overlap", "terrane_name": "Stikinia", "era": "Mesozoic", "lithium_ppm": 46.6, "cobalt_ppm": 21.6, "nickel_ppm": 92.6, "score_battery": 1.5501239065642651, "rank_battery": 422, "dist_to_fault_km": 24.29, "dist_to_terrane_boundary_km": 64.94, "grid_id": "115_83", "year": 1978 }, "geometry": { "type": "Point", "coordinates": [ -128.6684586, 55.34465125 ] } },
{ "type": "Feature", "properties": { "sample_id": "ID103P787643", "latitude": 55.35805443, "longitude": -128.6637565, "rock_class": "sedimentary rocks", "rock_type": "sandstone", "terrane": "Overlap", "terrane_name": "Stikinia", "era": "Mesozoic", "lithium_ppm": 48.9, "cobalt_ppm": 28.1, "nickel_ppm": 96.6, "score_battery": 1.7301804083770711, "rank_battery": 194, "dist_to_fault_km": 24.54, "dist_to_terrane_boundary_km": 66.02, "grid_id": "115_83", "year": 1978 }, "geometry": { "type": "Point", "coordinates": [ -128.6637565, 55.35805443 ] } },
{ "type": "Feature", "properties": { "sample_id": "ID103P787644", "latitude": 55.44499536, "longitude": -128.6646775, "rock_class": "sedimentary rocks", "rock_type": "siltstone", "terrane": "Overlap", "terrane_name": "Stikinia", "era": "Mesozoic", "lithium_ppm": 35.3, "cobalt_ppm": 22.1, "nickel_ppm": 93.7, "score_battery": 1.3724617525523042, "rank_battery": 814, "dist_to_fault_km": 29.67, "dist_to_terrane_boundary_km": 71.36, "grid_id": "116_83", "year": 1978 }, "geometry": { "type": "Point", "coordinates": [ -128.66467750000001, 55.444995359999979 ] } },
{ "type": "Feature", "properties": { "sample_id": "ID103P787645", "latitude": 55.45250859, "longitude": -128.6585738, "rock_class": "sedimentary rocks", "rock_type": "siltstone", "terrane": "Overlap", "terrane_name": "Stikinia", "era": "Mesozoic", "lithium_ppm": 32.3, "cobalt_ppm": 31.4, "nickel_ppm": 118.8, "score_battery": 1.5558593779165959, "rank_battery": 411, "dist_to_fault_km": 29.92, "dist_to_terrane_boundary_km": 72.15, "grid_id": "116_83", "year": 1978 }, "geometry": { "type": "Point", "coordinates": [ -128.6585738, 55.452508589999987 ] } },
{ "type": "Feature", "properties": { "sample_id": "ID103P787646", "latitude": 55.44264095, "longitude": -128.6333041, "rock_class": "sedimentary rocks", "rock_type": "siltstone", "terrane": "Overlap", "terrane_name": "Stikinia", "era": "Mesozoic", "lithium_ppm": 37.6, "cobalt_ppm": 31.9, "nickel_ppm": 103.2, "score_battery": 1.6311467840063498, "rank_battery": 297, "dist_to_fault_km": 28.0, "dist_to_terrane_boundary_km": 72.86, "grid_id": "116_83", "year": 1978 }, "geometry": { "type": "Point", "coordinates": [ -128.6333041, 55.44264095 ] } },
{ "type": "Feature", "properties": { "sample_id": "ID103P787647", "latitude": 55.45239039, "longitude": -128.630257, "rock_class": "sedimentary rocks", "rock_type": "siltstone", "terrane": "Overlap", "terrane_name": "Stikinia", "era": "Mesozoic", "lithium_ppm": 35.2, "cobalt_ppm": 24.4, "nickel_ppm": 149.8, "score_battery": 1.5474056791073574, "rank_battery": 423, "dist_to_fault_km": 28.6, "dist_to_terrane_boundary_km": 73.62, "grid_id": "116_83", "year": 1978 }, "geometry": { "type": "Point", "coordinates": [ -128.630257, 55.452390389999984 ] } },
{ "type": "Feature", "properties": { "sample_id": "ID103P787648", "latitude": 55.4263634, "longitude": -128.5922307, "rock_class": "sedimentary rocks", "rock_type": "siltstone", "terrane": "Overlap", "terrane_name": "Stikinia", "era": "Mesozoic", "lithium_ppm": 30.8, "cobalt_ppm": 31.0, "nickel_ppm": 164.7, "score_battery": 1.6044169727637543, "rank_battery": 340, "dist_to_fault_km": 24.86, "dist_to_terrane_boundary_km": 74.01, "grid_id": "116_83", "year": 1978 }, "geometry": { "type": "Point", "coordinates": [ -128.592230699999988, 55.426363399999985 ] } },
{ "type": "Feature", "properties": { "sample_id": "ID103P787649", "latitude": 55.42686514, "longitude": -128.6225793, "rock_class": "sedimentary rocks", "rock_type": "sandstone", "terrane": "Overlap", "terrane_name": "Stikinia", "era": "Mesozoic", "lithium_ppm": 38.3, "cobalt_ppm": 26.1, "nickel_ppm": 117.8, "score_battery": 1.5757530757284179, "rank_battery": 383, "dist_to_fault_km": 26.33, "dist_to_terrane_boundary_km": 72.45, "grid_id": "116_83", "year": 1978 }, "geometry": { "type": "Point", "coordinates": [ -128.622579300000012, 55.426865139999983 ] } },
{ "type": "Feature", "properties": { "sample_id": "ID103P787650", "latitude": 55.43101577, "longitude": -128.6341388, "rock_class": "sedimentary rocks", "rock_type": "sandstone", "terrane": "Overlap", "terrane_name": "Stikinia", "era": "Mesozoic", "lithium_ppm": 28.8, "cobalt_ppm": 30.1, "nickel_ppm": 100.4, "score_battery": 1.4098567894665239, "rank_battery": 726, "dist_to_fault_km": 27.19, "dist_to_terrane_boundary_km": 72.1, "grid_id": "116_83", "year": 1978 }, "geometry": { "type": "Point", "coordinates": [ -128.634138799999988, 55.43101577 ] } },
{ "type": "Feature", "properties": { "sample_id": "ID103P787651", "latitude": 55.40478586, "longitude": -128.5808772, "rock_class": "sedimentary rocks", "rock_type": "siltstone", "terrane": "Overlap", "terrane_name": "Stikinia", "era": "Mesozoic", "lithium_ppm": 39.1, "cobalt_ppm": 28.0, "nickel_ppm": 137.8, "score_battery": 1.6684941632241237, "rank_battery": 254, "dist_to_fault_km": 22.73, "dist_to_terrane_boundary_km": 73.27, "grid_id": "115_83", "year": 1978 }, "geometry": { "type": "Point", "coordinates": [ -128.5808772, 55.404785859999976 ] } },
{ "type": "Feature", "properties": { "sample_id": "ID103P787652", "latitude": 55.40963491, "longitude": -128.635979, "rock_class": "sedimentary rocks", "rock_type": "sandstone", "terrane": "Overlap", "terrane_name": "Stikinia", "era": "Mesozoic", "lithium_ppm": 30.2, "cobalt_ppm": 26.6, "nickel_ppm": 96.9, "score_battery": 1.3690985915159355, "rank_battery": 822, "dist_to_fault_km": 25.81, "dist_to_terrane_boundary_km": 70.68, "grid_id": "116_83", "year": 1978 }, "geometry": { "type": "Point", "coordinates": [ -128.635979, 55.40963491 ] } },
{ "type": "Feature", "properties": { "sample_id": "ID103P787653", "latitude": 55.40664628, "longitude": -128.6282363, "rock_class": "sedimentary rocks", "rock_type": "sandstone", "terrane": "Overlap", "terrane_name": "Stikinia", "era": "Mesozoic", "lithium_ppm": 43.1, "cobalt_ppm": 27.6, "nickel_ppm": 108.9, "score_battery": 1.6653145060543815, "rank_battery": 256, "dist_to_fault_km": 25.22, "dist_to_terrane_boundary_km": 70.9, "grid_id": "115_83", "year": 1978 }, "geometry": { "type": "Point", "coordinates": [ -128.6282363, 55.40664628 ] } },
{ "type": "Feature", "properties": { "sample_id": "ID103P787655", "latitude": 55.39440378, "longitude": -128.6299774, "rock_class": "sedimentary rocks", "rock_type": "sandstone", "terrane": "Overlap", "terrane_name": "Stikinia", "era": "Mesozoic", "lithium_ppm": 39.8, "cobalt_ppm": 26.0, "nickel_ppm": 91.4, "score_battery": 1.5322457735665429, "rank_battery": 450, "dist_to_fault_km": 24.54, "dist_to_terrane_boundary_km": 70.05, "grid_id": "115_83", "year": 1978 }, "geometry": { "type": "Point", "coordinates": [ -128.62997740000003, 55.39440378 ] } },
{ "type": "Feature", "properties": { "sample_id": "ID103P787656", "latitude": 55.38718684, "longitude": -128.6325388, "rock_class": "sedimentary rocks", "rock_type": "sandstone", "terrane": "Overlap", "terrane_name": "Stikinia", "era": "Mesozoic", "lithium_ppm": 43.5, "cobalt_ppm": 26.0, "nickel_ppm": 112.4, "score_battery": 1.6494419714050883, "rank_battery": 266, "dist_to_fault_km": 24.24, "dist_to_terrane_boundary_km": 69.47, "grid_id": "115_83", "year": 1978 }, "geometry": { "type": "Point", "coordinates": [ -128.6325388, 55.38718684 ] } },
{ "type": "Feature", "properties": { "sample_id": "ID103P787657", "latitude": 55.3786188, "longitude": -128.655707, "rock_class": "sedimentary rocks", "rock_type": "sandstone", "terrane": "Overlap", "terrane_name": "Stikinia", "era": "Mesozoic", "lithium_ppm": 30.7, "cobalt_ppm": 23.6, "nickel_ppm": 96.3, "score_battery": 1.3171891034730761, "rank_battery": 998, "dist_to_fault_km": 25.05, "dist_to_terrane_boundary_km": 67.72, "grid_id": "115_83", "year": 1978 }, "geometry": { "type": "Point", "coordinates": [ -128.655707, 55.378618799999977 ] } },
{ "type": "Feature", "properties": { "sample_id": "ID103P787658", "latitude": 55.3786188, "longitude": -128.655707, "rock_class": "sedimentary rocks", "rock_type": "sandstone", "terrane": "Overlap", "terrane_name": "Stikinia", "era": "Mesozoic", "lithium_ppm": 31.3, "cobalt_ppm": 23.9, "nickel_ppm": 92.6, "score_battery": 1.3264804418988341, "rank_battery": 970, "dist_to_fault_km": 25.05, "dist_to_terrane_boundary_km": 67.72, "grid_id": "115_83", "year": 1978 }, "geometry": { "type": "Point", "coordinates": [ -128.655707, 55.378618799999977 ] } },
{ "type": "Feature", "properties": { "sample_id": "ID103P787659", "latitude": 55.38632538, "longitude": -128.6741714, "rock_class": "sedimentary rocks", "rock_type": "sandstone", "terrane": "Overlap", "terrane_name": "Stikinia", "era": "Mesozoic", "lithium_ppm": 40.6, "cobalt_ppm": 27.9, "nickel_ppm": 97.2, "score_battery": 1.5989150657195763, "rank_battery": 347, "dist_to_fault_km": 26.48, "dist_to_terrane_boundary_km": 67.23, "grid_id": "115_83", "year": 1978 }, "geometry": { "type": "Point", "coordinates": [ -128.6741714, 55.38632538 ] } },
{ "type": "Feature", "properties": { "sample_id": "ID103P787660", "latitude": 55.39473436, "longitude": -128.6837488, "rock_class": "sedimentary rocks", "rock_type": "sandstone", "terrane": "Overlap", "terrane_name": "Stikinia", "era": "Mesozoic", "lithium_ppm": 52.0, "cobalt_ppm": 28.5, "nickel_ppm": 97.1, "score_battery": 1.7816840251725048, "rank_battery": 151, "dist_to_fault_km": 27.46, "dist_to_terrane_boundary_km": 67.24, "grid_id": "115_83", "year": 1978 }, "geometry": { "type": "Point", "coordinates": [ -128.683748799999989, 55.39473436 ] } },
{ "type": "Feature", "properties": { "sample_id": "ID103P787662", "latitude": 55.41341478, "longitude": -128.6974839, "rock_class": "sedimentary rocks", "rock_type": "sandstone", "terrane": "Overlap", "terrane_name": "Stikinia", "era": "Mesozoic", "lithium_ppm": 45.2, "cobalt_ppm": 29.7, "nickel_ppm": 95.0, "score_battery": 1.6995916750199571, "rank_battery": 213, "dist_to_fault_km": 27.6, "dist_to_terrane_boundary_km": 67.68, "grid_id": "116_82", "year": 1978 }, "geometry": { "type": "Point", "coordinates": [ -128.6974839, 55.413414779999989 ] } },
{ "type": "Feature", "properties": { "sample_id": "ID103P787663", "latitude": 55.37766134, "longitude": -128.7542066, "rock_class": "sedimentary rocks", "rock_type": "sandstone", "terrane": "Overlap", "terrane_name": "Stikinia", "era": "Mesozoic", "lithium_ppm": 46.5, "cobalt_ppm": 21.2, "nickel_ppm": 126.7, "score_battery": 1.6233094976249043, "rank_battery": 309, "dist_to_fault_km": 24.55, "dist_to_terrane_boundary_km": 62.48, "grid_id": "115_82", "year": 1978 }, "geometry": { "type": "Point", "coordinates": [ -128.7542066, 55.377661339999982 ] } },
{ "type": "Feature", "properties": { "sample_id": "ID103P787664", "latitude": 55.37674636, "longitude": -128.7688412, "rock_class": "sedimentary rocks", "rock_type": "sandstone", "terrane": "Overlap", "terrane_name": "Stikinia", "era": "Mesozoic", "lithium_ppm": 51.1, "cobalt_ppm": 28.5, "nickel_ppm": 98.0, "score_battery": 1.7719929636663219, "rank_battery": 157, "dist_to_fault_km": 23.67, "dist_to_terrane_boundary_km": 61.66, "grid_id": "115_82", "year": 1978 }, "geometry": { "type": "Point", "coordinates": [ -128.7688412, 55.376746359999977 ] } },
{ "type": "Feature", "properties": { "sample_id": "ID103P787665", "latitude": 55.39740634, "longitude": -128.7425738, "rock_class": "sedimentary rocks", "rock_type": "sandstone", "terrane": "Overlap", "terrane_name": "Stikinia", "era": "Mesozoic", "lithium_ppm": 48.0, "cobalt_ppm": 18.4, "nickel_ppm": 99.1, "score_battery": 1.5072718599598014, "rank_battery": 504, "dist_to_fault_km": 24.91, "dist_to_terrane_boundary_km": 64.32, "grid_id": "115_82", "year": 1978 }, "geometry": { "type": "Point", "coordinates": [ -128.7425738, 55.39740634 ] } },
{ "type": "Feature", "properties": { "sample_id": "ID103P787666", "latitude": 55.413941, "longitude": -128.7344894, "rock_class": "sedimentary rocks", "rock_type": "sandstone", "terrane": "Overlap", "terrane_name": "Stikinia", "era": "Mesozoic", "lithium_ppm": 46.0, "cobalt_ppm": 20.8, "nickel_ppm": 99.2, "score_battery": 1.5403133042908725, "rank_battery": 436, "dist_to_fault_km": 25.26, "dist_to_terrane_boundary_km": 65.77, "grid_id": "116_82", "year": 1978 }, "geometry": { "type": "Point", "coordinates": [ -128.7344894, 55.413941 ] } },
{ "type": "Feature", "properties": { "sample_id": "ID103P787667", "latitude": 55.42615574, "longitude": -128.7276764, "rock_class": "sedimentary rocks", "rock_type": "sandstone", "terrane": "Overlap", "terrane_name": "Stikinia", "era": "Mesozoic", "lithium_ppm": 32.5, "cobalt_ppm": 29.1, "nickel_ppm": 83.0, "score_battery": 1.4244800261193169, "rank_battery": 682, "dist_to_fault_km": 25.66, "dist_to_terrane_boundary_km": 66.88, "grid_id": "116_82", "year": 1978 }, "geometry": { "type": "Point", "coordinates": [ -128.7276764, 55.42615574 ] } },
{ "type": "Feature", "properties": { "sample_id": "ID103P787668", "latitude": 55.45753992, "longitude": -128.7343864, "rock_class": "sedimentary rocks", "rock_type": "sandstone", "terrane": "Overlap", "terrane_name": "Stikinia", "era": "Mesozoic", "lithium_ppm": 34.7, "cobalt_ppm": 30.9, "nickel_ppm": 92.1, "score_battery": 1.5286151323776016, "rank_battery": 456, "dist_to_fault_km": 25.5, "dist_to_terrane_boundary_km": 68.48, "grid_id": "116_82", "year": 1978 }, "geometry": { "type": "Point", "coordinates": [ -128.7343864, 55.457539919999988 ] } },
{ "type": "Feature", "properties": { "sample_id": "ID103P787669", "latitude": 55.43264059, "longitude": -128.7653067, "rock_class": "sedimentary rocks", "rock_type": "sandstone", "terrane": "Overlap", "terrane_name": "Stikinia", "era": "Mesozoic", "lithium_ppm": 35.5, "cobalt_ppm": 27.2, "nickel_ppm": 82.3, "score_battery": 1.4482713177344249, "rank_battery": 624, "dist_to_fault_km": 23.3, "dist_to_terrane_boundary_km": 65.31, "grid_id": "116_82", "year": 1978 }, "geometry": { "type": "Point", "coordinates": [ -128.7653067, 55.43264059 ] } },
{ "type": "Feature", "properties": { "sample_id": "ID103P787671", "latitude": 55.49781962, "longitude": -128.7498339, "rock_class": "sedimentary rocks", "rock_type": "undivided sedimentary rocks", "terrane": "Overlap", "terrane_name": "Stikinia", "era": "Mesozoic", "lithium_ppm": 41.7, "cobalt_ppm": 25.2, "nickel_ppm": 79.1, "score_battery": 1.5097643719723601, "rank_battery": 495, "dist_to_fault_km": 25.6, "dist_to_terrane_boundary_km": 70.17, "grid_id": "117_82", "year": 1978 }, "geometry": { "type": "Point", "coordinates": [ -128.7498339, 55.49781961999998 ] } },
{ "type": "Feature", "properties": { "sample_id": "ID103P787672", "latitude": 55.50040249, "longitude": -128.7430738, "rock_class": "sedimentary rocks", "rock_type": "undivided sedimentary rocks", "terrane": "Overlap", "terrane_name": "Stikinia", "era": "Mesozoic", "lithium_ppm": 36.1, "cobalt_ppm": 21.0, "nickel_ppm": 108.1, "score_battery": 1.4002356804398337, "rank_battery": 746, "dist_to_fault_km": 26.09, "dist_to_terrane_boundary_km": 70.68, "grid_id": "117_82", "year": 1978 }, "geometry": { "type": "Point", "coordinates": [ -128.7430738, 55.50040249 ] } },
{ "type": "Feature", "properties": { "sample_id": "ID103P787673", "latitude": 55.50040249, "longitude": -128.7430738, "rock_class": "sedimentary rocks", "rock_type": "undivided sedimentary rocks", "terrane": "Overlap", "terrane_name": "Stikinia", "era": "Mesozoic", "lithium_ppm": 38.7, "cobalt_ppm": 22.7, "nickel_ppm": 110.5, "score_battery": 1.4940601390846342, "rank_battery": 534, "dist_to_fault_km": 26.09, "dist_to_terrane_boundary_km": 70.68, "grid_id": "117_82", "year": 1978 }, "geometry": { "type": "Point", "coordinates": [ -128.7430738, 55.50040249 ] } },
{ "type": "Feature", "properties": { "sample_id": "ID103P787674", "latitude": 55.24807375, "longitude": -128.8209466, "rock_class": "sedimentary rocks", "rock_type": "sandstone", "terrane": "Overlap", "terrane_name": "Stikinia", "era": "Mesozoic", "lithium_ppm": 42.8, "cobalt_ppm": 24.0, "nickel_ppm": 67.3, "score_battery": 1.4595510399266776, "rank_battery": 597, "dist_to_fault_km": 23.29, "dist_to_terrane_boundary_km": 50.92, "grid_id": "114_82", "year": 1978 }, "geometry": { "type": "Point", "coordinates": [ -128.820946600000013, 55.24807375 ] } },
{ "type": "Feature", "properties": { "sample_id": "ID103P787675", "latitude": 55.2571729, "longitude": -128.8184198, "rock_class": "sedimentary rocks", "rock_type": "sandstone", "terrane": "Overlap", "terrane_name": "Stikinia", "era": "Mesozoic", "lithium_ppm": 50.4, "cobalt_ppm": 33.1, "nickel_ppm": 119.2, "score_battery": 1.8924879878596546, "rank_battery": 88, "dist_to_fault_km": 23.31, "dist_to_terrane_boundary_km": 51.62, "grid_id": "114_82", "year": 1978 }, "geometry": { "type": "Point", "coordinates": [ -128.818419799999987, 55.2571729 ] } },
{ "type": "Feature", "properties": { "sample_id": "ID103P787679", "latitude": 55.28761326, "longitude": -128.7931038, "rock_class": "sedimentary rocks", "rock_type": "sandstone", "terrane": "Overlap", "terrane_name": "Stikinia", "era": "Mesozoic", "lithium_ppm": 14.4, "cobalt_ppm": 71.1, "nickel_ppm": 91.3, "score_battery": 1.3650605139050909, "rank_battery": 834, "dist_to_fault_km": 24.76, "dist_to_terrane_boundary_km": 54.84, "grid_id": "114_82", "year": 1978 }, "geometry": { "type": "Point", "coordinates": [ -128.793103800000011, 55.287613259999986 ] } },
{ "type": "Feature", "properties": { "sample_id": "ID103P787682", "latitude": 55.32453478, "longitude": -128.8396719, "rock_class": "sedimentary rocks", "rock_type": "sandstone", "terrane": "Overlap", "terrane_name": "Stikinia", "era": "Mesozoic", "lithium_ppm": 37.4, "cobalt_ppm": 29.7, "nickel_ppm": 93.3, "score_battery": 1.563376079401201, "rank_battery": 401, "dist_to_fault_km": 21.51, "dist_to_terrane_boundary_km": 54.69, "grid_id": "115_82", "year": 1978 }, "geometry": { "type": "Point", "coordinates": [ -128.839671900000013, 55.32453478 ] } },
{ "type": "Feature", "properties": { "sample_id": "ID103P787683", "latitude": 55.33293168, "longitude": -128.8169544, "rock_class": "sedimentary rocks", "rock_type": "sandstone", "terrane": "Overlap", "terrane_name": "Stikinia", "era": "Mesozoic", "lithium_ppm": 39.2, "cobalt_ppm": 31.1, "nickel_ppm": 92.4, "score_battery": 1.6171674146250024, "rank_battery": 317, "dist_to_fault_km": 22.48, "dist_to_terrane_boundary_km": 56.41, "grid_id": "115_82", "year": 1978 }, "geometry": { "type": "Point", "coordinates": [ -128.816954399999986, 55.332931679999987 ] } },
{ "type": "Feature", "properties": { "sample_id": "ID103P787684", "latitude": 55.33082557, "longitude": -128.7977021, "rock_class": "sedimentary rocks", "rock_type": "sandstone", "terrane": "Overlap", "terrane_name": "Stikinia", "era": "Mesozoic", "lithium_ppm": 45.2, "cobalt_ppm": 32.7, "nickel_ppm": 99.2, "score_battery": 1.7610624234034555, "rank_battery": 167, "dist_to_fault_km": 23.68, "dist_to_terrane_boundary_km": 57.29, "grid_id": "115_82", "year": 1978 }, "geometry": { "type": "Point", "coordinates": [ -128.797702100000038, 55.33082557 ] } },
{ "type": "Feature", "properties": { "sample_id": "ID103P787685", "latitude": 55.33580558, "longitude": -128.7934045, "rock_class": "sedimentary rocks", "rock_type": "sandstone", "terrane": "Overlap", "terrane_name": "Stikinia", "era": "Mesozoic", "lithium_ppm": 59.2, "cobalt_ppm": 30.5, "nickel_ppm": 97.6, "score_battery": 1.9086355138085336, "rank_battery": 83, "dist_to_fault_km": 23.68, "dist_to_terrane_boundary_km": 57.82, "grid_id": "115_82", "year": 1978 }, "geometry": { "type": "Point", "coordinates": [ -128.7934045, 55.33580558 ] } },
{ "type": "Feature", "properties": { "sample_id": "ID103P787686", "latitude": 55.32989877, "longitude": -128.7763646, "rock_class": "sedimentary rocks", "rock_type": "sandstone", "terrane": "Overlap", "terrane_name": "Stikinia", "era": "Mesozoic", "lithium_ppm": 47.9, "cobalt_ppm": 25.1, "nickel_ppm": 97.2, "score_battery": 1.6592748047382693, "rank_battery": 259, "dist_to_fault_km": 24.94, "dist_to_terrane_boundary_km": 58.35, "grid_id": "115_82", "year": 1978 }, "geometry": { "type": "Point", "coordinates": [ -128.7763646, 55.32989877 ] } },
{ "type": "Feature", "properties": { "sample_id": "ID103P787687", "latitude": 55.33502793, "longitude": -128.7611547, "rock_class": "sedimentary rocks", "rock_type": "sandstone", "terrane": "Overlap", "terrane_name": "Stikinia", "era": "Mesozoic", "lithium_ppm": 47.6, "cobalt_ppm": 29.0, "nickel_ppm": 105.8, "score_battery": 1.7521405266033794, "rank_battery": 177, "dist_to_fault_km": 25.59, "dist_to_terrane_boundary_km": 59.47, "grid_id": "115_82", "year": 1978 }, "geometry": { "type": "Point", "coordinates": [ -128.7611547, 55.33502793 ] } },
{ "type": "Feature", "properties": { "sample_id": "ID103P787688", "latitude": 55.32556511, "longitude": -128.7431341, "rock_class": "sedimentary rocks", "rock_type": "sandstone", "terrane": "Overlap", "terrane_name": "Stikinia", "era": "Mesozoic", "lithium_ppm": 42.1, "cobalt_ppm": 26.3, "nickel_ppm": 87.8, "score_battery": 1.5663396656295154, "rank_battery": 395, "dist_to_fault_km": 27.05, "dist_to_terrane_boundary_km": 59.83, "grid_id": "115_82", "year": 1978 }, "geometry": { "type": "Point", "coordinates": [ -128.7431341, 55.32556511 ] } },
{ "type": "Feature", "properties": { "sample_id": "ID103P787695", "latitude": 55.31416561, "longitude": -128.6504831, "rock_class": "sedimentary rocks", "rock_type": "sandstone", "terrane": "Overlap", "terrane_name": "Stikinia", "era": "Mesozoic", "lithium_ppm": 37.0, "cobalt_ppm": 23.2, "nickel_ppm": 109.9, "score_battery": 1.472670926374513, "rank_battery": 569, "dist_to_fault_km": 22.3, "dist_to_terrane_boundary_km": 64.0, "grid_id": "114_83", "year": 1978 }, "geometry": { "type": "Point", "coordinates": [ -128.6504831, 55.314165609999989 ] } },
{ "type": "Feature", "properties": { "sample_id": "ID103P787696", "latitude": 55.31168702, "longitude": -128.6671266, "rock_class": "sedimentary rocks", "rock_type": "sandstone", "terrane": "Overlap", "terrane_name": "Stikinia", "era": "Mesozoic", "lithium_ppm": 29.3, "cobalt_ppm": 29.1, "nickel_ppm": 115.6, "score_battery": 1.4420707882438699, "rank_battery": 641, "dist_to_fault_km": 23.28, "dist_to_terrane_boundary_km": 62.97, "grid_id": "114_83", "year": 1978 }, "geometry": { "type": "Point", "coordinates": [ -128.667126599999989, 55.31168702 ] } },
{ "type": "Feature", "properties": { "sample_id": "ID103P787697", "latitude": 55.33532311, "longitude": -128.6584156, "rock_class": "sedimentary rocks", "rock_type": "sandstone", "terrane": "Overlap", "terrane_name": "Stikinia", "era": "Mesozoic", "lithium_ppm": 35.0, "cobalt_ppm": 22.3, "nickel_ppm": 106.4, "score_battery": 1.4052979527107134, "rank_battery": 733, "dist_to_fault_km": 23.37, "dist_to_terrane_boundary_km": 64.9, "grid_id": "115_83", "year": 1978 }, "geometry": { "type": "Point", "coordinates": [ -128.658415600000012, 55.335323109999969 ] } },
{ "type": "Feature", "properties": { "sample_id": "ID103P787698", "latitude": 55.21037221, "longitude": -128.8004349, "rock_class": "sedimentary rocks", "rock_type": "sandstone", "terrane": "Overlap", "terrane_name": "Stikinia", "era": "Mesozoic", "lithium_ppm": 40.2, "cobalt_ppm": 21.9, "nickel_ppm": 93.4, "score_battery": 1.4569039635616652, "rank_battery": 606, "dist_to_fault_km": 20.81, "dist_to_terrane_boundary_km": 49.66, "grid_id": "113_82", "year": 1978 }, "geometry": { "type": "Point", "coordinates": [ -128.8004349, 55.21037221 ] } },
{ "type": "Feature", "properties": { "sample_id": "ID103P787699", "latitude": 55.21037221, "longitude": -128.8004349, "rock_class": "sedimentary rocks", "rock_type": "sandstone", "terrane": "Overlap", "terrane_name": "Stikinia", "era": "Mesozoic", "lithium_ppm": 38.1, "cobalt_ppm": 22.0, "nickel_ppm": 92.5, "score_battery": 1.4194709817873126, "rank_battery": 697, "dist_to_fault_km": 20.81, "dist_to_terrane_boundary_km": 49.66, "grid_id": "113_82", "year": 1978 }, "geometry": { "type": "Point", "coordinates": [ -128.8004349, 55.21037221 ] } },
{ "type": "Feature", "properties": { "sample_id": "ID103P787702", "latitude": 55.20663956, "longitude": -128.7727976, "rock_class": "sedimentary rocks", "rock_type": "undivided sedimentary rocks", "terrane": "Overlap", "terrane_name": "Stikinia", "era": "Mesozoic", "lithium_ppm": 41.0, "cobalt_ppm": 23.3, "nickel_ppm": 98.3, "score_battery": 1.516020687393558, "rank_battery": 480, "dist_to_fault_km": 19.82, "dist_to_terrane_boundary_km": 50.89, "grid_id": "113_82", "year": 1978 }, "geometry": { "type": "Point", "coordinates": [ -128.7727976, 55.20663956 ] } },
{ "type": "Feature", "properties": { "sample_id": "ID103P787703", "latitude": 55.19287717, "longitude": -128.7564452, "rock_class": "sedimentary rocks", "rock_type": "undivided sedimentary rocks", "terrane": "Overlap", "terrane_name": "Stikinia", "era": "Mesozoic", "lithium_ppm": 39.8, "cobalt_ppm": 18.2, "nickel_ppm": 87.1, "score_battery": 1.3370028711630526, "rank_battery": 936, "dist_to_fault_km": 18.05, "dist_to_terrane_boundary_km": 50.89, "grid_id": "113_82", "year": 1978 }, "geometry": { "type": "Point", "coordinates": [ -128.7564452, 55.19287717 ] } },
{ "type": "Feature", "properties": { "sample_id": "ID103P787704", "latitude": 55.18037088, "longitude": -128.7319145, "rock_class": "sedimentary rocks", "rock_type": "undivided sedimentary rocks", "terrane": "Overlap", "terrane_name": "Stikinia", "era": "Mesozoic", "lithium_ppm": 41.6, "cobalt_ppm": 17.3, "nickel_ppm": 83.4, "score_battery": 1.3303652161789887, "rank_battery": 962, "dist_to_fault_km": 16.32, "dist_to_terrane_boundary_km": 51.41, "grid_id": "113_82", "year": 1978 }, "geometry": { "type": "Point", "coordinates": [ -128.731914499999988, 55.180370879999977 ] } },
{ "type": "Feature", "properties": { "sample_id": "ID103P787711", "latitude": 55.16180439, "longitude": -128.6759887, "rock_class": "sedimentary rocks", "rock_type": "siltstone", "terrane": "Overlap", "terrane_name": "Stikinia", "era": "Mesozoic", "lithium_ppm": 47.8, "cobalt_ppm": 20.6, "nickel_ppm": 124.7, "score_battery": 1.6235584706845496, "rank_battery": 308, "dist_to_fault_km": 13.9, "dist_to_terrane_boundary_km": 53.22, "grid_id": "113_82", "year": 1978 }, "geometry": { "type": "Point", "coordinates": [ -128.6759887, 55.16180439 ] } },
{ "type": "Feature", "properties": { "sample_id": "ID103P787712", "latitude": 55.17363913, "longitude": -128.6933204, "rock_class": "sedimentary rocks", "rock_type": "siltstone", "terrane": "Overlap", "terrane_name": "Stikinia", "era": "Mesozoic", "lithium_ppm": 26.0, "cobalt_ppm": 24.8, "nickel_ppm": 132.8, "score_battery": 1.3150227868327733, "rank_battery": 1009, "dist_to_fault_km": 15.25, "dist_to_terrane_boundary_km": 53.04, "grid_id": "113_82", "year": 1978 }, "geometry": { "type": "Point", "coordinates": [ -128.6933204, 55.17363913 ] } },
{ "type": "Feature", "properties": { "sample_id": "ID103P787713", "latitude": 55.17669909, "longitude": -128.6987926, "rock_class": "sedimentary rocks", "rock_type": "siltstone", "terrane": "Overlap", "terrane_name": "Stikinia", "era": "Mesozoic", "lithium_ppm": 43.6, "cobalt_ppm": 17.9, "nickel_ppm": 86.7, "score_battery": 1.3906105807793478, "rank_battery": 774, "dist_to_fault_km": 15.62, "dist_to_terrane_boundary_km": 52.94, "grid_id": "113_82", "year": 1978 }, "geometry": { "type": "Point", "coordinates": [ -128.6987926, 55.176699089999985 ] } },
{ "type": "Feature", "properties": { "sample_id": "ID103P787714", "latitude": 55.18826981, "longitude": -128.6797791, "rock_class": "sedimentary rocks", "rock_type": "siltstone", "terrane": "Overlap", "terrane_name": "Stikinia", "era": "Mesozoic", "lithium_ppm": 39.4, "cobalt_ppm": 29.2, "nickel_ppm": 161.5, "score_battery": 1.7382156758834739, "rank_battery": 186, "dist_to_fault_km": 16.86, "dist_to_terrane_boundary_km": 54.66, "grid_id": "113_82", "year": 1978 }, "geometry": { "type": "Point", "coordinates": [ -128.6797791, 55.188269809999987 ] } },
{ "type": "Feature", "properties": { "sample_id": "ID103P787715", "latitude": 55.19640375, "longitude": -128.6907891, "rock_class": "sedimentary rocks", "rock_type": "sandstone", "terrane": "Overlap", "terrane_name": "Stikinia", "era": "Mesozoic", "lithium_ppm": 23.4, "cobalt_ppm": 26.8, "nickel_ppm": 171.1, "score_battery": 1.3512717860895522, "rank_battery": 887, "dist_to_fault_km": 17.78, "dist_to_terrane_boundary_km": 54.58, "grid_id": "113_82", "year": 1978 }, "geometry": { "type": "Point", "coordinates": [ -128.690789099999989, 55.19640375 ] } },
{ "type": "Feature", "properties": { "sample_id": "ID103P787716", "latitude": 55.21750665, "longitude": -128.6748133, "rock_class": "sedimentary rocks", "rock_type": "siltstone", "terrane": "Overlap", "terrane_name": "Stikinia", "era": "Mesozoic", "lithium_ppm": 25.8, "cobalt_ppm": 22.2, "nickel_ppm": 182.5, "score_battery": 1.3385785681637532, "rank_battery": 929, "dist_to_fault_km": 20.12, "dist_to_terrane_boundary_km": 56.73, "grid_id": "113_83", "year": 1978 }, "geometry": { "type": "Point", "coordinates": [ -128.674813300000011, 55.21750665 ] } },
{ "type": "Feature", "properties": { "sample_id": "ID103P787719", "latitude": 55.25898748, "longitude": -128.6651756, "rock_class": "sedimentary rocks", "rock_type": "sandstone", "terrane": "Overlap", "terrane_name": "Stikinia", "era": "Mesozoic", "lithium_ppm": 34.8, "cobalt_ppm": 21.8, "nickel_ppm": 141.3, "score_battery": 1.466031010343241, "rank_battery": 579, "dist_to_fault_km": 22.85, "dist_to_terrane_boundary_km": 59.81, "grid_id": "114_83", "year": 1978 }, "geometry": { "type": "Point", "coordinates": [ -128.6651756, 55.25898748 ] } },
{ "type": "Feature", "properties": { "sample_id": "ID103P787727", "latitude": 55.16025484, "longitude": -128.5650189, "rock_class": "sedimentary rocks", "rock_type": "siltstone", "terrane": "Overlap", "terrane_name": "Stikinia", "era": "Mesozoic", "lithium_ppm": 28.0, "cobalt_ppm": 22.3, "nickel_ppm": 158.7, "score_battery": 1.3592602934071412, "rank_battery": 852, "dist_to_fault_km": 15.53, "dist_to_terrane_boundary_km": 58.99, "grid_id": "113_83", "year": 1978 }, "geometry": { "type": "Point", "coordinates": [ -128.565018900000013, 55.16025484 ] } },
{ "type": "Feature", "properties": { "sample_id": "ID103P787728", "latitude": 55.16104076, "longitude": -128.5816007, "rock_class": "sedimentary rocks", "rock_type": "siltstone", "terrane": "Overlap", "terrane_name": "Stikinia", "era": "Mesozoic", "lithium_ppm": 34.7, "cobalt_ppm": 24.7, "nickel_ppm": 140.0, "score_battery": 1.5255853618327422, "rank_battery": 462, "dist_to_fault_km": 15.15, "dist_to_terrane_boundary_km": 58.16, "grid_id": "113_83", "year": 1978 }, "geometry": { "type": "Point", "coordinates": [ -128.5816007, 55.161040759999963 ] } },
{ "type": "Feature", "properties": { "sample_id": "ID103P787729", "latitude": 55.16104076, "longitude": -128.5816007, "rock_class": "sedimentary rocks", "rock_type": "siltstone", "terrane": "Overlap", "terrane_name": "Stikinia", "era": "Mesozoic", "lithium_ppm": 33.6, "cobalt_ppm": 24.7, "nickel_ppm": 142.6, "score_battery": 1.508305718098675, "rank_battery": 498, "dist_to_fault_km": 15.15, "dist_to_terrane_boundary_km": 58.16, "grid_id": "113_83", "year": 1978 }, "geometry": { "type": "Point", "coordinates": [ -128.5816007, 55.161040759999963 ] } },
{ "type": "Feature", "properties": { "sample_id": "ID103P787731", "latitude": 55.17048196, "longitude": -128.5966048, "rock_class": "sedimentary rocks", "rock_type": "siltstone", "terrane": "Overlap", "terrane_name": "Stikinia", "era": "Mesozoic", "lithium_ppm": 33.2, "cobalt_ppm": 25.8, "nickel_ppm": 162.1, "score_battery": 1.5569826424299542, "rank_battery": 410, "dist_to_fault_km": 15.77, "dist_to_terrane_boundary_km": 57.95, "grid_id": "113_83", "year": 1978 }, "geometry": { "type": "Point", "coordinates": [ -128.5966048, 55.170481960000011 ] } },
{ "type": "Feature", "properties": { "sample_id": "ID103P787732", "latitude": 55.17481491, "longitude": -128.6165957, "rock_class": "sedimentary rocks", "rock_type": "siltstone", "terrane": "Overlap", "terrane_name": "Stikinia", "era": "Mesozoic", "lithium_ppm": 35.1, "cobalt_ppm": 27.8, "nickel_ppm": 135.9, "score_battery": 1.5864034177924895, "rank_battery": 361, "dist_to_fault_km": 15.86, "dist_to_terrane_boundary_km": 57.16, "grid_id": "113_83", "year": 1978 }, "geometry": { "type": "Point", "coordinates": [ -128.6165957, 55.17481491 ] } },
{ "type": "Feature", "properties": { "sample_id": "ID103P787734", "latitude": 55.19780104, "longitude": -128.6492406, "rock_class": "sedimentary rocks", "rock_type": "siltstone", "terrane": "Overlap", "terrane_name": "Stikinia", "era": "Mesozoic", "lithium_ppm": 46.5, "cobalt_ppm": 20.9, "nickel_ppm": 65.9, "score_battery": 1.4407475410054995, "rank_battery": 645, "dist_to_fault_km": 18.02, "dist_to_terrane_boundary_km": 56.86, "grid_id": "113_83", "year": 1978 }, "geometry": { "type": "Point", "coordinates": [ -128.649240600000013, 55.197801039999959 ] } },
{ "type": "Feature", "properties": { "sample_id": "ID103P787735", "latitude": 55.23284582, "longitude": -128.5727338, "rock_class": "sedimentary rocks", "rock_type": "sandstone", "terrane": "Overlap", "terrane_name": "Stikinia", "era": "Mesozoic", "lithium_ppm": 28.9, "cobalt_ppm": 21.8, "nickel_ppm": 158.0, "score_battery": 1.3681803546057636, "rank_battery": 825, "dist_to_fault_km": 17.54, "dist_to_terrane_boundary_km": 63.07, "grid_id": "114_83", "year": 1978 }, "geometry": { "type": "Point", "coordinates": [ -128.5727338, 55.23284582 ] } },
{ "type": "Feature", "properties": { "sample_id": "ID103P787736", "latitude": 55.23979925, "longitude": -128.5773615, "rock_class": "sedimentary rocks", "rock_type": "sandstone", "terrane": "Overlap", "terrane_name": "Stikinia", "era": "Mesozoic", "lithium_ppm": 29.0, "cobalt_ppm": 28.8, "nickel_ppm": 184.1, "score_battery": 1.5549502184650008, "rank_battery": 412, "dist_to_fault_km": 17.64, "dist_to_terrane_boundary_km": 63.26, "grid_id": "114_83", "year": 1978 }, "geometry": { "type": "Point", "coordinates": [ -128.5773615, 55.23979925 ] } },
{ "type": "Feature", "properties": { "sample_id": "ID103P787738", "latitude": 55.21946046, "longitude": -128.5977128, "rock_class": "sedimentary rocks", "rock_type": "siltstone", "terrane": "Overlap", "terrane_name": "Stikinia", "era": "Mesozoic", "lithium_ppm": 40.5, "cobalt_ppm": 34.3, "nickel_ppm": 128.0, "score_battery": 1.7781519957190559, "rank_battery": 153, "dist_to_fault_km": 19.49, "dist_to_terrane_boundary_km": 60.93, "grid_id": "113_83", "year": 1978 }, "geometry": { "type": "Point", "coordinates": [ -128.597712800000011, 55.219460459999965 ] } },
{ "type": "Feature", "properties": { "sample_id": "ID103P787740", "latitude": 55.2362833, "longitude": -128.6062077, "rock_class": "sedimentary rocks", "rock_type": "sandstone", "terrane": "Overlap", "terrane_name": "Stikinia", "era": "Mesozoic", "lithium_ppm": 26.4, "cobalt_ppm": 28.0, "nickel_ppm": 193.5, "score_battery": 1.4894263793731159, "rank_battery": 542, "dist_to_fault_km": 19.51, "dist_to_terrane_boundary_km": 61.52, "grid_id": "114_83", "year": 1978 }, "geometry": { "type": "Point", "coordinates": [ -128.6062077, 55.236283299999975 ] } },
{ "type": "Feature", "properties": { "sample_id": "ID103P787744", "latitude": 55.32150044, "longitude": -128.5904553, "rock_class": "sedimentary rocks", "rock_type": "sandstone", "terrane": "Overlap", "terrane_name": "Stikinia", "era": "Mesozoic", "lithium_ppm": 26.6, "cobalt_ppm": 22.0, "nickel_ppm": 162.1, "score_battery": 1.3228905803044118, "rank_battery": 988, "dist_to_fault_km": 18.8, "dist_to_terrane_boundary_km": 67.62, "grid_id": "115_83", "year": 1978 }, "geometry": { "type": "Point", "coordinates": [ -128.5904553, 55.32150043999998 ] } },
{ "type": "Feature", "properties": { "sample_id": "ID103P787745", "latitude": 55.32678778, "longitude": -128.6493791, "rock_class": "sedimentary rocks", "rock_type": "sandstone", "terrane": "Overlap", "terrane_name": "Stikinia", "era": "Mesozoic", "lithium_ppm": 32.6, "cobalt_ppm": 19.6, "nickel_ppm": 123.7, "score_battery": 1.3309138129734064, "rank_battery": 959, "dist_to_fault_km": 22.55, "dist_to_terrane_boundary_km": 64.84, "grid_id": "115_83", "year": 1978 }, "geometry": { "type": "Point", "coordinates": [ -128.6493791, 55.326787779999982 ] } },
{ "type": "Feature", "properties": { "sample_id": "ID103P787748", "latitude": 55.16786976, "longitude": -128.45018, "rock_class": "sedimentary rocks", "rock_type": "undivided sedimentary rocks", "terrane": "Overlap", "terrane_name": "Stikinia", "era": "Mesozoic", "lithium_ppm": 25.2, "cobalt_ppm": 25.2, "nickel_ppm": 137.2, "score_battery": 1.3106558250000853, "rank_battery": 1019, "dist_to_fault_km": 14.85, "dist_to_terrane_boundary_km": 65.54, "grid_id": "113_84", "year": 1978 }, "geometry": { "type": "Point", "coordinates": [ -128.45018, 55.167869760000016 ] } },
{ "type": "Feature", "properties": { "sample_id": "ID103P787750", "latitude": 55.18000736, "longitude": -128.4377172, "rock_class": "sedimentary rocks", "rock_type": "siltstone", "terrane": "Overlap", "terrane_name": "Stikinia", "era": "Mesozoic", "lithium_ppm": 24.9, "cobalt_ppm": 25.4, "nickel_ppm": 140.3, "score_battery": 1.3125559462553349, "rank_battery": 1014, "dist_to_fault_km": 13.3, "dist_to_terrane_boundary_km": 66.95, "grid_id": "113_84", "year": 1978 }, "geometry": { "type": "Point", "coordinates": [ -128.4377172, 55.180007359999969 ] } },
{ "type": "Feature", "properties": { "sample_id": "ID103P787751", "latitude": 55.1831526, "longitude": -128.45154, "rock_class": "sedimentary rocks", "rock_type": "undivided sedimentary rocks", "terrane": "Overlap", "terrane_name": "Stikinia", "era": "Mesozoic", "lithium_ppm": 26.4, "cobalt_ppm": 34.5, "nickel_ppm": 202.4, "score_battery": 1.6097106779486796, "rank_battery": 330, "dist_to_fault_km": 13.63, "dist_to_terrane_boundary_km": 66.42, "grid_id": "113_84", "year": 1978 }, "geometry": { "type": "Point", "coordinates": [ -128.45154, 55.183152599999978 ] } },
{ "type": "Feature", "properties": { "sample_id": "ID103P787759", "latitude": 55.23032757, "longitude": -128.4881078, "rock_class": "sedimentary rocks", "rock_type": "siltstone", "terrane": "Overlap", "terrane_name": "Stikinia", "era": "Mesozoic", "lithium_ppm": 30.9, "cobalt_ppm": 20.4, "nickel_ppm": 168.0, "score_battery": 1.3968266445283217, "rank_battery": 757, "dist_to_fault_km": 12.55, "dist_to_terrane_boundary_km": 67.39, "grid_id": "113_84", "year": 1978 }, "geometry": { "type": "Point", "coordinates": [ -128.4881078, 55.230327569999972 ] } },
{ "type": "Feature", "properties": { "sample_id": "ID103P787763", "latitude": 55.2613321, "longitude": -128.3961608, "rock_class": "sedimentary rocks", "rock_type": "siltstone", "terrane": "Overlap", "terrane_name": "Stikinia", "era": "Mesozoic", "lithium_ppm": 35.0, "cobalt_ppm": 22.2, "nickel_ppm": 105.9, "score_battery": 1.4017325802658442, "rank_battery": 743, "dist_to_fault_km": 5.9, "dist_to_terrane_boundary_km": 74.16, "grid_id": "114_84", "year": 1978 }, "geometry": { "type": "Point", "coordinates": [ -128.3961608, 55.261332099999983 ] } },
{ "type": "Feature", "properties": { "sample_id": "ID103P787765", "latitude": 55.26171657, "longitude": -128.4198527, "rock_class": "sedimentary rocks", "rock_type": "siltstone", "terrane": "Overlap", "terrane_name": "Stikinia", "era": "Mesozoic", "lithium_ppm": 31.9, "cobalt_ppm": 23.1, "nickel_ppm": 112.4, "score_battery": 1.3741207421982939, "rank_battery": 812, "dist_to_fault_km": 7.36, "dist_to_terrane_boundary_km": 72.93, "grid_id": "114_84", "year": 1978 }, "geometry": { "type": "Point", "coordinates": [ -128.4198527, 55.26171657 ] } },
{ "type": "Feature", "properties": { "sample_id": "ID103P787766", "latitude": 55.2551128, "longitude": -128.4471983, "rock_class": "sedimentary rocks", "rock_type": "siltstone", "terrane": "Overlap", "terrane_name": "Stikinia", "era": "Mesozoic", "lithium_ppm": 36.8, "cobalt_ppm": 23.7, "nickel_ppm": 99.6, "score_battery": 1.4534291816147513, "rank_battery": 611, "dist_to_fault_km": 9.21, "dist_to_terrane_boundary_km": 71.08, "grid_id": "114_84", "year": 1978 }, "geometry": { "type": "Point", "coordinates": [ -128.4471983, 55.2551128 ] } },
{ "type": "Feature", "properties": { "sample_id": "ID103P787767", "latitude": 55.2551128, "longitude": -128.4471983, "rock_class": "sedimentary rocks", "rock_type": "siltstone", "terrane": "Overlap", "terrane_name": "Stikinia", "era": "Mesozoic", "lithium_ppm": 39.6, "cobalt_ppm": 23.4, "nickel_ppm": 98.3, "score_battery": 1.4941328324178977, "rank_battery": 533, "dist_to_fault_km": 9.21, "dist_to_terrane_boundary_km": 71.08, "grid_id": "114_84", "year": 1978 }, "geometry": { "type": "Point", "coordinates": [ -128.4471983, 55.2551128 ] } },
{ "type": "Feature", "properties": { "sample_id": "ID103P787772", "latitude": 55.24582336, "longitude": -128.5222455, "rock_class": "sedimentary rocks", "rock_type": "sandstone", "terrane": "Overlap", "terrane_name": "Stikinia", "era": "Mesozoic", "lithium_ppm": 28.4, "cobalt_ppm": 28.5, "nickel_ppm": 170.7, "score_battery": 1.5148116986714273, "rank_battery": 483, "dist_to_fault_km": 14.08, "dist_to_terrane_boundary_km": 66.54, "grid_id": "114_84", "year": 1978 }, "geometry": { "type": "Point", "coordinates": [ -128.5222455, 55.24582336000001 ] } },
{ "type": "Feature", "properties": { "sample_id": "ID103P787773", "latitude": 55.209786, "longitude": -128.5355006, "rock_class": "sedimentary rocks", "rock_type": "siltstone", "terrane": "Overlap", "terrane_name": "Stikinia", "era": "Mesozoic", "lithium_ppm": 29.3, "cobalt_ppm": 25.5, "nickel_ppm": 159.4, "score_battery": 1.4604211507870652, "rank_battery": 593, "dist_to_fault_km": 16.24, "dist_to_terrane_boundary_km": 63.62, "grid_id": "113_83", "year": 1978 }, "geometry": { "type": "Point", "coordinates": [ -128.5355006, 55.209786 ] } },
{ "type": "Feature", "properties": { "sample_id": "ID103P787776", "latitude": 55.25538056, "longitude": -128.7544269, "rock_class": "sedimentary rocks", "rock_type": "sandstone", "terrane": "Overlap", "terrane_name": "Stikinia", "era": "Mesozoic", "lithium_ppm": 31.9, "cobalt_ppm": 20.9, "nickel_ppm": 134.6, "score_battery": 1.3714044687433073, "rank_battery": 818, "dist_to_fault_km": 24.81, "dist_to_terrane_boundary_km": 54.88, "grid_id": "114_82", "year": 1978 }, "geometry": { "type": "Point", "coordinates": [ -128.7544269, 55.255380559999985 ] } },
{ "type": "Feature", "properties": { "sample_id": "ID103P787777", "latitude": 55.23942177, "longitude": -128.7291741, "rock_class": "sedimentary rocks", "rock_type": "sandstone", "terrane": "Overlap", "terrane_name": "Stikinia", "era": "Mesozoic", "lithium_ppm": 27.8, "cobalt_ppm": 22.8, "nickel_ppm": 174.3, "score_battery": 1.3909689988639191, "rank_battery": 771, "dist_to_fault_km": 22.79, "dist_to_terrane_boundary_km": 55.22, "grid_id": "114_82", "year": 1978 }, "geometry": { "type": "Point", "coordinates": [ -128.7291741, 55.239421769999957 ] } },
{ "type": "Feature", "properties": { "sample_id": "ID103P787778", "latitude": 55.25772955, "longitude": -128.7186339, "rock_class": "sedimentary rocks", "rock_type": "sandstone", "terrane": "Overlap", "terrane_name": "Stikinia", "era": "Mesozoic", "lithium_ppm": 29.5, "cobalt_ppm": 21.8, "nickel_ppm": 143.0, "score_battery": 1.355427781361398, "rank_battery": 873, "dist_to_fault_km": 24.74, "dist_to_terrane_boundary_km": 56.91, "grid_id": "114_82", "year": 1978 }, "geometry": { "type": "Point", "coordinates": [ -128.718633899999986, 55.25772955 ] } },
{ "type": "Feature", "properties": { "sample_id": "ID103P787779", "latitude": 55.25293561, "longitude": -128.7167484, "rock_class": "sedimentary rocks", "rock_type": "sandstone", "terrane": "Overlap", "terrane_name": "Stikinia", "era": "Mesozoic", "lithium_ppm": 26.4, "cobalt_ppm": 23.0, "nickel_ppm": 177.7, "score_battery": 1.3652510876273709, "rank_battery": 832, "dist_to_fault_km": 24.19, "dist_to_terrane_boundary_km": 56.72, "grid_id": "114_82", "year": 1978 }, "geometry": { "type": "Point", "coordinates": [ -128.7167484, 55.252935609999973 ] } },
{ "type": "Feature", "properties": { "sample_id": "ID103P787782", "latitude": 55.27532617, "longitude": -128.6345326, "rock_class": "sedimentary rocks", "rock_type": "sandstone", "terrane": "Overlap", "terrane_name": "Stikinia", "era": "Mesozoic", "lithium_ppm": 30.9, "cobalt_ppm": 21.5, "nickel_ppm": 182.7, "score_battery": 1.4462466031661096, "rank_battery": 631, "dist_to_fault_km": 20.84, "dist_to_terrane_boundary_km": 62.44, "grid_id": "114_83", "year": 1978 }, "geometry": { "type": "Point", "coordinates": [ -128.6345326, 55.27532617 ] } },
{ "type": "Feature", "properties": { "sample_id": "ID103P787785", "latitude": 55.29391539, "longitude": -128.5964875, "rock_class": "sedimentary rocks", "rock_type": "sandstone", "terrane": "Overlap", "terrane_name": "Stikinia", "era": "Mesozoic", "lithium_ppm": 28.3, "cobalt_ppm": 23.6, "nickel_ppm": 179.4, "score_battery": 1.4286527431991025, "rank_battery": 668, "dist_to_fault_km": 18.56, "dist_to_terrane_boundary_km": 65.6, "grid_id": "114_83", "year": 1978 }, "geometry": { "type": "Point", "coordinates": [ -128.5964875, 55.293915389999988 ] } },
{ "type": "Feature", "properties": { "sample_id": "ID103P787787", "latitude": 55.32436248, "longitude": -128.491215, "rock_class": "sedimentary rocks", "rock_type": "sandstone", "terrane": "Overlap", "terrane_name": "Stikinia", "era": "Mesozoic", "lithium_ppm": 26.9, "cobalt_ppm": 23.7, "nickel_ppm": 171.8, "score_battery": 1.3843696509086838, "rank_battery": 793, "dist_to_fault_km": 13.03, "dist_to_terrane_boundary_km": 73.03, "grid_id": "115_84", "year": 1978 }, "geometry": { "type": "Point", "coordinates": [ -128.491215, 55.32436248 ] } },
{ "type": "Feature", "properties": { "sample_id": "ID103P787788", "latitude": 55.32748185, "longitude": -128.4958404, "rock_class": "sedimentary rocks", "rock_type": "sandstone", "terrane": "Overlap", "terrane_name": "Stikinia", "era": "Mesozoic", "lithium_ppm": 25.4, "cobalt_ppm": 24.9, "nickel_ppm": 153.1, "score_battery": 1.3394261836262737, "rank_battery": 924, "dist_to_fault_km": 13.44, "dist_to_terrane_boundary_km": 72.98, "grid_id": "115_84", "year": 1978 }, "geometry": { "type": "Point", "coordinates": [ -128.4958404, 55.32748185 ] } },
{ "type": "Feature", "properties": { "sample_id": "ID103P787797", "latitude": 55.3448763, "longitude": -128.3764728, "rock_class": "sedimentary rocks", "rock_type": "siltstone", "terrane": "Overlap", "terrane_name": "Stikinia", "era": "Mesozoic", "lithium_ppm": 24.6, "cobalt_ppm": 26.7, "nickel_ppm": 148.9, "score_battery": 1.3460050152557848, "rank_battery": 901, "dist_to_fault_km": 9.08, "dist_to_terrane_boundary_km": 80.35, "grid_id": "115_84", "year": 1978 }, "geometry": { "type": "Point", "coordinates": [ -128.376472799999988, 55.344876299999989 ] } },
{ "type": "Feature", "properties": { "sample_id": "ID103P787802", "latitude": 55.38440337, "longitude": -128.4331637, "rock_class": "sedimentary rocks", "rock_type": "sandstone", "terrane": "Overlap", "terrane_name": "Stikinia", "era": "Mesozoic", "lithium_ppm": 28.2, "cobalt_ppm": 22.7, "nickel_ppm": 155.7, "score_battery": 1.3681039835101716, "rank_battery": 826, "dist_to_fault_km": 14.72, "dist_to_terrane_boundary_km": 79.79, "grid_id": "115_84", "year": 1978 }, "geometry": { "type": "Point", "coordinates": [ -128.4331637, 55.38440337 ] } },
{ "type": "Feature", "properties": { "sample_id": "ID103P787803", "latitude": 55.38167346, "longitude": -128.4907637, "rock_class": "sedimentary rocks", "rock_type": "sandstone", "terrane": "Overlap", "terrane_name": "Stikinia", "era": "Mesozoic", "lithium_ppm": 25.7, "cobalt_ppm": 32.1, "nickel_ppm": 192.6, "score_battery": 1.5405022098076477, "rank_battery": 435, "dist_to_fault_km": 16.78, "dist_to_terrane_boundary_km": 76.59, "grid_id": "115_84", "year": 1978 }, "geometry": { "type": "Point", "coordinates": [ -128.4907637, 55.38167345999998 ] } },
{ "type": "Feature", "properties": { "sample_id": "ID103P787805", "latitude": 55.39675042, "longitude": -128.5238533, "rock_class": "sedimentary rocks", "rock_type": "sandstone", "terrane": "Overlap", "terrane_name": "Stikinia", "era": "Mesozoic", "lithium_ppm": 29.3, "cobalt_ppm": 23.8, "nickel_ppm": 183.7, "score_battery": 1.4632115689925187, "rank_battery": 588, "dist_to_fault_km": 19.45, "dist_to_terrane_boundary_km": 75.78, "grid_id": "115_84", "year": 1978 }, "geometry": { "type": "Point", "coordinates": [ -128.523853300000013, 55.39675042 ] } },
{ "type": "Feature", "properties": { "sample_id": "ID103P787807", "latitude": 55.40062086, "longitude": -128.5396289, "rock_class": "sedimentary rocks", "rock_type": "sandstone", "terrane": "Overlap", "terrane_name": "Stikinia", "era": "Mesozoic", "lithium_ppm": 26.7, "cobalt_ppm": 25.1, "nickel_ppm": 179.2, "score_battery": 1.4201119296487648, "rank_battery": 693, "dist_to_fault_km": 20.47, "dist_to_terrane_boundary_km": 75.19, "grid_id": "115_83", "year": 1978 }, "geometry": { "type": "Point", "coordinates": [ -128.5396289, 55.400620859999982 ] } },
{ "type": "Feature", "properties": { "sample_id": "ID103P787808", "latitude": 55.40662431, "longitude": -128.5142904, "rock_class": "sedimentary rocks", "rock_type": "sandstone", "terrane": "Overlap", "terrane_name": "Stikinia", "era": "Mesozoic", "lithium_ppm": 27.3, "cobalt_ppm": 21.4, "nickel_ppm": 173.5, "score_battery": 1.3448658651275451, "rank_battery": 905, "dist_to_fault_km": 19.83, "dist_to_terrane_boundary_km": 76.89, "grid_id": "115_84", "year": 1978 }, "geometry": { "type": "Point", "coordinates": [ -128.5142904, 55.40662431 ] } },
{ "type": "Feature", "properties": { "sample_id": "ID103P787813", "latitude": 55.40274394, "longitude": -128.4160043, "rock_class": "sedimentary rocks", "rock_type": "sandstone", "terrane": "Overlap", "terrane_name": "Stikinia", "era": "Mesozoic", "lithium_ppm": 28.0, "cobalt_ppm": 23.3, "nickel_ppm": 168.3, "score_battery": 1.3975611877453868, "rank_battery": 755, "dist_to_fault_km": 15.96, "dist_to_terrane_boundary_km": 81.83, "grid_id": "115_84", "year": 1978 }, "geometry": { "type": "Point", "coordinates": [ -128.4160043, 55.402743939999972 ] } },
{ "type": "Feature", "properties": { "sample_id": "ID103P787817", "latitude": 55.45089252, "longitude": -128.4738721, "rock_class": "sedimentary rocks", "rock_type": "sandstone", "terrane": "Overlap", "terrane_name": "Stikinia", "era": "Mesozoic", "lithium_ppm": 27.0, "cobalt_ppm": 23.0, "nickel_ppm": 183.8, "score_battery": 1.3897406011483489, "rank_battery": 777, "dist_to_fault_km": 19.92, "dist_to_terrane_boundary_km": 81.75, "grid_id": "116_84", "year": 1978 }, "geometry": { "type": "Point", "coordinates": [ -128.4738721, 55.45089252 ] } },
{ "type": "Feature", "properties": { "sample_id": "ID103P787818", "latitude": 55.43674636, "longitude": -128.460942, "rock_class": "sedimentary rocks", "rock_type": "sandstone", "terrane": "Overlap", "terrane_name": "Stikinia", "era": "Mesozoic", "lithium_ppm": 23.3, "cobalt_ppm": 29.0, "nickel_ppm": 188.1, "score_battery": 1.4146253081554647, "rank_battery": 715, "dist_to_fault_km": 19.59, "dist_to_terrane_boundary_km": 81.56, "grid_id": "116_84", "year": 1978 }, "geometry": { "type": "Point", "coordinates": [ -128.460942, 55.43674636 ] } },
{ "type": "Feature", "properties": { "sample_id": "ID103P787820", "latitude": 55.4332764, "longitude": -128.4289394, "rock_class": "sedimentary rocks", "rock_type": "sandstone", "terrane": "Overlap", "terrane_name": "Stikinia", "era": "Mesozoic", "lithium_ppm": 25.4, "cobalt_ppm": 26.6, "nickel_ppm": 179.0, "score_battery": 1.4155463912154278, "rank_battery": 712, "dist_to_fault_km": 17.83, "dist_to_terrane_boundary_km": 83.03, "grid_id": "116_84", "year": 1978 }, "geometry": { "type": "Point", "coordinates": [ -128.4289394, 55.4332764 ] } },
{ "type": "Feature", "properties": { "sample_id": "ID103P787823", "latitude": 55.41922783, "longitude": -128.3891412, "rock_class": "sedimentary rocks", "rock_type": "sandstone", "terrane": "Overlap", "terrane_name": "Stikinia", "era": "Mesozoic", "lithium_ppm": 26.5, "cobalt_ppm": 24.1, "nickel_ppm": 146.8, "score_battery": 1.3403300184304148, "rank_battery": 919, "dist_to_fault_km": 16.14, "dist_to_terrane_boundary_km": 84.26, "grid_id": "116_84", "year": 1978 }, "geometry": { "type": "Point", "coordinates": [ -128.389141200000012, 55.41922783 ] } },
{ "type": "Feature", "properties": { "sample_id": "ID103P787828", "latitude": 55.45806884, "longitude": -128.3791636, "rock_class": "sedimentary rocks", "rock_type": "sandstone", "terrane": "Overlap", "terrane_name": "Stikinia", "era": "Mesozoic", "lithium_ppm": 23.6, "cobalt_ppm": 25.0, "nickel_ppm": 179.2, "score_battery": 1.3337429842096746, "rank_battery": 946, "dist_to_fault_km": 13.94, "dist_to_terrane_boundary_km": 87.18, "grid_id": "116_84", "year": 1978 }, "geometry": { "type": "Point", "coordinates": [ -128.3791636, 55.458068839999989 ] } },
{ "type": "Feature", "properties": { "sample_id": "ID103P787829", "latitude": 55.44857354, "longitude": -128.377953, "rock_class": "sedimentary rocks", "rock_type": "sandstone", "terrane": "Overlap", "terrane_name": "Stikinia", "era": "Mesozoic", "lithium_ppm": 27.9, "cobalt_ppm": 41.4, "nickel_ppm": 212.2, "score_battery": 1.7553193305818999, "rank_battery": 174, "dist_to_fault_km": 14.22, "dist_to_terrane_boundary_km": 86.66, "grid_id": "116_84", "year": 1978 }, "geometry": { "type": "Point", "coordinates": [ -128.377953, 55.448573539999984 ] } },
{ "type": "Feature", "properties": { "sample_id": "ID103P787830", "latitude": 55.44963794, "longitude": -128.3561497, "rock_class": "sedimentary rocks", "rock_type": "sandstone", "terrane": "Overlap", "terrane_name": "Stikinia", "era": "Mesozoic", "lithium_ppm": 28.4, "cobalt_ppm": 24.3, "nickel_ppm": 171.8, "score_battery": 1.4344079649701507, "rank_battery": 654, "dist_to_fault_km": 12.89, "dist_to_terrane_boundary_km": 87.87, "grid_id": "116_85", "year": 1978 }, "geometry": { "type": "Point", "coordinates": [ -128.3561497, 55.44963794 ] } },
{ "type": "Feature", "properties": { "sample_id": "ID103P787834", "latitude": 55.42188694, "longitude": -128.3175928, "rock_class": "sedimentary rocks", "rock_type": "sandstone", "terrane": "Overlap", "terrane_name": "Stikinia", "era": "Mesozoic", "lithium_ppm": 27.9, "cobalt_ppm": 29.1, "nickel_ppm": 145.7, "score_battery": 1.4707279037625787, "rank_battery": 572, "dist_to_fault_km": 12.13, "dist_to_terrane_boundary_km": 88.19, "grid_id": "116_85", "year": 1978 }, "geometry": { "type": "Point", "coordinates": [ -128.3175928, 55.42188694 ] } },
{ "type": "Feature", "properties": { "sample_id": "ID103P787835", "latitude": 55.50165011, "longitude": -128.4647734, "rock_class": "sedimentary rocks", "rock_type": "sandstone", "terrane": "Overlap", "terrane_name": "Stikinia", "era": "Mesozoic", "lithium_ppm": 18.6, "cobalt_ppm": 33.7, "nickel_ppm": 183.2, "score_battery": 1.332639649105116, "rank_battery": 952, "dist_to_fault_km": 18.76, "dist_to_terrane_boundary_km": 85.36, "grid_id": "116_84", "year": 1978 }, "geometry": { "type": "Point", "coordinates": [ -128.464773400000013, 55.50165011 ] } },
{ "type": "Feature", "properties": { "sample_id": "ID103P787837", "latitude": 55.51654027, "longitude": -128.4388203, "rock_class": "sedimentary rocks", "rock_type": "undivided sedimentary rocks", "terrane": "Overlap", "terrane_name": "Stikinia", "era": "Mesozoic", "lithium_ppm": 22.3, "cobalt_ppm": 28.4, "nickel_ppm": 193.9, "score_battery": 1.3821587744519508, "rank_battery": 795, "dist_to_fault_km": 17.28, "dist_to_terrane_boundary_km": 87.64, "grid_id": "117_84", "year": 1978 }, "geometry": { "type": "Point", "coordinates": [ -128.4388203, 55.51654027 ] } },
{ "type": "Feature", "properties": { "sample_id": "ID103P787838", "latitude": 55.52164362, "longitude": -128.4426282, "rock_class": "sedimentary rocks", "rock_type": "undivided sedimentary rocks", "terrane": "Overlap", "terrane_name": "Stikinia", "era": "Mesozoic", "lithium_ppm": 23.9, "cobalt_ppm": 24.8, "nickel_ppm": 177.0, "score_battery": 1.3348939383954013, "rank_battery": 941, "dist_to_fault_km": 17.61, "dist_to_terrane_boundary_km": 87.76, "grid_id": "117_84", "year": 1978 }, "geometry": { "type": "Point", "coordinates": [ -128.4426282, 55.521643619999985 ] } },
{ "type": "Feature", "properties": { "sample_id": "ID103P787840", "latitude": 55.52463357, "longitude": -128.4227222, "rock_class": "sedimentary rocks", "rock_type": "undivided sedimentary rocks", "terrane": "Overlap", "terrane_name": "Stikinia", "era": "Mesozoic", "lithium_ppm": 28.6, "cobalt_ppm": 33.4, "nickel_ppm": 169.1, "score_battery": 1.5992678709527914, "rank_battery": 345, "dist_to_fault_km": 16.44, "dist_to_terrane_boundary_km": 88.99, "grid_id": "117_84", "year": 1978 }, "geometry": { "type": "Point", "coordinates": [ -128.42272220000001, 55.52463356999997 ] } },
{ "type": "Feature", "properties": { "sample_id": "ID103P787842", "latitude": 55.51986935, "longitude": -128.4054489, "rock_class": "sedimentary rocks", "rock_type": "sandstone", "terrane": "Overlap", "terrane_name": "Stikinia", "era": "Mesozoic", "lithium_ppm": 28.6, "cobalt_ppm": 23.0, "nickel_ppm": 140.3, "score_battery": 1.3564480114037449, "rank_battery": 867, "dist_to_fault_km": 15.27, "dist_to_terrane_boundary_km": 89.6, "grid_id": "117_84", "year": 1978 }, "geometry": { "type": "Point", "coordinates": [ -128.40544890000001, 55.51986935 ] } },
{ "type": "Feature", "properties": { "sample_id": "ID103P787843", "latitude": 55.50630142, "longitude": -128.4074425, "rock_class": "sedimentary rocks", "rock_type": "sandstone", "terrane": "Overlap", "terrane_name": "Stikinia", "era": "Mesozoic", "lithium_ppm": 21.3, "cobalt_ppm": 31.9, "nickel_ppm": 179.9, "score_battery": 1.3909355854230196, "rank_battery": 772, "dist_to_fault_km": 15.18, "dist_to_terrane_boundary_km": 88.66, "grid_id": "117_84", "year": 1978 }, "geometry": { "type": "Point", "coordinates": [ -128.4074425, 55.506301419999978 ] } },
{ "type": "Feature", "properties": { "sample_id": "ID103P787845", "latitude": 55.48968545, "longitude": -128.3764508, "rock_class": "sedimentary rocks", "rock_type": "sandstone", "terrane": "Overlap", "terrane_name": "Stikinia", "era": "Mesozoic", "lithium_ppm": 24.7, "cobalt_ppm": 27.6, "nickel_ppm": 182.8, "score_battery": 1.4211533354348131, "rank_battery": 692, "dist_to_fault_km": 13.18, "dist_to_terrane_boundary_km": 89.27, "grid_id": "116_85", "year": 1978 }, "geometry": { "type": "Point", "coordinates": [ -128.376450799999986, 55.48968545000001 ] } },
{ "type": "Feature", "properties": { "sample_id": "ID103P787847", "latitude": 55.47654075, "longitude": -128.3508383, "rock_class": "sedimentary rocks", "rock_type": "sandstone", "terrane": "Overlap", "terrane_name": "Stikinia", "era": "Mesozoic", "lithium_ppm": 23.6, "cobalt_ppm": 31.0, "nickel_ppm": 187.0, "score_battery": 1.4562744798952025, "rank_battery": 607, "dist_to_fault_km": 11.73, "dist_to_terrane_boundary_km": 89.8, "grid_id": "116_85", "year": 1978 }, "geometry": { "type": "Point", "coordinates": [ -128.3508383, 55.47654075 ] } },
{ "type": "Feature", "properties": { "sample_id": "ID103P787848", "latitude": 55.47711345, "longitude": -128.3303719, "rock_class": "sedimentary rocks", "rock_type": "sandstone", "terrane": "Overlap", "terrane_name": "Stikinia", "era": "Mesozoic", "lithium_ppm": 32.6, "cobalt_ppm": 27.1, "nickel_ppm": 144.1, "score_battery": 1.5380332683180142, "rank_battery": 443, "dist_to_fault_km": 10.44, "dist_to_terrane_boundary_km": 90.92, "grid_id": "116_85", "year": 1978 }, "geometry": { "type": "Point", "coordinates": [ -128.330371899999989, 55.47711345 ] } },
{ "type": "Feature", "properties": { "sample_id": "ID103P787849", "latitude": 55.46310072, "longitude": -128.3055255, "rock_class": "sedimentary rocks", "rock_type": "sandstone", "terrane": "Overlap", "terrane_name": "Stikinia", "era": "Mesozoic", "lithium_ppm": 26.3, "cobalt_ppm": 24.0, "nickel_ppm": 141.3, "score_battery": 1.3227274428030864, "rank_battery": 989, "dist_to_fault_km": 9.37, "dist_to_terrane_boundary_km": 91.36, "grid_id": "116_85", "year": 1978 }, "geometry": { "type": "Point", "coordinates": [ -128.305525499999987, 55.46310072 ] } },
{ "type": "Feature", "properties": { "sample_id": "ID103P787850", "latitude": 55.45492824, "longitude": -128.3095432, "rock_class": "sedimentary rocks", "rock_type": "sandstone", "terrane": "Overlap", "terrane_name": "Stikinia", "era": "Mesozoic", "lithium_ppm": 26.7, "cobalt_ppm": 25.8, "nickel_ppm": 140.5, "score_battery": 1.36871370325845, "rank_battery": 824, "dist_to_fault_km": 9.92, "dist_to_terrane_boundary_km": 90.65, "grid_id": "116_85", "year": 1978 }, "geometry": { "type": "Point", "coordinates": [ -128.3095432, 55.454928239999987 ] } },
{ "type": "Feature", "properties": { "sample_id": "ID103P787854", "latitude": 55.37324953, "longitude": -128.2992576, "rock_class": "sedimentary rocks", "rock_type": "siltstone", "terrane": "Overlap", "terrane_name": "Stikinia", "era": "Mesozoic", "lithium_ppm": 26.2, "cobalt_ppm": 29.9, "nickel_ppm": 152.6, "score_battery": 1.454149349005931, "rank_battery": 609, "dist_to_fault_km": 11.05, "dist_to_terrane_boundary_km": 86.17, "grid_id": "115_85", "year": 1978 }, "geometry": { "type": "Point", "coordinates": [ -128.2992576, 55.37324953 ] } },
{ "type": "Feature", "properties": { "sample_id": "ID103P787856", "latitude": 55.35363091, "longitude": -128.3131681, "rock_class": "sedimentary rocks", "rock_type": "siltstone", "terrane": "Overlap", "terrane_name": "Stikinia", "era": "Mesozoic", "lithium_ppm": 25.3, "cobalt_ppm": 30.9, "nickel_ppm": 154.5, "score_battery": 1.4506114600226976, "rank_battery": 615, "dist_to_fault_km": 8.86, "dist_to_terrane_boundary_km": 84.23, "grid_id": "115_85", "year": 1978 }, "geometry": { "type": "Point", "coordinates": [ -128.313168100000013, 55.353630909999985 ] } },
{ "type": "Feature", "properties": { "sample_id": "ID103P787857", "latitude": 55.34922976, "longitude": -128.3055799, "rock_class": "sedimentary rocks", "rock_type": "siltstone", "terrane": "Overlap", "terrane_name": "Stikinia", "era": "Mesozoic", "lithium_ppm": 21.7, "cobalt_ppm": 29.6, "nickel_ppm": 157.4, "score_battery": 1.3287956295418479, "rank_battery": 964, "dist_to_fault_km": 8.36, "dist_to_terrane_boundary_km": 84.36, "grid_id": "115_85", "year": 1978 }, "geometry": { "type": "Point", "coordinates": [ -128.3055799, 55.34922976 ] } },
{ "type": "Feature", "properties": { "sample_id": "ID103P787859", "latitude": 55.31763688, "longitude": -128.2857415, "rock_class": "sedimentary rocks", "rock_type": "siltstone", "terrane": "Overlap", "terrane_name": "Stikinia", "era": "Mesozoic", "lithium_ppm": 27.7, "cobalt_ppm": 25.6, "nickel_ppm": 107.1, "score_battery": 1.3169006896975359, "rank_battery": 1003, "dist_to_fault_km": 4.98, "dist_to_terrane_boundary_km": 83.47, "grid_id": "114_85", "year": 1978 }, "geometry": { "type": "Point", "coordinates": [ -128.2857415, 55.31763688 ] } },
{ "type": "Feature", "properties": { "sample_id": "ID103P787860", "latitude": 55.31886728, "longitude": -128.2933464, "rock_class": "sedimentary rocks", "rock_type": "siltstone", "terrane": "Overlap", "terrane_name": "Stikinia", "era": "Mesozoic", "lithium_ppm": 25.9, "cobalt_ppm": 48.4, "nickel_ppm": 162.3, "score_battery": 1.7137915322655051, "rank_battery": 201, "dist_to_fault_km": 5.02, "dist_to_terrane_boundary_km": 83.14, "grid_id": "114_85", "year": 1978 }, "geometry": { "type": "Point", "coordinates": [ -128.2933464, 55.318867279999978 ] } },
{ "type": "Feature", "properties": { "sample_id": "ID103P787862", "latitude": 55.30320308, "longitude": -128.3616738, "rock_class": "sedimentary rocks", "rock_type": "siltstone", "terrane": "Overlap", "terrane_name": "Stikinia", "era": "Mesozoic", "lithium_ppm": 20.7, "cobalt_ppm": 30.4, "nickel_ppm": 188.2, "score_battery": 1.3587672012361347, "rank_battery": 855, "dist_to_fault_km": 4.82, "dist_to_terrane_boundary_km": 78.57, "grid_id": "114_85", "year": 1978 }, "geometry": { "type": "Point", "coordinates": [ -128.3616738, 55.303203079999982 ] } },
{ "type": "Feature", "properties": { "sample_id": "ID103P787865", "latitude": 55.29718221, "longitude": -128.3330589, "rock_class": "sedimentary rocks", "rock_type": "siltstone", "terrane": "Overlap", "terrane_name": "Stikinia", "era": "Mesozoic", "lithium_ppm": 26.7, "cobalt_ppm": 27.9, "nickel_ppm": 118.6, "score_battery": 1.3634668185743808, "rank_battery": 843, "dist_to_fault_km": 3.11, "dist_to_terrane_boundary_km": 79.71, "grid_id": "114_85", "year": 1978 }, "geometry": { "type": "Point", "coordinates": [ -128.3330589, 55.297182209999988 ] } },
{ "type": "Feature", "properties": { "sample_id": "ID103P787866", "latitude": 55.29718221, "longitude": -128.3330589, "rock_class": "sedimentary rocks", "rock_type": "siltstone", "terrane": "Overlap", "terrane_name": "Stikinia", "era": "Mesozoic", "lithium_ppm": 28.0, "cobalt_ppm": 29.2, "nickel_ppm": 120.0, "score_battery": 1.4227348512003966, "rank_battery": 688, "dist_to_fault_km": 3.11, "dist_to_terrane_boundary_km": 79.71, "grid_id": "114_85", "year": 1978 }, "geometry": { "type": "Point", "coordinates": [ -128.3330589, 55.297182209999988 ] } },
{ "type": "Feature", "properties": { "sample_id": "ID103P787867", "latitude": 55.30010123, "longitude": -128.3006576, "rock_class": "sedimentary rocks", "rock_type": "siltstone", "terrane": "Overlap", "terrane_name": "Stikinia", "era": "Mesozoic", "lithium_ppm": 18.7, "cobalt_ppm": 31.6, "nickel_ppm": 214.8, "score_battery": 1.3457989098841732, "rank_battery": 902, "dist_to_fault_km": 2.89, "dist_to_terrane_boundary_km": 81.6, "grid_id": "114_85", "year": 1978 }, "geometry": { "type": "Point", "coordinates": [ -128.3006576, 55.30010123 ] } },
{ "type": "Feature", "properties": { "sample_id": "ID103P787868", "latitude": 55.31088183, "longitude": -128.2985931, "rock_class": "sedimentary rocks", "rock_type": "siltstone", "terrane": "Overlap", "terrane_name": "Stikinia", "era": "Mesozoic", "lithium_ppm": 22.6, "cobalt_ppm": 35.9, "nickel_ppm": 182.5, "score_battery": 1.4964172995582579, "rank_battery": 530, "dist_to_fault_km": 4.1, "dist_to_terrane_boundary_km": 82.37, "grid_id": "114_85", "year": 1978 }, "geometry": { "type": "Point", "coordinates": [ -128.2985931, 55.31088183 ] } },
{ "type": "Feature", "properties": { "sample_id": "ID103P787871", "latitude": 55.30064391, "longitude": -128.2660272, "rock_class": "sedimentary rocks", "rock_type": "siltstone", "terrane": "Overlap", "terrane_name": "Stikinia", "era": "Mesozoic", "lithium_ppm": 26.9, "cobalt_ppm": 22.5, "nickel_ppm": 159.9, "score_battery": 1.3383898015194011, "rank_battery": 931, "dist_to_fault_km": 3.81, "dist_to_terrane_boundary_km": 83.46, "grid_id": "114_85", "year": 1978 }, "geometry": { "type": "Point", "coordinates": [ -128.2660272, 55.30064391 ] } },
{ "type": "Feature", "properties": { "sample_id": "ID103P787872", "latitude": 55.30217873, "longitude": -128.2378504, "rock_class": "sedimentary rocks", "rock_type": "siltstone", "terrane": "Overlap", "terrane_name": "Stikinia", "era": "Mesozoic", "lithium_ppm": 30.1, "cobalt_ppm": 35.4, "nickel_ppm": 190.1, "score_battery": 1.6961709873385478, "rank_battery": 222, "dist_to_fault_km": 5.23, "dist_to_terrane_boundary_km": 85.05, "grid_id": "114_85", "year": 1978 }, "geometry": { "type": "Point", "coordinates": [ -128.237850400000013, 55.302178729999987 ] } },
{ "type": "Feature", "properties": { "sample_id": "ID103P787873", "latitude": 55.21938952, "longitude": -128.3653111, "rock_class": "sedimentary rocks", "rock_type": "siltstone", "terrane": "Overlap", "terrane_name": "Stikinia", "era": "Mesozoic", "lithium_ppm": 41.6, "cobalt_ppm": 31.2, "nickel_ppm": 144.2, "score_battery": 1.7796569289088278, "rank_battery": 152, "dist_to_fault_km": 7.01, "dist_to_terrane_boundary_km": 73.21, "grid_id": "113_84", "year": 1978 }, "geometry": { "type": "Point", "coordinates": [ -128.365311100000014, 55.21938952 ] } },
{ "type": "Feature", "properties": { "sample_id": "ID103P787874", "latitude": 55.22213551, "longitude": -128.3663049, "rock_class": "sedimentary rocks", "rock_type": "siltstone", "terrane": "Overlap", "terrane_name": "Stikinia", "era": "Mesozoic", "lithium_ppm": 49.3, "cobalt_ppm": 26.2, "nickel_ppm": 87.5, "score_battery": 1.6732056439477172, "rank_battery": 248, "dist_to_fault_km": 6.8, "dist_to_terrane_boundary_km": 73.33, "grid_id": "113_84", "year": 1978 }, "geometry": { "type": "Point", "coordinates": [ -128.366304899999989, 55.22213551 ] } },
{ "type": "Feature", "properties": { "sample_id": "ID103P787875", "latitude": 55.23194247, "longitude": -128.3233329, "rock_class": "sedimentary rocks", "rock_type": "undivided sedimentary rocks", "terrane": "Overlap", "terrane_name": "Stikinia", "era": "Mesozoic", "lithium_ppm": 36.3, "cobalt_ppm": 29.4, "nickel_ppm": 133.0, "score_battery": 1.6327432253101413, "rank_battery": 294, "dist_to_fault_km": 4.56, "dist_to_terrane_boundary_km": 76.21, "grid_id": "113_85", "year": 1978 }, "geometry": { "type": "Point", "coordinates": [ -128.3233329, 55.23194247 ] } },
{ "type": "Feature", "properties": { "sample_id": "ID103P787876", "latitude": 55.2274871, "longitude": -128.3269145, "rock_class": "sedimentary rocks", "rock_type": "undivided sedimentary rocks", "terrane": "Overlap", "terrane_name": "Stikinia", "era": "Mesozoic", "lithium_ppm": 40.1, "cobalt_ppm": 23.4, "nickel_ppm": 106.6, "score_battery": 1.5245938580892171, "rank_battery": 464, "dist_to_fault_km": 5.1, "dist_to_terrane_boundary_km": 75.75, "grid_id": "113_85", "year": 1978 }, "geometry": { "type": "Point", "coordinates": [ -128.326914499999987, 55.227487099999969 ] } },
{ "type": "Feature", "properties": { "sample_id": "ID103P787879", "latitude": 55.2256755, "longitude": -128.2895124, "rock_class": "sedimentary rocks", "rock_type": "undivided sedimentary rocks", "terrane": "Overlap", "terrane_name": "Stikinia", "era": "Mesozoic", "lithium_ppm": 35.9, "cobalt_ppm": 22.2, "nickel_ppm": 114.5, "score_battery": 1.44025420846619, "rank_battery": 646, "dist_to_fault_km": 5.09, "dist_to_terrane_boundary_km": 77.62, "grid_id": "113_85", "year": 1978 }, "geometry": { "type": "Point", "coordinates": [ -128.2895124, 55.225675499999987 ] } },
{ "type": "Feature", "properties": { "sample_id": "ID103P787885", "latitude": 55.25956393, "longitude": -128.3148545, "rock_class": "sedimentary rocks", "rock_type": "siltstone", "terrane": "Overlap", "terrane_name": "Stikinia", "era": "Mesozoic", "lithium_ppm": 35.9, "cobalt_ppm": 21.7, "nickel_ppm": 79.4, "score_battery": 1.3303816243980469, "rank_battery": 961, "dist_to_fault_km": 1.5, "dist_to_terrane_boundary_km": 78.36, "grid_id": "114_85", "year": 1978 }, "geometry": { "type": "Point", "coordinates": [ -128.3148545, 55.25956393 ] } },
{ "type": "Feature", "properties": { "sample_id": "ID103P787888", "latitude": 55.25988564, "longitude": -128.2459455, "rock_class": "sedimentary rocks", "rock_type": "siltstone", "terrane": "Overlap", "terrane_name": "Stikinia", "era": "Mesozoic", "lithium_ppm": 31.7, "cobalt_ppm": 26.1, "nickel_ppm": 143.1, "score_battery": 1.4974914233952721, "rank_battery": 528, "dist_to_fault_km": 3.7, "dist_to_terrane_boundary_km": 82.02, "grid_id": "114_85", "year": 1978 }, "geometry": { "type": "Point", "coordinates": [ -128.2459455, 55.259885639999979 ] } },
{ "type": "Feature", "properties": { "sample_id": "ID103P787889", "latitude": 55.270251, "longitude": -128.2307655, "rock_class": "sedimentary rocks", "rock_type": "siltstone", "terrane": "Overlap", "terrane_name": "Stikinia", "era": "Mesozoic", "lithium_ppm": 29.8, "cobalt_ppm": 24.1, "nickel_ppm": 115.5, "score_battery": 1.356318062954974, "rank_battery": 868, "dist_to_fault_km": 4.45, "dist_to_terrane_boundary_km": 83.46, "grid_id": "114_85", "year": 1978 }, "geometry": { "type": "Point", "coordinates": [ -128.2307655, 55.270251 ] } },
{ "type": "Feature", "properties": { "sample_id": "ID103P787890", "latitude": 55.27761689, "longitude": -128.2865388, "rock_class": "sedimentary rocks", "rock_type": "siltstone", "terrane": "Overlap", "terrane_name": "Stikinia", "era": "Mesozoic", "lithium_ppm": 23.4, "cobalt_ppm": 37.1, "nickel_ppm": 199.7, "score_battery": 1.5615074013710566, "rank_battery": 403, "dist_to_fault_km": 1.15, "dist_to_terrane_boundary_km": 80.96, "grid_id": "114_85", "year": 1978 }, "geometry": { "type": "Point", "coordinates": [ -128.286538799999988, 55.27761689 ] } },
{ "type": "Feature", "properties": { "sample_id": "ID103P787891", "latitude": 55.28333665, "longitude": -128.232449, "rock_class": "sedimentary rocks", "rock_type": "siltstone", "terrane": "Overlap", "terrane_name": "Stikinia", "era": "Mesozoic", "lithium_ppm": 20.8, "cobalt_ppm": 29.3, "nickel_ppm": 187.1, "score_battery": 1.3413820073742744, "rank_battery": 917, "dist_to_fault_km": 4.56, "dist_to_terrane_boundary_km": 84.18, "grid_id": "114_85", "year": 1978 }, "geometry": { "type": "Point", "coordinates": [ -128.232449, 55.28333665 ] } },
{ "type": "Feature", "properties": { "sample_id": "ID103P787920", "latitude": 55.54494879, "longitude": -128.3660197, "rock_class": "sedimentary rocks", "rock_type": "sandstone", "terrane": "Overlap", "terrane_name": "Stikinia", "era": "Mesozoic", "lithium_ppm": 28.1, "cobalt_ppm": 26.5, "nickel_ppm": 138.3, "score_battery": 1.4132814041458703, "rank_battery": 718, "dist_to_fault_km": 13.73, "dist_to_terrane_boundary_km": 93.22, "grid_id": "117_85", "year": 1978 }, "geometry": { "type": "Point", "coordinates": [ -128.366019700000038, 55.544948789999957 ] } },
{ "type": "Feature", "properties": { "sample_id": "ID103P787942", "latitude": 55.17424466, "longitude": -128.3589003, "rock_class": "sedimentary rocks", "rock_type": "undivided sedimentary rocks", "terrane": "Overlap", "terrane_name": "Stikinia", "era": "Mesozoic", "lithium_ppm": 28.0, "cobalt_ppm": 30.5, "nickel_ppm": 214.0, "score_battery": 1.6011360038146929, "rank_battery": 342, "dist_to_fault_km": 9.72, "dist_to_terrane_boundary_km": 70.77, "grid_id": "113_85", "year": 1978 }, "geometry": { "type": "Point", "coordinates": [ -128.358900299999988, 55.17424466 ] } },
{ "type": "Feature", "properties": { "sample_id": "ID103P787978", "latitude": 55.41891388, "longitude": -129.4184825, "rock_class": "intrusive rocks", "rock_type": "quartz monzonite", "terrane": "Post Accretionary", "terrane_name": "Stikinia", "era": "Cenozoic", "lithium_ppm": 26.4, "cobalt_ppm": 29.0, "nickel_ppm": 115.2, "score_battery": 1.3678885332509045, "rank_battery": 827, "dist_to_fault_km": 0.11, "dist_to_terrane_boundary_km": 32.12, "grid_id": "116_78", "year": 1978 }, "geometry": { "type": "Point", "coordinates": [ -129.41848250000001, 55.41891388 ] } },
{ "type": "Feature", "properties": { "sample_id": "ID103P787980", "latitude": 55.42356929, "longitude": -129.3911034, "rock_class": "sedimentary rocks", "rock_type": "sandstone", "terrane": "Overlap", "terrane_name": "Stikinia", "era": "Mesozoic", "lithium_ppm": 29.7, "cobalt_ppm": 32.6, "nickel_ppm": 129.2, "score_battery": 1.5401269973139509, "rank_battery": 439, "dist_to_fault_km": 1.52, "dist_to_terrane_boundary_km": 33.71, "grid_id": "116_78", "year": 1978 }, "geometry": { "type": "Point", "coordinates": [ -129.3911034, 55.42356929000001 ] } },
{ "type": "Feature", "properties": { "sample_id": "ID103P787983", "latitude": 55.44288983, "longitude": -129.4232255, "rock_class": "sedimentary rocks", "rock_type": "sandstone", "terrane": "Overlap", "terrane_name": "Stikinia", "era": "Mesozoic", "lithium_ppm": 27.3, "cobalt_ppm": 75.4, "nickel_ppm": 101.8, "score_battery": 1.8575345597727433, "rank_battery": 105, "dist_to_fault_km": 2.35, "dist_to_terrane_boundary_km": 33.78, "grid_id": "116_78", "year": 1978 }, "geometry": { "type": "Point", "coordinates": [ -129.4232255, 55.44288983 ] } },
{ "type": "Feature", "properties": { "sample_id": "ID103P787984", "latitude": 55.44288983, "longitude": -129.4232255, "rock_class": "sedimentary rocks", "rock_type": "sandstone", "terrane": "Overlap", "terrane_name": "Stikinia", "era": "Mesozoic", "lithium_ppm": 23.1, "cobalt_ppm": 70.2, "nickel_ppm": 92.0, "score_battery": 1.6785458438015415, "rank_battery": 242, "dist_to_fault_km": 2.35, "dist_to_terrane_boundary_km": 33.78, "grid_id": "116_78", "year": 1978 }, "geometry": { "type": "Point", "coordinates": [ -129.4232255, 55.44288983 ] } },
{ "type": "Feature", "properties": { "sample_id": "ID103P787987", "latitude": 55.33059058, "longitude": -129.3273258, "rock_class": "sedimentary rocks", "rock_type": "sandstone", "terrane": "Overlap", "terrane_name": "Stikinia", "era": "Mesozoic", "lithium_ppm": 20.6, "cobalt_ppm": 30.4, "nickel_ppm": 245.9, "score_battery": 1.4276567175019381, "rank_battery": 673, "dist_to_fault_km": 4.8, "dist_to_terrane_boundary_km": 29.53, "grid_id": "115_78", "year": 1978 }, "geometry": { "type": "Point", "coordinates": [ -129.327325800000011, 55.330590579999978 ] } },
{ "type": "Feature", "properties": { "sample_id": "ID103P787997", "latitude": 55.37271326, "longitude": -129.1996713, "rock_class": "sedimentary rocks", "rock_type": "sandstone", "terrane": "Overlap", "terrane_name": "Stikinia", "era": "Mesozoic", "lithium_ppm": 35.4, "cobalt_ppm": 20.5, "nickel_ppm": 91.9, "score_battery": 1.3308262957527082, "rank_battery": 960, "dist_to_fault_km": 1.29, "dist_to_terrane_boundary_km": 38.82, "grid_id": "115_79", "year": 1978 }, "geometry": { "type": "Point", "coordinates": [ -129.1996713, 55.37271326 ] } },
{ "type": "Feature", "properties": { "sample_id": "ID104B871377", "latitude": 56.51594776, "longitude": -130.5560017, "rock_class": "sedimentary rocks", "rock_type": "conglomerate", "terrane": "Stikinia", "terrane_name": "Stikinia", "era": "Mesozoic", "lithium_ppm": null, "cobalt_ppm": 42.1, "nickel_ppm": 349.8, "score_battery": 1.4213514404857781, "rank_battery": 691, "dist_to_fault_km": 0.48, "dist_to_terrane_boundary_km": 6.89, "grid_id": "128_72", "year": 1987 }, "geometry": { "type": "Point", "coordinates": [ -130.5560017, 56.51594776 ] } },
{ "type": "Feature", "properties": { "sample_id": "ID104G111020", "latitude": 57.76898, "longitude": -131.12177, "rock_class": "sedimentary rocks", "rock_type": "undivided sedimentary rocks", "terrane": "Stikinia", "terrane_name": "Stikinia", "era": "Paleozoic", "lithium_ppm": 36.0, "cobalt_ppm": 33.4, "nickel_ppm": 67.3, "score_battery": 1.5103858021047696, "rank_battery": 492, "dist_to_fault_km": 7.6, "dist_to_terrane_boundary_km": 70.97, "grid_id": "143_69", "year": 2011 }, "geometry": { "type": "Point", "coordinates": [ -131.12177, 57.76898 ] } },
{ "type": "Feature", "properties": { "sample_id": "ID104G111042", "latitude": 57.78533, "longitude": -131.1558, "rock_class": "sedimentary rocks", "rock_type": "undivided sedimentary rocks", "terrane": "Stikinia", "terrane_name": "Stikinia", "era": "Paleozoic", "lithium_ppm": 44.7, "cobalt_ppm": 32.6, "nickel_ppm": 66.5, "score_battery": 1.6446327365237647, "rank_battery": 273, "dist_to_fault_km": 8.17, "dist_to_terrane_boundary_km": 68.93, "grid_id": "143_69", "year": 2011 }, "geometry": { "type": "Point", "coordinates": [ -131.1558, 57.78533 ] } },
{ "type": "Feature", "properties": { "sample_id": "ID104G111089", "latitude": 57.53062, "longitude": -131.4807, "rock_class": "intrusive rocks", "rock_type": "granodioritic intrusive rocks", "terrane": "Post Accretionary", "terrane_name": "Stikinia", "era": "Mesozoic", "lithium_ppm": 18.5, "cobalt_ppm": 47.1, "nickel_ppm": 517.3, "score_battery": 1.7841352700510809, "rank_battery": 149, "dist_to_fault_km": 2.2, "dist_to_terrane_boundary_km": 50.58, "grid_id": "140_67", "year": 2011 }, "geometry": { "type": "Point", "coordinates": [ -131.4807, 57.53062 ] } },
{ "type": "Feature", "properties": { "sample_id": "ID104G111093", "latitude": 57.52723, "longitude": -131.69967, "rock_class": "intrusive rocks", "rock_type": "granite, alkali feldspar granite intrusive rocks", "terrane": "Post Accretionary", "terrane_name": "Stikinia", "era": "Cenozoic", "lithium_ppm": 36.0, "cobalt_ppm": 35.5, "nickel_ppm": 76.6, "score_battery": 1.5766874904958883, "rank_battery": 380, "dist_to_fault_km": 5.3, "dist_to_terrane_boundary_km": 37.57, "grid_id": "140_65", "year": 2011 }, "geometry": { "type": "Point", "coordinates": [ -131.69967, 57.52723 ] } },
{ "type": "Feature", "properties": { "sample_id": "ID104G111098", "latitude": 57.66122, "longitude": -131.76277, "rock_class": "volcanic rocks", "rock_type": "undivided volcanic rocks", "terrane": "Stikinia", "terrane_name": "Stikinia", "era": "Mesozoic", "lithium_ppm": 16.9, "cobalt_ppm": 33.5, "nickel_ppm": 222.1, "score_battery": 1.3170427465209702, "rank_battery": 1001, "dist_to_fault_km": 1.05, "dist_to_terrane_boundary_km": 33.85, "grid_id": "142_65", "year": 2011 }, "geometry": { "type": "Point", "coordinates": [ -131.76277, 57.66122 ] } },
{ "type": "Feature", "properties": { "sample_id": "ID104G111142", "latitude": 57.63976, "longitude": -131.80587, "rock_class": "volcanic rocks", "rock_type": "undivided volcanic rocks", "terrane": "Stikinia", "terrane_name": "Stikinia", "era": "Mesozoic", "lithium_ppm": 16.2, "cobalt_ppm": 46.4, "nickel_ppm": 366.3, "score_battery": 1.593762114120211, "rank_battery": 351, "dist_to_fault_km": 0.29, "dist_to_terrane_boundary_km": 31.39, "grid_id": "141_65", "year": 2011 }, "geometry": { "type": "Point", "coordinates": [ -131.80587, 57.63976 ] } },
{ "type": "Feature", "properties": { "sample_id": "ID104G111199", "latitude": 57.99096, "longitude": -131.40244, "rock_class": "sedimentary rocks", "rock_type": "marine sedimentary and volcanic rocks", "terrane": "Stikinia", "terrane_name": "Stikinia", "era": "Mesozoic", "lithium_ppm": 28.7, "cobalt_ppm": 27.7, "nickel_ppm": 104.9, "score_battery": 1.3762933332463123, "rank_battery": 805, "dist_to_fault_km": 13.71, "dist_to_terrane_boundary_km": 59.21, "grid_id": "145_68", "year": 2011 }, "geometry": { "type": "Point", "coordinates": [ -131.40244, 57.99096 ] } },
{ "type": "Feature", "properties": { "sample_id": "ID104G871043", "latitude": 57.64596, "longitude": -131.70311, "rock_class": "volcanic rocks", "rock_type": "undivided volcanic rocks", "terrane": "Stikinia", "terrane_name": "Stikinia", "era": "Mesozoic", "lithium_ppm": 13.6, "cobalt_ppm": 44.6, "nickel_ppm": 442.0, "score_battery": 1.5074387551141784, "rank_battery": 503, "dist_to_fault_km": 0.02, "dist_to_terrane_boundary_km": 37.46, "grid_id": "142_66", "year": 1987 }, "geometry": { "type": "Point", "coordinates": [ -131.70311, 57.64596 ] } },
{ "type": "Feature", "properties": { "sample_id": "ID104G871060", "latitude": 57.26378, "longitude": -130.892, "rock_class": "intrusive rocks", "rock_type": "quartz monzonitic intrusive rocks", "terrane": "Post Accretionary", "terrane_name": "Stikinia", "era": "Mesozoic", "lithium_ppm": 14.6, "cobalt_ppm": 49.9, "nickel_ppm": 595.3, "score_battery": 1.6938802984087351, "rank_battery": 226, "dist_to_fault_km": 0.7, "dist_to_terrane_boundary_km": 70.3, "grid_id": "137_70", "year": 1987 }, "geometry": { "type": "Point", "coordinates": [ -130.892, 57.26378 ] } },
{ "type": "Feature", "properties": { "sample_id": "ID104G871062", "latitude": 57.2594, "longitude": -130.89053, "rock_class": "intrusive rocks", "rock_type": "quartz monzonitic intrusive rocks", "terrane": "Post Accretionary", "terrane_name": "Stikinia", "era": "Mesozoic", "lithium_ppm": 17.2, "cobalt_ppm": 36.4, "nickel_ppm": 467.6, "score_battery": 1.57323223441363, "rank_battery": 386, "dist_to_fault_km": 0.4, "dist_to_terrane_boundary_km": 70.25, "grid_id": "137_70", "year": 1987 }, "geometry": { "type": "Point", "coordinates": [ -130.89053, 57.2594 ] } },
{ "type": "Feature", "properties": { "sample_id": "ID104G871066", "latitude": 57.29024, "longitude": -130.91352, "rock_class": "intrusive rocks", "rock_type": "quartz monzonitic intrusive rocks", "terrane": "Post Accretionary", "terrane_name": "Stikinia", "era": "Mesozoic", "lithium_ppm": 16.4, "cobalt_ppm": 57.0, "nickel_ppm": 561.6, "score_battery": 1.8255156010237266, "rank_battery": 122, "dist_to_fault_km": 0.57, "dist_to_terrane_boundary_km": 69.96, "grid_id": "137_70", "year": 1987 }, "geometry": { "type": "Point", "coordinates": [ -130.91352, 57.29024 ] } },
{ "type": "Feature", "properties": { "sample_id": "ID104G871080", "latitude": 57.34129, "longitude": -130.84329, "rock_class": "volcanic rocks", "rock_type": "basaltic volcanic rocks", "terrane": "Stikinia", "terrane_name": "Stikinia", "era": "Paleozoic", "lithium_ppm": null, "cobalt_ppm": 40.0, "nickel_ppm": 262.5, "score_battery": 1.3170491754630791, "rank_battery": 1000, "dist_to_fault_km": 0.12, "dist_to_terrane_boundary_km": 75.91, "grid_id": "138_70", "year": 1987 }, "geometry": { "type": "Point", "coordinates": [ -130.84329, 57.34129 ] } },
{ "type": "Feature", "properties": { "sample_id": "ID104G873109", "latitude": 57.46657, "longitude": -131.03173, "rock_class": "intrusive rocks", "rock_type": "tonalite intrusive rocks", "terrane": "Post Accretionary", "terrane_name": "Stikinia", "era": "Mesozoic", "lithium_ppm": 21.0, "cobalt_ppm": 51.8, "nickel_ppm": 132.6, "score_battery": 1.5521069524026465, "rank_battery": 418, "dist_to_fault_km": 4.35, "dist_to_terrane_boundary_km": 72.73, "grid_id": "139_69", "year": 1987 }, "geometry": { "type": "Point", "coordinates": [ -131.03173, 57.46657 ] } },
{ "type": "Feature", "properties": { "sample_id": "ID104G873377", "latitude": 57.20154, "longitude": -131.33526, "rock_class": "sedimentary rocks", "rock_type": "limestone, marble, calcareous sedimentary rocks", "terrane": "Stikinia", "terrane_name": "Stikinia", "era": "Paleozoic", "lithium_ppm": 16.0, "cobalt_ppm": 39.7, "nickel_ppm": 492.0, "score_battery": 1.5837589582608835, "rank_battery": 367, "dist_to_fault_km": 0.43, "dist_to_terrane_boundary_km": 42.71, "grid_id": "136_67", "year": 1987 }, "geometry": { "type": "Point", "coordinates": [ -131.33526, 57.20154 ] } },
{ "type": "Feature", "properties": { "sample_id": "ID104H111380", "latitude": 57.96209, "longitude": -129.95084, "rock_class": "volcanic rocks", "rock_type": "meta-basalt", "terrane": "Stikinia", "terrane_name": "Stikinia", "era": "Mesozoic", "lithium_ppm": 34.3, "cobalt_ppm": 41.4, "nickel_ppm": 312.2, "score_battery": 2.0017135776244035, "rank_battery": 56, "dist_to_fault_km": 1.8, "dist_to_terrane_boundary_km": 46.9, "grid_id": "144_76", "year": 2011 }, "geometry": { "type": "Point", "coordinates": [ -129.95084, 57.96209 ] } },
{ "type": "Feature", "properties": { "sample_id": "ID104I111484", "latitude": 58.56794, "longitude": -129.68267, "rock_class": "sedimentary rocks", "rock_type": "chert, siliceous argillite, siliciclastic rocks", "terrane": "Cache Creek", "terrane_name": "Cache Creek", "era": "Paleozoic to Mesozoic", "lithium_ppm": 26.3, "cobalt_ppm": 23.5, "nickel_ppm": 151.7, "score_battery": 1.331048735904649, "rank_battery": 958, "dist_to_fault_km": 0.27, "dist_to_terrane_boundary_km": 9.71, "grid_id": "151_78", "year": 2011 }, "geometry": { "type": "Point", "coordinates": [ -129.68267, 58.56794 ] } },
{ "type": "Feature", "properties": { "sample_id": "ID104I951269", "latitude": 58.93973, "longitude": -128.87356, "rock_class": "metamorphic rocks", "rock_type": "mylonitic metamorphic rocks", "terrane": "Yukon-Tanana", "terrane_name": "Yukon-Tanana", "era": "Precambrian to Paleozoic", "lithium_ppm": 13.7, "cobalt_ppm": 34.3, "nickel_ppm": 425.4, "score_battery": 1.3650148792504948, "rank_battery": 835, "dist_to_fault_km": 0.73, "dist_to_terrane_boundary_km": 8.0, "grid_id": "155_83", "year": 1995 }, "geometry": { "type": "Point", "coordinates": [ -128.87356, 58.93973 ] } },
{ "type": "Feature", "properties": { "sample_id": "ID104I951392", "latitude": 58.52985, "longitude": -129.39888, "rock_class": "ultramafic rocks", "rock_type": "ultramafic rocks", "terrane": "Cache Creek", "terrane_name": "Cache Creek", "era": "Paleozoic", "lithium_ppm": 9.1, "cobalt_ppm": 65.6, "nickel_ppm": 1544.2, "score_battery": 1.7869777991856928, "rank_battery": 146, "dist_to_fault_km": 1.65, "dist_to_terrane_boundary_km": 5.82, "grid_id": "150_80", "year": 1995 }, "geometry": { "type": "Point", "coordinates": [ -129.39888, 58.52985 ] } },
{ "type": "Feature", "properties": { "sample_id": "ID104I951409", "latitude": 58.46476, "longitude": -129.4113, "rock_class": "sedimentary rocks", "rock_type": "argillite, greywacke, wacke, conglomerate turbidites", "terrane": "Overlap", "terrane_name": "Cache Creek", "era": "Mesozoic", "lithium_ppm": 7.4, "cobalt_ppm": 45.3, "nickel_ppm": 1080.7, "score_battery": 1.364925982367035, "rank_battery": 837, "dist_to_fault_km": 0.24, "dist_to_terrane_boundary_km": 12.77, "grid_id": "150_80", "year": 1995 }, "geometry": { "type": "Point", "coordinates": [ -129.4113, 58.46476 ] } },
{ "type": "Feature", "properties": { "sample_id": "ID104I951471", "latitude": 58.31253, "longitude": -129.63347, "rock_class": "volcanic rocks", "rock_type": "mafic lava", "terrane": "Stikinia", "terrane_name": "Stikinia", "era": "Mesozoic", "lithium_ppm": 17.0, "cobalt_ppm": 121.1, "nickel_ppm": 25.3, "score_battery": 1.4171991021325676, "rank_battery": 702, "dist_to_fault_km": 5.93, "dist_to_terrane_boundary_km": 4.07, "grid_id": "148_78", "year": 1995 }, "geometry": { "type": "Point", "coordinates": [ -129.63347, 58.31253 ] } },
{ "type": "Feature", "properties": { "sample_id": "ID104I953094", "latitude": 58.24499, "longitude": -128.68492, "rock_class": "intrusive rocks", "rock_type": "gabbroic to dioritic intrusive rocks", "terrane": "Cache Creek", "terrane_name": "Cache Creek", "era": "Paleozoic", "lithium_ppm": 13.7, "cobalt_ppm": 34.6, "nickel_ppm": 421.3, "score_battery": 1.3669208799526535, "rank_battery": 830, "dist_to_fault_km": 0.11, "dist_to_terrane_boundary_km": 9.49, "grid_id": "147_84", "year": 1995 }, "geometry": { "type": "Point", "coordinates": [ -128.68492, 58.24499 ] } },
{ "type": "Feature", "properties": { "sample_id": "ID104I953099", "latitude": 58.236, "longitude": -128.70826, "rock_class": "metamorphic rocks", "rock_type": "serpentinite ultramafic rocks", "terrane": "Cache Creek", "terrane_name": "Cache Creek", "era": "Paleozoic to Mesozoic", "lithium_ppm": 9.7, "cobalt_ppm": 44.4, "nickel_ppm": 800.7, "score_battery": 1.4451363717480334, "rank_battery": 634, "dist_to_fault_km": 0.16, "dist_to_terrane_boundary_km": 8.22, "grid_id": "147_84", "year": 1995 }, "geometry": { "type": "Point", "coordinates": [ -128.70826, 58.236 ] } },
{ "type": "Feature", "properties": { "sample_id": "ID104I953148", "latitude": 58.27923, "longitude": -128.9475, "rock_class": "sedimentary rocks", "rock_type": "argillite, greywacke, wacke, conglomerate turbidites", "terrane": "Overlap", "terrane_name": "Cache Creek", "era": "Mesozoic", "lithium_ppm": 20.4, "cobalt_ppm": 30.2, "nickel_ppm": 276.7, "score_battery": 1.4495053276180574, "rank_battery": 617, "dist_to_fault_km": 0.87, "dist_to_terrane_boundary_km": 8.88, "grid_id": "148_82", "year": 1995 }, "geometry": { "type": "Point", "coordinates": [ -128.9475, 58.27923 ] } },
{ "type": "Feature", "properties": { "sample_id": "ID104I953154", "latitude": 58.21582, "longitude": -128.83483, "rock_class": "volcanic rocks", "rock_type": "basaltic volcanic rocks", "terrane": "Cache Creek", "terrane_name": "Cache Creek", "era": "Paleozoic to Mesozoic", "lithium_ppm": 10.9, "cobalt_ppm": 39.1, "nickel_ppm": 610.2, "score_battery": 1.3807014411046465, "rank_battery": 799, "dist_to_fault_km": 0.92, "dist_to_terrane_boundary_km": 6.37, "grid_id": "147_83", "year": 1995 }, "geometry": { "type": "Point", "coordinates": [ -128.83483, 58.21582 ] } },
{ "type": "Feature", "properties": { "sample_id": "ID104I953190", "latitude": 58.30998, "longitude": -128.60925, "rock_class": "ultramafic rocks", "rock_type": "ultramafic rocks", "terrane": "Cache Creek", "terrane_name": "Cache Creek", "era": "Paleozoic", "lithium_ppm": 10.6, "cobalt_ppm": 37.0, "nickel_ppm": 569.8, "score_battery": 1.3152543503154996, "rank_battery": 1007, "dist_to_fault_km": 0.07, "dist_to_terrane_boundary_km": 4.78, "grid_id": "148_84", "year": 1995 }, "geometry": { "type": "Point", "coordinates": [ -128.60925, 58.30998 ] } },
{ "type": "Feature", "properties": { "sample_id": "ID104I953191", "latitude": 58.28289, "longitude": -128.62065, "rock_class": "intrusive rocks", "rock_type": "gabbroic to dioritic intrusive rocks", "terrane": "Cache Creek", "terrane_name": "Cache Creek", "era": "Paleozoic", "lithium_ppm": 8.5, "cobalt_ppm": 65.9, "nickel_ppm": 1099.8, "score_battery": 1.6539261716771918, "rank_battery": 262, "dist_to_fault_km": 0.96, "dist_to_terrane_boundary_km": 7.71, "grid_id": "148_84", "year": 1995 }, "geometry": { "type": "Point", "coordinates": [ -128.62065, 58.28289 ] } },
{ "type": "Feature", "properties": { "sample_id": "ID104I953193", "latitude": 58.31903, "longitude": -128.74663, "rock_class": "sedimentary rocks", "rock_type": "chert, siliceous argillite, siliciclastic rocks", "terrane": "Cache Creek", "terrane_name": "Cache Creek", "era": "Paleozoic to Mesozoic", "lithium_ppm": 12.2, "cobalt_ppm": 34.7, "nickel_ppm": 458.5, "score_battery": 1.3148489603685181, "rank_battery": 1010, "dist_to_fault_km": 0.23, "dist_to_terrane_boundary_km": 7.14, "grid_id": "148_83", "year": 1995 }, "geometry": { "type": "Point", "coordinates": [ -128.74663, 58.31903 ] } },
{ "type": "Feature", "properties": { "sample_id": "ID104I953195", "latitude": 58.28078, "longitude": -128.63223, "rock_class": "ultramafic rocks", "rock_type": "ultramafic rocks", "terrane": "Cache Creek", "terrane_name": "Cache Creek", "era": "Paleozoic", "lithium_ppm": 8.7, "cobalt_ppm": 60.7, "nickel_ppm": 1040.5, "score_battery": 1.6104406596257037, "rank_battery": 328, "dist_to_fault_km": 0.43, "dist_to_terrane_boundary_km": 8.26, "grid_id": "148_84", "year": 1995 }, "geometry": { "type": "Point", "coordinates": [ -128.63223, 58.28078 ] } },
{ "type": "Feature", "properties": { "sample_id": "ID104I953199", "latitude": 58.26876, "longitude": -128.38613, "rock_class": "sedimentary rocks", "rock_type": "chert, siliceous argillite, siliciclastic rocks", "terrane": "Cache Creek", "terrane_name": "Cache Creek", "era": "Paleozoic to Mesozoic", "lithium_ppm": 14.7, "cobalt_ppm": 39.8, "nickel_ppm": 855.0, "score_battery": 1.6781589194731161, "rank_battery": 243, "dist_to_fault_km": 0.33, "dist_to_terrane_boundary_km": 0.15, "grid_id": "147_86", "year": 1995 }, "geometry": { "type": "Point", "coordinates": [ -128.38613, 58.26876 ] } },
{ "type": "Feature", "properties": { "sample_id": "ID104I953205", "latitude": 58.28513, "longitude": -128.4113, "rock_class": "ultramafic rocks", "rock_type": "ultramafic rocks", "terrane": "Cache Creek", "terrane_name": "Quesnellia", "era": "Paleozoic", "lithium_ppm": 10.5, "cobalt_ppm": 43.2, "nickel_ppm": 821.0, "score_battery": 1.4888140776445018, "rank_battery": 544, "dist_to_fault_km": 0.04, "dist_to_terrane_boundary_km": 0.09, "grid_id": "148_85", "year": 1995 }, "geometry": { "type": "Point", "coordinates": [ -128.4113, 58.28513 ] } },
{ "type": "Feature", "properties": { "sample_id": "ID104I953298", "latitude": 58.35788, "longitude": -128.8109, "rock_class": "sedimentary rocks", "rock_type": "chert, siliceous argillite, siliciclastic rocks", "terrane": "Cache Creek", "terrane_name": "Cache Creek", "era": "Paleozoic to Mesozoic", "lithium_ppm": 10.9, "cobalt_ppm": 40.5, "nickel_ppm": 680.2, "score_battery": 1.4284535037139143, "rank_battery": 669, "dist_to_fault_km": 0.03, "dist_to_terrane_boundary_km": 3.39, "grid_id": "148_83", "year": 1995 }, "geometry": { "type": "Point", "coordinates": [ -128.8109, 58.35788 ] } },
{ "type": "Feature", "properties": { "sample_id": "ID104I953299", "latitude": 58.32906, "longitude": -128.85891, "rock_class": "sedimentary rocks", "rock_type": "chert, siliceous argillite, siliciclastic rocks", "terrane": "Cache Creek", "terrane_name": "Cache Creek", "era": "Paleozoic to Mesozoic", "lithium_ppm": 8.4, "cobalt_ppm": 50.4, "nickel_ppm": 874.3, "score_battery": 1.4433088912460872, "rank_battery": 639, "dist_to_fault_km": 0.19, "dist_to_terrane_boundary_km": 7.44, "grid_id": "148_83", "year": 1995 }, "geometry": { "type": "Point", "coordinates": [ -128.85891, 58.32906 ] } },
{ "type": "Feature", "properties": { "sample_id": "ID104I953305", "latitude": 58.34678, "longitude": -128.90652, "rock_class": "sedimentary rocks", "rock_type": "chert, siliceous argillite, siliciclastic rocks", "terrane": "Cache Creek", "terrane_name": "Cache Creek", "era": "Paleozoic to Mesozoic", "lithium_ppm": 11.9, "cobalt_ppm": 41.7, "nickel_ppm": 648.5, "score_battery": 1.4880996974402112, "rank_battery": 545, "dist_to_fault_km": 0.07, "dist_to_terrane_boundary_km": 6.69, "grid_id": "148_82", "year": 1995 }, "geometry": { "type": "Point", "coordinates": [ -128.90652, 58.34678 ] } },
{ "type": "Feature", "properties": { "sample_id": "ID104I953310", "latitude": 58.47673, "longitude": -128.83185, "rock_class": "ultramafic rocks", "rock_type": "ultramafic rocks", "terrane": "Quesnellia", "terrane_name": "Quesnellia", "era": "Mesozoic", "lithium_ppm": 12.9, "cobalt_ppm": 26.1, "nickel_ppm": 778.4, "score_battery": 1.347426709689165, "rank_battery": 895, "dist_to_fault_km": 0.51, "dist_to_terrane_boundary_km": 8.29, "grid_id": "150_83", "year": 1995 }, "geometry": { "type": "Point", "coordinates": [ -128.83185, 58.47673 ] } },
{ "type": "Feature", "properties": { "sample_id": "ID104I953366", "latitude": 58.38753, "longitude": -128.20013, "rock_class": "intrusive rocks", "rock_type": "granite, alkali feldspar granite intrusive rocks", "terrane": "Post Accretionary", "terrane_name": "Cassiar", "era": "Mesozoic", "lithium_ppm": 47.7, "cobalt_ppm": 30.0, "nickel_ppm": 61.0, "score_battery": 1.6236856251823064, "rank_battery": 307, "dist_to_fault_km": 9.62, "dist_to_terrane_boundary_km": 1.02, "grid_id": "149_87", "year": 1995 }, "geometry": { "type": "Point", "coordinates": [ -128.20013, 58.38753 ] } },
{ "type": "Feature", "properties": { "sample_id": "ID104I953384", "latitude": 58.41901, "longitude": -128.51422, "rock_class": "sedimentary rocks", "rock_type": "quartzite, quartz arenite sedimentary rocks", "terrane": "Quesnellia", "terrane_name": "Quesnellia", "era": "Paleozoic", "lithium_ppm": 21.0, "cobalt_ppm": 58.9, "nickel_ppm": 102.5, "score_battery": 1.5503626642852586, "rank_battery": 420, "dist_to_fault_km": 0.94, "dist_to_terrane_boundary_km": 5.07, "grid_id": "149_85", "year": 1995 }, "geometry": { "type": "Point", "coordinates": [ -128.51422, 58.41901 ] } },
{ "type": "Feature", "properties": { "sample_id": "ID104I953453", "latitude": 58.81194, "longitude": -128.05858, "rock_class": "sedimentary rocks", "rock_type": "undivided sedimentary rocks", "terrane": "Overlap", "terrane_name": "Cassiar", "era": "Mesozoic to Cenozoic", "lithium_ppm": 12.1, "cobalt_ppm": 41.4, "nickel_ppm": 685.4, "score_battery": 1.5102412199483481, "rank_battery": 494, "dist_to_fault_km": 0.78, "dist_to_terrane_boundary_km": 17.94, "grid_id": "153_88", "year": 1995 }, "geometry": { "type": "Point", "coordinates": [ -128.05858, 58.81194 ] } },
{ "type": "Feature", "properties": { "sample_id": "ID104I953483", "latitude": 58.85851, "longitude": -128.71588, "rock_class": "intrusive rocks", "rock_type": "granite, alkali feldspar granite intrusive rocks", "terrane": "Post Accretionary", "terrane_name": "Yukon-Tanana", "era": "Cenozoic", "lithium_ppm": 43.2, "cobalt_ppm": 36.2, "nickel_ppm": 260.4, "score_battery": 2.0424542994562769, "rank_battery": 49, "dist_to_fault_km": 1.16, "dist_to_terrane_boundary_km": 5.88, "grid_id": "154_84", "year": 1995 }, "geometry": { "type": "Point", "coordinates": [ -128.71588, 58.85851 ] } },
{ "type": "Feature", "properties": { "sample_id": "ID104I953484", "latitude": 58.85851, "longitude": -128.71588, "rock_class": "intrusive rocks", "rock_type": "granite, alkali feldspar granite intrusive rocks", "terrane": "Post Accretionary", "terrane_name": "Yukon-Tanana", "era": "Cenozoic", "lithium_ppm": 44.9, "cobalt_ppm": 36.3, "nickel_ppm": 269.7, "score_battery": 2.0801799544681394, "rank_battery": 42, "dist_to_fault_km": 1.16, "dist_to_terrane_boundary_km": 5.88, "grid_id": "154_84", "year": 1995 }, "geometry": { "type": "Point", "coordinates": [ -128.71588, 58.85851 ] } },
{ "type": "Feature", "properties": { "sample_id": "ID104I953487", "latitude": 58.87732, "longitude": -128.75011, "rock_class": "metamorphic rocks", "rock_type": "mylonitic metamorphic rocks", "terrane": "Yukon-Tanana", "terrane_name": "Yukon-Tanana", "era": "Precambrian to Paleozoic", "lithium_ppm": 30.8, "cobalt_ppm": 29.7, "nickel_ppm": 236.3, "score_battery": 1.6796155430451138, "rank_battery": 239, "dist_to_fault_km": 0.27, "dist_to_terrane_boundary_km": 6.01, "grid_id": "154_84", "year": 1995 }, "geometry": { "type": "Point", "coordinates": [ -128.75011, 58.87732 ] } },
{ "type": "Feature", "properties": { "sample_id": "ID104I953493", "latitude": 58.79259, "longitude": -128.79513, "rock_class": "metamorphic rocks", "rock_type": "mylonitic metamorphic rocks", "terrane": "Yukon-Tanana", "terrane_name": "Yukon-Tanana", "era": "Precambrian to Paleozoic", "lithium_ppm": 55.9, "cobalt_ppm": 27.0, "nickel_ppm": 42.0, "score_battery": 1.5805874245098488, "rank_battery": 374, "dist_to_fault_km": 1.45, "dist_to_terrane_boundary_km": 0.92, "grid_id": "153_83", "year": 1995 }, "geometry": { "type": "Point", "coordinates": [ -128.79513, 58.79259 ] } },
{ "type": "Feature", "properties": { "sample_id": "ID104I953495", "latitude": 58.81717, "longitude": -128.79471, "rock_class": "metamorphic rocks", "rock_type": "mylonitic metamorphic rocks", "terrane": "Yukon-Tanana", "terrane_name": "Yukon-Tanana", "era": "Precambrian to Paleozoic", "lithium_ppm": 33.1, "cobalt_ppm": 33.8, "nickel_ppm": 124.6, "score_battery": 1.6237586301664431, "rank_battery": 306, "dist_to_fault_km": 3.39, "dist_to_terrane_boundary_km": 3.38, "grid_id": "154_83", "year": 1995 }, "geometry": { "type": "Point", "coordinates": [ -128.79471, 58.81717 ] } },
{ "type": "Feature", "properties": { "sample_id": "ID104I953499", "latitude": 58.75813, "longitude": -128.90951, "rock_class": "intrusive rocks", "rock_type": "granite, alkali feldspar granite intrusive rocks", "terrane": "Post Accretionary", "terrane_name": "Cassiar", "era": "Mesozoic", "lithium_ppm": 50.3, "cobalt_ppm": 17.3, "nickel_ppm": 74.9, "score_battery": 1.433604464972202, "rank_battery": 655, "dist_to_fault_km": 3.92, "dist_to_terrane_boundary_km": 5.0, "grid_id": "153_83", "year": 1995 }, "geometry": { "type": "Point", "coordinates": [ -128.90951, 58.75813 ] } },
{ "type": "Feature", "properties": { "sample_id": "ID104I955014", "latitude": 58.54548, "longitude": -128.04976, "rock_class": "intrusive rocks", "rock_type": "granite, alkali feldspar granite intrusive rocks", "terrane": "Post Accretionary", "terrane_name": "Cassiar", "era": "Mesozoic", "lithium_ppm": 53.2, "cobalt_ppm": 30.4, "nickel_ppm": 53.3, "score_battery": 1.6706019185219811, "rank_battery": 252, "dist_to_fault_km": 16.37, "dist_to_terrane_boundary_km": 20.64, "grid_id": "150_88", "year": 1995 }, "geometry": { "type": "Point", "coordinates": [ -128.04976, 58.54548 ] } },
{ "type": "Feature", "properties": { "sample_id": "ID104I955024", "latitude": 58.63239, "longitude": -128.02804, "rock_class": "sedimentary rocks", "rock_type": "mudstone, siltstone, shale fine clastic sedimentary rocks", "terrane": "Cassiar", "terrane_name": "Cassiar", "era": "Proterozoic", "lithium_ppm": 61.9, "cobalt_ppm": 17.6, "nickel_ppm": 41.1, "score_battery": 1.4273221582554716, "rank_battery": 675, "dist_to_fault_km": 7.75, "dist_to_terrane_boundary_km": 21.66, "grid_id": "151_88", "year": 1995 }, "geometry": { "type": "Point", "coordinates": [ -128.02804, 58.63239 ] } },
{ "type": "Feature", "properties": { "sample_id": "ID104I955028", "latitude": 58.61027, "longitude": -128.15608, "rock_class": "sedimentary rocks", "rock_type": "mudstone, siltstone, shale fine clastic sedimentary rocks", "terrane": "Cassiar", "terrane_name": "Cassiar", "era": "Proterozoic", "lithium_ppm": 43.3, "cobalt_ppm": 36.7, "nickel_ppm": 91.0, "score_battery": 1.7680615517393119, "rank_battery": 161, "dist_to_fault_km": 7.94, "dist_to_terrane_boundary_km": 16.06, "grid_id": "151_87", "year": 1995 }, "geometry": { "type": "Point", "coordinates": [ -128.15608, 58.61027 ] } },
{ "type": "Feature", "properties": { "sample_id": "ID104I955029", "latitude": 58.62483, "longitude": -128.07261, "rock_class": "sedimentary rocks", "rock_type": "mudstone, siltstone, shale fine clastic sedimentary rocks", "terrane": "Cassiar", "terrane_name": "Cassiar", "era": "Proterozoic", "lithium_ppm": 79.0, "cobalt_ppm": 17.2, "nickel_ppm": 46.5, "score_battery": 1.6192576982695763, "rank_battery": 313, "dist_to_fault_km": 7.9, "dist_to_terrane_boundary_km": 19.55, "grid_id": "151_87", "year": 1995 }, "geometry": { "type": "Point", "coordinates": [ -128.07261, 58.62483 ] } },
{ "type": "Feature", "properties": { "sample_id": "ID104I955030", "latitude": 58.63187, "longitude": -128.09566, "rock_class": "intrusive rocks", "rock_type": "granite, alkali feldspar granite intrusive rocks", "terrane": "Post Accretionary", "terrane_name": "Cassiar", "era": "Mesozoic", "lithium_ppm": 32.2, "cobalt_ppm": 31.3, "nickel_ppm": 95.0, "score_battery": 1.4920195010574313, "rank_battery": 535, "dist_to_fault_km": 7.13, "dist_to_terrane_boundary_km": 18.01, "grid_id": "151_87", "year": 1995 }, "geometry": { "type": "Point", "coordinates": [ -128.09566, 58.63187 ] } },
{ "type": "Feature", "properties": { "sample_id": "ID104I955053", "latitude": 58.53455, "longitude": -128.20482, "rock_class": "sedimentary rocks", "rock_type": "mudstone, siltstone, shale fine clastic sedimentary rocks", "terrane": "Cassiar", "terrane_name": "Cassiar", "era": "Proterozoic", "lithium_ppm": 100.7, "cobalt_ppm": 21.7, "nickel_ppm": 70.0, "score_battery": 2.0168976755929195, "rank_battery": 53, "dist_to_fault_km": 10.2, "dist_to_terrane_boundary_km": 15.19, "grid_id": "150_87", "year": 1995 }, "geometry": { "type": "Point", "coordinates": [ -128.20482, 58.53455 ] } },
{ "type": "Feature", "properties": { "sample_id": "ID104I955055", "latitude": 58.60137, "longitude": -128.27641, "rock_class": "sedimentary rocks", "rock_type": "mudstone, siltstone, shale fine clastic sedimentary rocks", "terrane": "Cassiar", "terrane_name": "Cassiar", "era": "Proterozoic", "lithium_ppm": 37.4, "cobalt_ppm": 55.6, "nickel_ppm": 226.6, "score_battery": 2.1294291401075398, "rank_battery": 35, "dist_to_fault_km": 1.81, "dist_to_terrane_boundary_km": 11.87, "grid_id": "151_86", "year": 1995 }, "geometry": { "type": "Point", "coordinates": [ -128.27641, 58.60137 ] } },
{ "type": "Feature", "properties": { "sample_id": "ID104I955060", "latitude": 58.52238, "longitude": -128.19964, "rock_class": "sedimentary rocks", "rock_type": "mudstone, siltstone, shale fine clastic sedimentary rocks", "terrane": "Cassiar", "terrane_name": "Cassiar", "era": "Proterozoic", "lithium_ppm": 82.9, "cobalt_ppm": 36.1, "nickel_ppm": 87.6, "score_battery": 2.2029705048852342, "rank_battery": 21, "dist_to_fault_km": 11.51, "dist_to_terrane_boundary_km": 14.17, "grid_id": "150_87", "year": 1995 }, "geometry": { "type": "Point", "coordinates": [ -128.19964, 58.52238 ] } },
{ "type": "Feature", "properties": { "sample_id": "ID104I955068", "latitude": 58.51381, "longitude": -129.32688, "rock_class": "ultramafic rocks", "rock_type": "ultramafic rocks", "terrane": "Cache Creek", "terrane_name": "Cache Creek", "era": "Paleozoic", "lithium_ppm": 12.2, "cobalt_ppm": 49.6, "nickel_ppm": 976.9, "score_battery": 1.70616317484291, "rank_battery": 208, "dist_to_fault_km": 2.23, "dist_to_terrane_boundary_km": 5.77, "grid_id": "150_80", "year": 1995 }, "geometry": { "type": "Point", "coordinates": [ -129.32688, 58.51381 ] } },
{ "type": "Feature", "properties": { "sample_id": "ID104I955082", "latitude": 58.55774, "longitude": -128.16946, "rock_class": "sedimentary rocks", "rock_type": "mudstone, siltstone, shale fine clastic sedimentary rocks", "terrane": "Cassiar", "terrane_name": "Cassiar", "era": "Proterozoic", "lithium_ppm": 66.4, "cobalt_ppm": 19.8, "nickel_ppm": 48.9, "score_battery": 1.582281123929131, "rank_battery": 368, "dist_to_fault_km": 9.71, "dist_to_terrane_boundary_km": 18.46, "grid_id": "151_87", "year": 1995 }, "geometry": { "type": "Point", "coordinates": [ -128.16946, 58.55774 ] } },
{ "type": "Feature", "properties": { "sample_id": "ID104I955083", "latitude": 58.55774, "longitude": -128.16946, "rock_class": "sedimentary rocks", "rock_type": "mudstone, siltstone, shale fine clastic sedimentary rocks", "terrane": "Cassiar", "terrane_name": "Cassiar", "era": "Proterozoic", "lithium_ppm": 66.0, "cobalt_ppm": 20.6, "nickel_ppm": 53.2, "score_battery": 1.6206475302954901, "rank_battery": 312, "dist_to_fault_km": 9.71, "dist_to_terrane_boundary_km": 18.46, "grid_id": "151_87", "year": 1995 }, "geometry": { "type": "Point", "coordinates": [ -128.16946, 58.55774 ] } },
{ "type": "Feature", "properties": { "sample_id": "ID104I955113", "latitude": 58.96211, "longitude": -128.73099, "rock_class": "intrusive rocks", "rock_type": "diabase, basaltic intrusive rocks", "terrane": "Slide Mountain", "terrane_name": "Slide Mountain", "era": "Paleozoic", "lithium_ppm": 10.2, "cobalt_ppm": 74.8, "nickel_ppm": 1092.4, "score_battery": 1.8358410286946776, "rank_battery": 113, "dist_to_fault_km": 0.15, "dist_to_terrane_boundary_km": 0.31, "grid_id": "155_84", "year": 1995 }, "geometry": { "type": "Point", "coordinates": [ -128.73099, 58.96211 ] } },
{ "type": "Feature", "properties": { "sample_id": "ID104I955132", "latitude": 58.88994, "longitude": -128.63646, "rock_class": "sedimentary rocks", "rock_type": "chert, siliceous argillite, siliciclastic rocks", "terrane": "Quesnellia", "terrane_name": "Yukon-Tanana", "era": "Paleozoic", "lithium_ppm": 38.2, "cobalt_ppm": 54.5, "nickel_ppm": 947.7, "score_battery": 2.5206303935055074, "rank_battery": 10, "dist_to_fault_km": 0.47, "dist_to_terrane_boundary_km": 0.24, "grid_id": "154_84", "year": 1995 }, "geometry": { "type": "Point", "coordinates": [ -128.63646, 58.88994 ] } },
{ "type": "Feature", "properties": { "sample_id": "ID104I955135", "latitude": 58.87631, "longitude": -128.60203, "rock_class": "intrusive rocks", "rock_type": "diabase, basaltic intrusive rocks", "terrane": "Slide Mountain", "terrane_name": "Slide Mountain", "era": "Paleozoic", "lithium_ppm": 66.5, "cobalt_ppm": 9.6, "nickel_ppm": 71.6, "score_battery": 1.3244982597271711, "rank_battery": 979, "dist_to_fault_km": 0.03, "dist_to_terrane_boundary_km": 0.05, "grid_id": "154_84", "year": 1995 }, "geometry": { "type": "Point", "coordinates": [ -128.60203, 58.87631 ] } },
{ "type": "Feature", "properties": { "sample_id": "ID104I955136", "latitude": 58.84028, "longitude": -128.67348, "rock_class": "intrusive rocks", "rock_type": "granite, alkali feldspar granite intrusive rocks", "terrane": "Post Accretionary", "terrane_name": "Yukon-Tanana", "era": "Cenozoic", "lithium_ppm": 106.3, "cobalt_ppm": 27.1, "nickel_ppm": 634.6, "score_battery": 2.7634042208955112, "rank_battery": 3, "dist_to_fault_km": 2.76, "dist_to_terrane_boundary_km": 5.7, "grid_id": "154_84", "year": 1995 }, "geometry": { "type": "Point", "coordinates": [ -128.67348, 58.84028 ] } },
{ "type": "Feature", "properties": { "sample_id": "ID104I955138", "latitude": 58.79691, "longitude": -128.64551, "rock_class": "metamorphic rocks", "rock_type": "mylonitic metamorphic rocks", "terrane": "Yukon-Tanana", "terrane_name": "Yukon-Tanana", "era": "Precambrian to Paleozoic", "lithium_ppm": 37.1, "cobalt_ppm": 18.8, "nickel_ppm": 91.0, "score_battery": 1.3165632342293003, "rank_battery": 1004, "dist_to_fault_km": 5.59, "dist_to_terrane_boundary_km": 4.04, "grid_id": "153_84", "year": 1995 }, "geometry": { "type": "Point", "coordinates": [ -128.64551, 58.79691 ] } },
{ "type": "Feature", "properties": { "sample_id": "ID104I955140", "latitude": 58.75635, "longitude": -128.5248, "rock_class": "intrusive rocks", "rock_type": "diabase, basaltic intrusive rocks", "terrane": "Slide Mountain", "terrane_name": "Slide Mountain", "era": "Paleozoic", "lithium_ppm": 44.9, "cobalt_ppm": 65.8, "nickel_ppm": 560.7, "score_battery": 2.5897218927026264, "rank_battery": 9, "dist_to_fault_km": 3.67, "dist_to_terrane_boundary_km": 3.67, "grid_id": "153_85", "year": 1995 }, "geometry": { "type": "Point", "coordinates": [ -128.5248, 58.75635 ] } },
{ "type": "Feature", "properties": { "sample_id": "ID104I955185", "latitude": 58.40553, "longitude": -129.08227, "rock_class": "ultramafic rocks", "rock_type": "ultramafic rocks", "terrane": "Cache Creek", "terrane_name": "Cache Creek", "era": "Paleozoic", "lithium_ppm": 11.6, "cobalt_ppm": 39.3, "nickel_ppm": 736.7, "score_battery": 1.4749725031780154, "rank_battery": 562, "dist_to_fault_km": 0.23, "dist_to_terrane_boundary_km": 6.08, "grid_id": "149_81", "year": 1995 }, "geometry": { "type": "Point", "coordinates": [ -129.08227, 58.40553 ] } },
{ "type": "Feature", "properties": { "sample_id": "ID104I955196", "latitude": 58.72599, "longitude": -128.58308, "rock_class": "sedimentary rocks", "rock_type": "fine clastic sedimentary rocks", "terrane": "Cassiar", "terrane_name": "Cassiar", "era": "Paleozoic", "lithium_ppm": 24.5, "cobalt_ppm": 31.5, "nickel_ppm": 129.2, "score_battery": 1.390484805866455, "rank_battery": 775, "dist_to_fault_km": 1.05, "dist_to_terrane_boundary_km": 1.05, "grid_id": "152_85", "year": 1995 }, "geometry": { "type": "Point", "coordinates": [ -128.58308, 58.72599 ] } },
{ "type": "Feature", "properties": { "sample_id": "ID104I955226", "latitude": 58.49382, "longitude": -128.62299, "rock_class": "intrusive rocks", "rock_type": "granite, alkali feldspar granite intrusive rocks", "terrane": "Post Accretionary", "terrane_name": "Quesnellia", "era": "Mesozoic", "lithium_ppm": 33.8, "cobalt_ppm": 34.9, "nickel_ppm": 104.0, "score_battery": 1.6062646655935622, "rank_battery": 334, "dist_to_fault_km": 3.31, "dist_to_terrane_boundary_km": 1.72, "grid_id": "150_84", "year": 1995 }, "geometry": { "type": "Point", "coordinates": [ -128.62299, 58.49382 ] } },
{ "type": "Feature", "properties": { "sample_id": "ID104I955307", "latitude": 58.4841, "longitude": -129.25548, "rock_class": "sedimentary rocks", "rock_type": "chert, siliceous argillite, siliciclastic rocks", "terrane": "Cache Creek", "terrane_name": "Cache Creek", "era": "Paleozoic to Mesozoic", "lithium_ppm": 9.6, "cobalt_ppm": 44.1, "nickel_ppm": 1162.3, "score_battery": 1.5358595125212604, "rank_battery": 446, "dist_to_fault_km": 0.03, "dist_to_terrane_boundary_km": 5.79, "grid_id": "150_81", "year": 1995 }, "geometry": { "type": "Point", "coordinates": [ -129.25548, 58.4841 ] } },
{ "type": "Feature", "properties": { "sample_id": "ID104I955310", "latitude": 58.48666, "longitude": -129.26953, "rock_class": "ultramafic rocks", "rock_type": "ultramafic rocks", "terrane": "Cache Creek", "terrane_name": "Cache Creek", "era": "Paleozoic", "lithium_ppm": 10.0, "cobalt_ppm": 53.5, "nickel_ppm": 1388.5, "score_battery": 1.7115950159894464, "rank_battery": 203, "dist_to_fault_km": 0.46, "dist_to_terrane_boundary_km": 6.18, "grid_id": "150_80", "year": 1995 }, "geometry": { "type": "Point", "coordinates": [ -129.26953, 58.48666 ] } },
{ "type": "Feature", "properties": { "sample_id": "ID104I955330", "latitude": 58.35769, "longitude": -128.97647, "rock_class": "ultramafic rocks", "rock_type": "ultramafic rocks", "terrane": "Cache Creek", "terrane_name": "Cache Creek", "era": "Paleozoic", "lithium_ppm": 24.0, "cobalt_ppm": 37.9, "nickel_ppm": 594.0, "score_battery": 1.8845360823689505, "rank_battery": 92, "dist_to_fault_km": 0.51, "dist_to_terrane_boundary_km": 7.44, "grid_id": "148_82", "year": 1995 }, "geometry": { "type": "Point", "coordinates": [ -128.97647, 58.35769 ] } },
{ "type": "Feature", "properties": { "sample_id": "ID104I955336", "latitude": 58.3457, "longitude": -129.12337, "rock_class": "ultramafic rocks", "rock_type": "ultramafic rocks", "terrane": "Cache Creek", "terrane_name": "Cache Creek", "era": "Paleozoic", "lithium_ppm": 33.5, "cobalt_ppm": 42.8, "nickel_ppm": 742.0, "score_battery": 2.2370237316531107, "rank_battery": 18, "dist_to_fault_km": 0.07, "dist_to_terrane_boundary_km": 9.72, "grid_id": "148_81", "year": 1995 }, "geometry": { "type": "Point", "coordinates": [ -129.12337, 58.3457 ] } },
{ "type": "Feature", "properties": { "sample_id": "ID104I955340", "latitude": 58.34993, "longitude": -129.12106, "rock_class": "ultramafic rocks", "rock_type": "ultramafic rocks", "terrane": "Cache Creek", "terrane_name": "Cache Creek", "era": "Paleozoic", "lithium_ppm": 13.0, "cobalt_ppm": 46.4, "nickel_ppm": 708.4, "score_battery": 1.6259954874523963, "rank_battery": 303, "dist_to_fault_km": 0.51, "dist_to_terrane_boundary_km": 10.2, "grid_id": "148_81", "year": 1995 }, "geometry": { "type": "Point", "coordinates": [ -129.12106, 58.34993 ] } },
{ "type": "Feature", "properties": { "sample_id": "ID104J001310", "latitude": 58.87579, "longitude": -131.94786, "rock_class": "volcanic rocks", "rock_type": "basaltic volcanic rocks", "terrane": "Cache Creek", "terrane_name": "Cache Creek", "era": "Paleozoic", "lithium_ppm": null, "cobalt_ppm": 44.8, "nickel_ppm": 488.2, "score_battery": 1.5440134565404895, "rank_battery": 429, "dist_to_fault_km": 3.73, "dist_to_terrane_boundary_km": 8.52, "grid_id": "155_65", "year": 2000 }, "geometry": { "type": "Point", "coordinates": [ -131.94786, 58.87579 ] } },
{ "type": "Feature", "properties": { "sample_id": "ID104J001311", "latitude": 58.91997, "longitude": -131.95015, "rock_class": "volcanic rocks", "rock_type": "basaltic volcanic rocks", "terrane": "Cache Creek", "terrane_name": "Cache Creek", "era": "Paleozoic", "lithium_ppm": null, "cobalt_ppm": 52.8, "nickel_ppm": 570.1, "score_battery": 1.6720780416426473, "rank_battery": 250, "dist_to_fault_km": 7.26, "dist_to_terrane_boundary_km": 12.93, "grid_id": "156_65", "year": 2000 }, "geometry": { "type": "Point", "coordinates": [ -131.95015, 58.91997 ] } },
{ "type": "Feature", "properties": { "sample_id": "ID104J001365", "latitude": 58.85433, "longitude": -131.95054, "rock_class": "volcanic rocks", "rock_type": "basaltic volcanic rocks", "terrane": "Cache Creek", "terrane_name": "Cache Creek", "era": "Paleozoic", "lithium_ppm": null, "cobalt_ppm": 69.0, "nickel_ppm": 1098.0, "score_battery": 1.9903287247572952, "rank_battery": 57, "dist_to_fault_km": 1.49, "dist_to_terrane_boundary_km": 6.46, "grid_id": "155_65", "year": 2000 }, "geometry": { "type": "Point", "coordinates": [ -131.95054, 58.85433 ] } },
{ "type": "Feature", "properties": { "sample_id": "ID104J001368", "latitude": 58.83027, "longitude": -131.94056, "rock_class": "sedimentary rocks", "rock_type": "limestone, marble, calcareous sedimentary rocks", "terrane": "Cache Creek", "terrane_name": "Cache Creek", "era": "Paleozoic", "lithium_ppm": null, "cobalt_ppm": 85.5, "nickel_ppm": 1428.6, "score_battery": 2.1748226551574721, "rank_battery": 27, "dist_to_fault_km": 0.21, "dist_to_terrane_boundary_km": 4.96, "grid_id": "155_65", "year": 2000 }, "geometry": { "type": "Point", "coordinates": [ -131.94056, 58.83027 ] } },
{ "type": "Feature", "properties": { "sample_id": "ID104J001389", "latitude": 58.8033, "longitude": -131.94925, "rock_class": "ultramafic rocks", "rock_type": "ultramafic rocks", "terrane": "Cache Creek", "terrane_name": "Cache Creek", "era": "Paleozoic", "lithium_ppm": null, "cobalt_ppm": 53.1, "nickel_ppm": 798.1, "score_battery": 1.7661326061304679, "rank_battery": 162, "dist_to_fault_km": 1.18, "dist_to_terrane_boundary_km": 2.5, "grid_id": "154_65", "year": 2000 }, "geometry": { "type": "Point", "coordinates": [ -131.94925, 58.8033 ] } },
{ "type": "Feature", "properties": { "sample_id": "ID104J001391", "latitude": 58.84677, "longitude": -131.93818, "rock_class": "volcanic rocks", "rock_type": "basaltic volcanic rocks", "terrane": "Cache Creek", "terrane_name": "Cache Creek", "era": "Paleozoic", "lithium_ppm": null, "cobalt_ppm": 38.3, "nickel_ppm": 504.6, "score_battery": 1.4711002596437341, "rank_battery": 571, "dist_to_fault_km": 0.93, "dist_to_terrane_boundary_km": 6.34, "grid_id": "155_65", "year": 2000 }, "geometry": { "type": "Point", "coordinates": [ -131.93818, 58.84677 ] } },
{ "type": "Feature", "properties": { "sample_id": "ID104J001394", "latitude": 58.82727, "longitude": -131.73979, "rock_class": "sedimentary rocks", "rock_type": "chert, siliceous argillite, siliciclastic rocks", "terrane": "Cache Creek", "terrane_name": "Cache Creek", "era": "Paleozoic to Mesozoic", "lithium_ppm": null, "cobalt_ppm": 44.0, "nickel_ppm": 464.1, "score_battery": 1.5208921536380546, "rank_battery": 470, "dist_to_fault_km": 4.88, "dist_to_terrane_boundary_km": 13.57, "grid_id": "155_66", "year": 2000 }, "geometry": { "type": "Point", "coordinates": [ -131.73979, 58.82727 ] } },
{ "type": "Feature", "properties": { "sample_id": "ID104J001445", "latitude": 58.73012, "longitude": -131.56912, "rock_class": "sedimentary rocks", "rock_type": "chert, siliceous argillite, siliciclastic rocks", "terrane": "Cache Creek", "terrane_name": "Cache Creek", "era": "Paleozoic to Mesozoic", "lithium_ppm": null, "cobalt_ppm": 64.2, "nickel_ppm": 694.6, "score_battery": 1.8283270359006045, "rank_battery": 119, "dist_to_fault_km": 2.84, "dist_to_terrane_boundary_km": 12.81, "grid_id": "153_67", "year": 2000 }, "geometry": { "type": "Point", "coordinates": [ -131.56912, 58.73012 ] } },
{ "type": "Feature", "properties": { "sample_id": "ID104J003018", "latitude": 58.9491, "longitude": -131.13783, "rock_class": "sedimentary rocks", "rock_type": "chert, siliceous argillite, siliciclastic rocks", "terrane": "Cache Creek", "terrane_name": "Cache Creek", "era": "Paleozoic to Mesozoic", "lithium_ppm": null, "cobalt_ppm": 53.0, "nickel_ppm": 157.5, "score_battery": 1.3265165010937663, "rank_battery": 969, "dist_to_fault_km": 9.93, "dist_to_terrane_boundary_km": 19.64, "grid_id": "156_70", "year": 2000 }, "geometry": { "type": "Point", "coordinates": [ -131.13783, 58.9491 ] } },
{ "type": "Feature", "properties": { "sample_id": "ID104J003020", "latitude": 58.92547, "longitude": -131.25298, "rock_class": "sedimentary rocks", "rock_type": "chert, siliceous argillite, siliciclastic rocks", "terrane": "Cache Creek", "terrane_name": "Cache Creek", "era": "Paleozoic to Mesozoic", "lithium_ppm": null, "cobalt_ppm": 50.8, "nickel_ppm": 188.6, "score_battery": 1.3528501832736941, "rank_battery": 881, "dist_to_fault_km": 8.44, "dist_to_terrane_boundary_km": 24.83, "grid_id": "156_69", "year": 2000 }, "geometry": { "type": "Point", "coordinates": [ -131.25298, 58.92547 ] } },
{ "type": "Feature", "properties": { "sample_id": "ID104J003225", "latitude": 58.2327, "longitude": -131.76082, "rock_class": "sedimentary rocks", "rock_type": "marine sedimentary and volcanic rocks", "terrane": "Stikinia", "terrane_name": "Stikinia", "era": "Mesozoic", "lithium_ppm": null, "cobalt_ppm": 103.0, "nickel_ppm": 89.2, "score_battery": 1.5241707992802329, "rank_battery": 465, "dist_to_fault_km": 0.02, "dist_to_terrane_boundary_km": 43.71, "grid_id": "148_66", "year": 2000 }, "geometry": { "type": "Point", "coordinates": [ -131.76082, 58.2327 ] } },
{ "type": "Feature", "properties": { "sample_id": "ID104J003432", "latitude": 58.15218, "longitude": -130.40644, "rock_class": "sedimentary rocks", "rock_type": "undivided sedimentary rocks", "terrane": "Stikinia", "terrane_name": "Stikinia", "era": "Mesozoic", "lithium_ppm": null, "cobalt_ppm": 58.6, "nickel_ppm": 256.3, "score_battery": 1.5106470394967833, "rank_battery": 490, "dist_to_fault_km": 0.37, "dist_to_terrane_boundary_km": 31.79, "grid_id": "147_74", "year": 2000 }, "geometry": { "type": "Point", "coordinates": [ -130.40644, 58.15218 ] } },
{ "type": "Feature", "properties": { "sample_id": "ID104K871064", "latitude": 58.10448, "longitude": -132.81244, "rock_class": "metamorphic rocks", "rock_type": "greenstone, greenschist metamorphic rocks", "terrane": "Yukon-Tanana", "terrane_name": "Coast plutonic complex", "era": "Paleozoic", "lithium_ppm": 36.7, "cobalt_ppm": 28.1, "nickel_ppm": 149.1, "score_battery": 1.6477123255915971, "rank_battery": 268, "dist_to_fault_km": 4.83, "dist_to_terrane_boundary_km": 3.36, "grid_id": "147_59", "year": 1987 }, "geometry": { "type": "Point", "coordinates": [ -132.81244, 58.10448 ] } },
{ "type": "Feature", "properties": { "sample_id": "ID104K871077", "latitude": 58.18341, "longitude": -132.66348, "rock_class": "sedimentary rocks", "rock_type": "coarse clastic sedimentary rocks", "terrane": "Stikinia", "terrane_name": "Stikinia", "era": "Paleozoic", "lithium_ppm": 40.5, "cobalt_ppm": 28.2, "nickel_ppm": 136.9, "score_battery": 1.694785152432563, "rank_battery": 224, "dist_to_fault_km": 1.46, "dist_to_terrane_boundary_km": 7.33, "grid_id": "148_60", "year": 1987 }, "geometry": { "type": "Point", "coordinates": [ -132.66348, 58.18341 ] } },
{ "type": "Feature", "properties": { "sample_id": "ID104K871108", "latitude": 58.47604, "longitude": -132.68063, "rock_class": "volcanic rocks", "rock_type": "undivided volcanic rocks", "terrane": "Stikinia", "terrane_name": "Stikinia", "era": "Mesozoic", "lithium_ppm": 13.1, "cobalt_ppm": 56.5, "nickel_ppm": 518.6, "score_battery": 1.6499308749511492, "rank_battery": 265, "dist_to_fault_km": 2.09, "dist_to_terrane_boundary_km": 26.01, "grid_id": "151_61", "year": 1987 }, "geometry": { "type": "Point", "coordinates": [ -132.68063, 58.47604 ] } },
{ "type": "Feature", "properties": { "sample_id": "ID104K871125", "latitude": 58.42483, "longitude": -132.64019, "rock_class": "volcanic rocks", "rock_type": "undivided volcanic rocks", "terrane": "Stikinia", "terrane_name": "Stikinia", "era": "Mesozoic", "lithium_ppm": 42.4, "cobalt_ppm": 35.9, "nickel_ppm": 107.6, "score_battery": 1.7869867817102918, "rank_battery": 145, "dist_to_fault_km": 7.75, "dist_to_terrane_boundary_km": 22.1, "grid_id": "151_61", "year": 1987 }, "geometry": { "type": "Point", "coordinates": [ -132.64019, 58.42483 ] } },
{ "type": "Feature", "properties": { "sample_id": "ID104K871126", "latitude": 58.41157, "longitude": -132.69655, "rock_class": "volcanic rocks", "rock_type": "undivided volcanic rocks", "terrane": "Stikinia", "terrane_name": "Stikinia", "era": "Mesozoic", "lithium_ppm": 45.5, "cobalt_ppm": 37.6, "nickel_ppm": 109.9, "score_battery": 1.865769598435931, "rank_battery": 100, "dist_to_fault_km": 7.39, "dist_to_terrane_boundary_km": 19.14, "grid_id": "151_60", "year": 1987 }, "geometry": { "type": "Point", "coordinates": [ -132.69655, 58.41157 ] } },
{ "type": "Feature", "properties": { "sample_id": "ID104K871296", "latitude": 58.89133, "longitude": -132.21759, "rock_class": "volcanic rocks", "rock_type": "basaltic volcanic rocks", "terrane": "Cache Creek", "terrane_name": "Cache Creek", "era": "Paleozoic", "lithium_ppm": 7.2, "cobalt_ppm": 67.8, "nickel_ppm": 859.5, "score_battery": 1.4975847220973819, "rank_battery": 527, "dist_to_fault_km": 0.19, "dist_to_terrane_boundary_km": 5.02, "grid_id": "156_64", "year": 1987 }, "geometry": { "type": "Point", "coordinates": [ -132.21759, 58.89133 ] } },
{ "type": "Feature", "properties": { "sample_id": "ID104K871297", "latitude": 58.89643, "longitude": -132.22367, "rock_class": "volcanic rocks", "rock_type": "basaltic volcanic rocks", "terrane": "Cache Creek", "terrane_name": "Cache Creek", "era": "Paleozoic", "lithium_ppm": 10.6, "cobalt_ppm": 44.8, "nickel_ppm": 546.7, "score_battery": 1.4038963958759609, "rank_battery": 739, "dist_to_fault_km": 0.71, "dist_to_terrane_boundary_km": 5.37, "grid_id": "156_64", "year": 1987 }, "geometry": { "type": "Point", "coordinates": [ -132.22367, 58.89643 ] } },
{ "type": "Feature", "properties": { "sample_id": "ID104K871302", "latitude": 58.92541, "longitude": -132.33054, "rock_class": "sedimentary rocks", "rock_type": "chert, siliceous argillite, siliciclastic rocks", "terrane": "Cache Creek", "terrane_name": "Cache Creek", "era": "Paleozoic to Mesozoic", "lithium_ppm": 7.3, "cobalt_ppm": 52.3, "nickel_ppm": 922.8, "score_battery": 1.3889288410433824, "rank_battery": 780, "dist_to_fault_km": 0.83, "dist_to_terrane_boundary_km": 5.53, "grid_id": "156_63", "year": 1987 }, "geometry": { "type": "Point", "coordinates": [ -132.33054, 58.92541 ] } },
{ "type": "Feature", "properties": { "sample_id": "ID104K871303", "latitude": 58.92675, "longitude": -132.32382, "rock_class": "sedimentary rocks", "rock_type": "chert, siliceous argillite, siliciclastic rocks", "terrane": "Cache Creek", "terrane_name": "Cache Creek", "era": "Paleozoic to Mesozoic", "lithium_ppm": 12.4, "cobalt_ppm": 68.3, "nickel_ppm": 1130.7, "score_battery": 1.9246368581173214, "rank_battery": 78, "dist_to_fault_km": 1.23, "dist_to_terrane_boundary_km": 5.8, "grid_id": "156_63", "year": 1987 }, "geometry": { "type": "Point", "coordinates": [ -132.32382, 58.92675 ] } },
{ "type": "Feature", "properties": { "sample_id": "ID104K871306", "latitude": 58.95439, "longitude": -132.30869, "rock_class": "volcanic rocks", "rock_type": "basaltic volcanic rocks", "terrane": "Cache Creek", "terrane_name": "Cache Creek", "era": "Paleozoic", "lithium_ppm": 8.2, "cobalt_ppm": 54.8, "nickel_ppm": 1058.8, "score_battery": 1.5238154785800173, "rank_battery": 466, "dist_to_fault_km": 0.59, "dist_to_terrane_boundary_km": 8.99, "grid_id": "156_63", "year": 1987 }, "geometry": { "type": "Point", "coordinates": [ -132.30869, 58.95439 ] } },
{ "type": "Feature", "properties": { "sample_id": "ID104K871313", "latitude": 58.97296, "longitude": -132.40708, "rock_class": "volcanic rocks", "rock_type": "basaltic volcanic rocks", "terrane": "Cache Creek", "terrane_name": "Cache Creek", "era": "Paleozoic", "lithium_ppm": 14.8, "cobalt_ppm": 41.7, "nickel_ppm": 214.9, "score_battery": 1.3335322923181927, "rank_battery": 947, "dist_to_fault_km": 0.19, "dist_to_terrane_boundary_km": 9.17, "grid_id": "157_63", "year": 1987 }, "geometry": { "type": "Point", "coordinates": [ -132.40708, 58.97296 ] } },
{ "type": "Feature", "properties": { "sample_id": "ID104K871314", "latitude": 58.97296, "longitude": -132.40708, "rock_class": "volcanic rocks", "rock_type": "basaltic volcanic rocks", "terrane": "Cache Creek", "terrane_name": "Cache Creek", "era": "Paleozoic", "lithium_ppm": 14.3, "cobalt_ppm": 43.1, "nickel_ppm": 210.7, "score_battery": 1.3226135292644927, "rank_battery": 990, "dist_to_fault_km": 0.19, "dist_to_terrane_boundary_km": 9.17, "grid_id": "157_63", "year": 1987 }, "geometry": { "type": "Point", "coordinates": [ -132.40708, 58.97296 ] } },
{ "type": "Feature", "properties": { "sample_id": "ID104K871329", "latitude": 58.91339, "longitude": -132.51674, "rock_class": "ultramafic rocks", "rock_type": "ultramafic rocks", "terrane": "Cache Creek", "terrane_name": "Cache Creek", "era": "Paleozoic", "lithium_ppm": 7.0, "cobalt_ppm": 59.1, "nickel_ppm": 980.9, "score_battery": 1.4435267838427501, "rank_battery": 638, "dist_to_fault_km": 0.93, "dist_to_terrane_boundary_km": 1.24, "grid_id": "156_62", "year": 1987 }, "geometry": { "type": "Point", "coordinates": [ -132.51674, 58.91339 ] } },
{ "type": "Feature", "properties": { "sample_id": "ID104K871333", "latitude": 58.96705, "longitude": -132.68664, "rock_class": "ultramafic rocks", "rock_type": "ultramafic rocks", "terrane": "Cache Creek", "terrane_name": "Cache Creek", "era": "Paleozoic", "lithium_ppm": 5.3, "cobalt_ppm": 60.7, "nickel_ppm": 1123.4, "score_battery": 1.3246090924446174, "rank_battery": 978, "dist_to_fault_km": 0.96, "dist_to_terrane_boundary_km": 3.87, "grid_id": "157_61", "year": 1987 }, "geometry": { "type": "Point", "coordinates": [ -132.68664, 58.96705 ] } },
{ "type": "Feature", "properties": { "sample_id": "ID104K871334", "latitude": 58.85033, "longitude": -132.68812, "rock_class": "sedimentary rocks", "rock_type": "argillite, greywacke, wacke, conglomerate turbidites", "terrane": "Overlap", "terrane_name": "Stikinia", "era": "Mesozoic", "lithium_ppm": 10.0, "cobalt_ppm": 48.8, "nickel_ppm": 892.4, "score_battery": 1.5436135237561839, "rank_battery": 430, "dist_to_fault_km": 8.59, "dist_to_terrane_boundary_km": 8.85, "grid_id": "155_61", "year": 1987 }, "geometry": { "type": "Point", "coordinates": [ -132.68812, 58.85033 ] } },
{ "type": "Feature", "properties": { "sample_id": "ID104K871343", "latitude": 58.89944, "longitude": -132.80644, "rock_class": "sedimentary rocks", "rock_type": "argillite, greywacke, wacke, conglomerate turbidites", "terrane": "Overlap", "terrane_name": "Stikinia", "era": "Mesozoic", "lithium_ppm": 18.0, "cobalt_ppm": 33.5, "nickel_ppm": 476.9, "score_battery": 1.5659575702424364, "rank_battery": 396, "dist_to_fault_km": 3.4, "dist_to_terrane_boundary_km": 4.36, "grid_id": "156_60", "year": 1987 }, "geometry": { "type": "Point", "coordinates": [ -132.80644, 58.89944 ] } },
{ "type": "Feature", "properties": { "sample_id": "ID104K871344", "latitude": 58.98696, "longitude": -132.83149, "rock_class": "ultramafic rocks", "rock_type": "ultramafic rocks", "terrane": "Cache Creek", "terrane_name": "Cache Creek", "era": "Paleozoic", "lithium_ppm": 9.8, "cobalt_ppm": 40.6, "nickel_ppm": 588.9, "score_battery": 1.3218186552166518, "rank_battery": 993, "dist_to_fault_km": 0.2, "dist_to_terrane_boundary_km": 4.56, "grid_id": "157_60", "year": 1987 }, "geometry": { "type": "Point", "coordinates": [ -132.83149, 58.98696 ] } },
{ "type": "Feature", "properties": { "sample_id": "ID104K871399", "latitude": 58.52144, "longitude": -133.41529, "rock_class": "volcanic rocks", "rock_type": "volcaniclastic rocks", "terrane": "Stikinia", "terrane_name": "Stikinia", "era": "Paleozoic", "lithium_ppm": 18.7, "cobalt_ppm": 36.3, "nickel_ppm": 201.3, "score_battery": 1.4003086242900138, "rank_battery": 745, "dist_to_fault_km": 0.83, "dist_to_terrane_boundary_km": 9.34, "grid_id": "152_56", "year": 1987 }, "geometry": { "type": "Point", "coordinates": [ -133.41529, 58.52144 ] } },
{ "type": "Feature", "properties": { "sample_id": "ID104K871478", "latitude": 58.80081, "longitude": -133.5943, "rock_class": "volcanic rocks", "rock_type": "undivided volcanic rocks", "terrane": "Stikinia", "terrane_name": "Stikinia", "era": "Paleozoic to Mesozoic", "lithium_ppm": 27.7, "cobalt_ppm": 41.7, "nickel_ppm": 113.2, "score_battery": 1.5848912423127963, "rank_battery": 364, "dist_to_fault_km": 0.05, "dist_to_terrane_boundary_km": 3.91, "grid_id": "155_56", "year": 1987 }, "geometry": { "type": "Point", "coordinates": [ -133.5943, 58.80081 ] } },
{ "type": "Feature", "properties": { "sample_id": "ID104K871487", "latitude": 58.98168, "longitude": -133.0704, "rock_class": "sedimentary rocks", "rock_type": "argillite, greywacke, wacke, conglomerate turbidites", "terrane": "Overlap", "terrane_name": "Stikinia", "era": "Mesozoic", "lithium_ppm": 20.5, "cobalt_ppm": 26.1, "nickel_ppm": 229.6, "score_battery": 1.3270819703928454, "rank_battery": 967, "dist_to_fault_km": 2.12, "dist_to_terrane_boundary_km": 1.52, "grid_id": "157_59", "year": 1987 }, "geometry": { "type": "Point", "coordinates": [ -133.0704, 58.98168 ] } },
{ "type": "Feature", "properties": { "sample_id": "ID104K871538", "latitude": 58.83557, "longitude": -132.16088, "rock_class": "volcanic rocks", "rock_type": "undivided volcanic rocks", "terrane": "Stikinia", "terrane_name": "Cache Creek", "era": "Mesozoic", "lithium_ppm": 8.4, "cobalt_ppm": 62.6, "nickel_ppm": 1203.7, "score_battery": 1.6438109539984274, "rank_battery": 275, "dist_to_fault_km": 0.19, "dist_to_terrane_boundary_km": 0.11, "grid_id": "155_64", "year": 1987 }, "geometry": { "type": "Point", "coordinates": [ -132.16088, 58.83557 ] } },
{ "type": "Feature", "properties": { "sample_id": "ID104K873397", "latitude": 58.79941, "longitude": -132.53826, "rock_class": "sedimentary rocks", "rock_type": "argillite, greywacke, wacke, conglomerate turbidites", "terrane": "Overlap", "terrane_name": "Stikinia", "era": "Mesozoic", "lithium_ppm": 15.4, "cobalt_ppm": 33.0, "nickel_ppm": 538.8, "score_battery": 1.4866314094635591, "rank_battery": 547, "dist_to_fault_km": 11.37, "dist_to_terrane_boundary_km": 11.38, "grid_id": "155_62", "year": 1987 }, "geometry": { "type": "Point", "coordinates": [ -132.53826, 58.79941 ] } },
{ "type": "Feature", "properties": { "sample_id": "ID104K873399", "latitude": 58.82461, "longitude": -132.5078, "rock_class": "sedimentary rocks", "rock_type": "argillite, greywacke, wacke, conglomerate turbidites", "terrane": "Overlap", "terrane_name": "Stikinia", "era": "Mesozoic", "lithium_ppm": 14.4, "cobalt_ppm": 34.2, "nickel_ppm": 536.2, "score_battery": 1.4591767864549894, "rank_battery": 600, "dist_to_fault_km": 8.16, "dist_to_terrane_boundary_km": 8.24, "grid_id": "155_62", "year": 1987 }, "geometry": { "type": "Point", "coordinates": [ -132.5078, 58.82461 ] } },
{ "type": "Feature", "properties": { "sample_id": "ID104K873406", "latitude": 58.83082, "longitude": -132.48192, "rock_class": "sedimentary rocks", "rock_type": "argillite, greywacke, wacke, conglomerate turbidites", "terrane": "Overlap", "terrane_name": "Stikinia", "era": "Mesozoic", "lithium_ppm": 8.9, "cobalt_ppm": 50.2, "nickel_ppm": 1017.8, "score_battery": 1.5192035428270729, "rank_battery": 472, "dist_to_fault_km": 7.13, "dist_to_terrane_boundary_km": 7.22, "grid_id": "155_62", "year": 1987 }, "geometry": { "type": "Point", "coordinates": [ -132.48192, 58.83082 ] } },
{ "type": "Feature", "properties": { "sample_id": "ID104K873408", "latitude": 58.86727, "longitude": -132.4687, "rock_class": "sedimentary rocks", "rock_type": "argillite, greywacke, wacke, conglomerate turbidites", "terrane": "Overlap", "terrane_name": "Stikinia", "era": "Mesozoic", "lithium_ppm": 6.2, "cobalt_ppm": 73.6, "nickel_ppm": 1468.4, "score_battery": 1.5935612025053545, "rank_battery": 352, "dist_to_fault_km": 3.01, "dist_to_terrane_boundary_km": 3.1, "grid_id": "155_62", "year": 1987 }, "geometry": { "type": "Point", "coordinates": [ -132.4687, 58.86727 ] } },
{ "type": "Feature", "properties": { "sample_id": "ID104K873409", "latitude": 58.86146, "longitude": -132.46684, "rock_class": "sedimentary rocks", "rock_type": "argillite, greywacke, wacke, conglomerate turbidites", "terrane": "Overlap", "terrane_name": "Stikinia", "era": "Mesozoic", "lithium_ppm": 5.7, "cobalt_ppm": 68.7, "nickel_ppm": 1507.5, "score_battery": 1.5132174895169412, "rank_battery": 485, "dist_to_fault_km": 3.61, "dist_to_terrane_boundary_km": 3.7, "grid_id": "155_62", "year": 1987 }, "geometry": { "type": "Point", "coordinates": [ -132.46684, 58.86146 ] } },
{ "type": "Feature", "properties": { "sample_id": "ID104K873410", "latitude": 58.86146, "longitude": -132.46684, "rock_class": "sedimentary rocks", "rock_type": "argillite, greywacke, wacke, conglomerate turbidites", "terrane": "Overlap", "terrane_name": "Stikinia", "era": "Mesozoic", "lithium_ppm": 6.0, "cobalt_ppm": 69.5, "nickel_ppm": 1506.1, "score_battery": 1.550186843087991, "rank_battery": 421, "dist_to_fault_km": 3.61, "dist_to_terrane_boundary_km": 3.7, "grid_id": "155_62", "year": 1987 }, "geometry": { "type": "Point", "coordinates": [ -132.46684, 58.86146 ] } },
{ "type": "Feature", "properties": { "sample_id": "ID104K873412", "latitude": 58.88895, "longitude": -132.50789, "rock_class": "sedimentary rocks", "rock_type": "argillite, greywacke, wacke, conglomerate turbidites", "terrane": "Overlap", "terrane_name": "Stikinia", "era": "Mesozoic", "lithium_ppm": 8.9, "cobalt_ppm": 58.8, "nickel_ppm": 1164.3, "score_battery": 1.6386654384244488, "rank_battery": 283, "dist_to_fault_km": 1.43, "dist_to_terrane_boundary_km": 1.27, "grid_id": "156_62", "year": 1987 }, "geometry": { "type": "Point", "coordinates": [ -132.50789, 58.88895 ] } },
{ "type": "Feature", "properties": { "sample_id": "ID104K873434", "latitude": 58.79811, "longitude": -132.23763, "rock_class": "sedimentary rocks", "rock_type": "argillite, greywacke, wacke, conglomerate turbidites", "terrane": "Overlap", "terrane_name": "Stikinia", "era": "Mesozoic", "lithium_ppm": 8.6, "cobalt_ppm": 49.1, "nickel_ppm": 917.7, "score_battery": 1.4576869687308132, "rank_battery": 603, "dist_to_fault_km": 5.17, "dist_to_terrane_boundary_km": 5.14, "grid_id": "155_63", "year": 1987 }, "geometry": { "type": "Point", "coordinates": [ -132.23763, 58.79811 ] } },
{ "type": "Feature", "properties": { "sample_id": "ID104K873435", "latitude": 58.79521, "longitude": -132.23071, "rock_class": "sedimentary rocks", "rock_type": "argillite, greywacke, wacke, conglomerate turbidites", "terrane": "Overlap", "terrane_name": "Stikinia", "era": "Mesozoic", "lithium_ppm": 8.2, "cobalt_ppm": 51.8, "nickel_ppm": 978.2, "score_battery": 1.4728150785761629, "rank_battery": 567, "dist_to_fault_km": 5.41, "dist_to_terrane_boundary_km": 5.34, "grid_id": "155_64", "year": 1987 }, "geometry": { "type": "Point", "coordinates": [ -132.23071, 58.79521 ] } },
{ "type": "Feature", "properties": { "sample_id": "ID104K873437", "latitude": 58.88555, "longitude": -132.24202, "rock_class": "sedimentary rocks", "rock_type": "chert, siliceous argillite, siliciclastic rocks", "terrane": "Cache Creek", "terrane_name": "Cache Creek", "era": "Paleozoic to Mesozoic", "lithium_ppm": 15.2, "cobalt_ppm": 55.0, "nickel_ppm": 956.9, "score_battery": 1.9002761038755303, "rank_battery": 86, "dist_to_fault_km": 1.21, "dist_to_terrane_boundary_km": 3.81, "grid_id": "156_64", "year": 1987 }, "geometry": { "type": "Point", "coordinates": [ -132.24202, 58.88555 ] } },
{ "type": "Feature", "properties": { "sample_id": "ID104K873452", "latitude": 58.84344, "longitude": -132.10756, "rock_class": "sedimentary rocks", "rock_type": "limestone, marble, calcareous sedimentary rocks", "terrane": "Cache Creek", "terrane_name": "Cache Creek", "era": "Paleozoic", "lithium_ppm": 4.6, "cobalt_ppm": 78.5, "nickel_ppm": 1602.9, "score_battery": 1.4727925595158116, "rank_battery": 568, "dist_to_fault_km": 0.03, "dist_to_terrane_boundary_km": 1.82, "grid_id": "155_64", "year": 1987 }, "geometry": { "type": "Point", "coordinates": [ -132.10756, 58.84344 ] } },
{ "type": "Feature", "properties": { "sample_id": "ID104N777053", "latitude": 59.45668377, "longitude": -133.3953039, "rock_class": "volcanic rocks", "rock_type": "basaltic volcanic rocks", "terrane": "Cache Creek", "terrane_name": "Cache Creek", "era": "Paleozoic", "lithium_ppm": 10.6, "cobalt_ppm": 61.9, "nickel_ppm": 863.2, "score_battery": 1.697222191038029, "rank_battery": 219, "dist_to_fault_km": 1.02, "dist_to_terrane_boundary_km": 20.31, "grid_id": "163_58", "year": 1977 }, "geometry": { "type": "Point", "coordinates": [ -133.395303899999988, 59.45668377 ] } },
{ "type": "Feature", "properties": { "sample_id": "ID104N777258", "latitude": 59.46059832, "longitude": -133.4971421, "rock_class": "volcanic rocks", "rock_type": "basaltic volcanic rocks", "terrane": "Cache Creek", "terrane_name": "Cache Creek", "era": "Paleozoic", "lithium_ppm": 20.7, "cobalt_ppm": 48.4, "nickel_ppm": 383.5, "score_battery": 1.7933742732415916, "rank_battery": 139, "dist_to_fault_km": 0.02, "dist_to_terrane_boundary_km": 15.88, "grid_id": "163_57", "year": 1977 }, "geometry": { "type": "Point", "coordinates": [ -133.4971421, 59.460598319999974 ] } },
{ "type": "Feature", "properties": { "sample_id": "ID104N779004", "latitude": 59.19041236, "longitude": -133.2021986, "rock_class": "volcanic rocks", "rock_type": "basaltic volcanic rocks", "terrane": "Cache Creek", "terrane_name": "Cache Creek", "era": "Paleozoic", "lithium_ppm": 11.1, "cobalt_ppm": 47.0, "nickel_ppm": 649.7, "score_battery": 1.5056890600367148, "rank_battery": 509, "dist_to_fault_km": 3.05, "dist_to_terrane_boundary_km": 11.25, "grid_id": "159_58", "year": 1977 }, "geometry": { "type": "Point", "coordinates": [ -133.2021986, 59.19041236 ] } },
{ "type": "Feature", "properties": { "sample_id": "ID104N779360", "latitude": 59.66872942, "longitude": -133.3304949, "rock_class": "volcanic rocks", "rock_type": "alkaline volcanic rocks", "terrane": "Younger Volcanics", "terrane_name": "Cache Creek", "era": "Cenozoic", "lithium_ppm": 19.9, "cobalt_ppm": 27.6, "nickel_ppm": 226.6, "score_battery": 1.3322344978548162, "rank_battery": 955, "dist_to_fault_km": 4.17, "dist_to_terrane_boundary_km": 35.9, "grid_id": "165_58", "year": 1977 }, "geometry": { "type": "Point", "coordinates": [ -133.3304949, 59.66872941999997 ] } },
{ "type": "Feature", "properties": { "sample_id": "ID104N779365", "latitude": 59.70952473, "longitude": -133.3526214, "rock_class": "ultramafic rocks", "rock_type": "ultramafic rocks", "terrane": "Cache Creek", "terrane_name": "Cache Creek", "era": "Paleozoic", "lithium_ppm": 40.1, "cobalt_ppm": 20.1, "nickel_ppm": 201.7, "score_battery": 1.6185970975894342, "rank_battery": 315, "dist_to_fault_km": 1.88, "dist_to_terrane_boundary_km": 37.23, "grid_id": "165_58", "year": 1977 }, "geometry": { "type": "Point", "coordinates": [ -133.3526214, 59.709524729999984 ] } },
{ "type": "Feature", "properties": { "sample_id": "ID104N779368", "latitude": 59.72074682, "longitude": -133.3622944, "rock_class": "intrusive rocks", "rock_type": "granite, alkali feldspar granite intrusive rocks", "terrane": "Post Accretionary", "terrane_name": "Cache Creek", "era": "Mesozoic", "lithium_ppm": 19.6, "cobalt_ppm": 26.1, "nickel_ppm": 328.6, "score_battery": 1.3935521903838166, "rank_battery": 763, "dist_to_fault_km": 0.88, "dist_to_terrane_boundary_km": 37.47, "grid_id": "165_58", "year": 1977 }, "geometry": { "type": "Point", "coordinates": [ -133.3622944, 59.720746819999981 ] } },
{ "type": "Feature", "properties": { "sample_id": "ID104N779586", "latitude": 59.14838589, "longitude": -133.2344777, "rock_class": "volcanic rocks", "rock_type": "basaltic volcanic rocks", "terrane": "Cache Creek", "terrane_name": "Cache Creek", "era": "Paleozoic", "lithium_ppm": 9.6, "cobalt_ppm": 49.5, "nickel_ppm": 536.3, "score_battery": 1.3868965420438677, "rank_battery": 786, "dist_to_fault_km": 0.15, "dist_to_terrane_boundary_km": 6.74, "grid_id": "159_58", "year": 1977 }, "geometry": { "type": "Point", "coordinates": [ -133.234477700000014, 59.14838589 ] } },
{ "type": "Feature", "properties": { "sample_id": "ID104N779587", "latitude": 59.13666673, "longitude": -133.2386643, "rock_class": "sedimentary rocks", "rock_type": "chert, siliceous argillite, siliciclastic rocks", "terrane": "Cache Creek", "terrane_name": "Cache Creek", "era": "Paleozoic to Mesozoic", "lithium_ppm": 9.9, "cobalt_ppm": 50.8, "nickel_ppm": 553.2, "score_battery": 1.42871264985922, "rank_battery": 666, "dist_to_fault_km": 0.58, "dist_to_terrane_boundary_km": 5.69, "grid_id": "159_58", "year": 1977 }, "geometry": { "type": "Point", "coordinates": [ -133.238664300000011, 59.136666729999988 ] } },
{ "type": "Feature", "properties": { "sample_id": "ID104N779588", "latitude": 59.13666673, "longitude": -133.2386643, "rock_class": "sedimentary rocks", "rock_type": "chert, siliceous argillite, siliciclastic rocks", "terrane": "Cache Creek", "terrane_name": "Cache Creek", "era": "Paleozoic to Mesozoic", "lithium_ppm": 15.6, "cobalt_ppm": 40.3, "nickel_ppm": 380.7, "score_battery": 1.5052928760950843, "rank_battery": 510, "dist_to_fault_km": 0.58, "dist_to_terrane_boundary_km": 5.69, "grid_id": "159_58", "year": 1977 }, "geometry": { "type": "Point", "coordinates": [ -133.238664300000011, 59.136666729999988 ] } },
{ "type": "Feature", "properties": { "sample_id": "ID104N779589", "latitude": 59.08271614, "longitude": -133.2418492, "rock_class": "ultramafic rocks", "rock_type": "ultramafic rocks", "terrane": "Cache Creek", "terrane_name": "Cache Creek", "era": "Paleozoic", "lithium_ppm": 11.2, "cobalt_ppm": 37.9, "nickel_ppm": 476.2, "score_battery": 1.3150378590446219, "rank_battery": 1008, "dist_to_fault_km": 0.72, "dist_to_terrane_boundary_km": 1.53, "grid_id": "158_58", "year": 1977 }, "geometry": { "type": "Point", "coordinates": [ -133.2418492, 59.082716139999981 ] } },
{ "type": "Feature", "properties": { "sample_id": "ID104N779607", "latitude": 59.09172985, "longitude": -133.0781178, "rock_class": "volcanic rocks", "rock_type": "basaltic volcanic rocks", "terrane": "Cache Creek", "terrane_name": "Cache Creek", "era": "Paleozoic", "lithium_ppm": 14.3, "cobalt_ppm": 30.8, "nickel_ppm": 404.6, "score_battery": 1.3240351620629898, "rank_battery": 980, "dist_to_fault_km": 0.13, "dist_to_terrane_boundary_km": 8.28, "grid_id": "158_59", "year": 1977 }, "geometry": { "type": "Point", "coordinates": [ -133.0781178, 59.091729849999972 ] } },
{ "type": "Feature", "properties": { "sample_id": "ID104N779611", "latitude": 59.05358768, "longitude": -133.0248848, "rock_class": "intrusive rocks", "rock_type": "dioritic intrusive rocks", "terrane": "Post Accretionary", "terrane_name": "Cache Creek", "era": "Mesozoic", "lithium_ppm": 11.8, "cobalt_ppm": 56.6, "nickel_ppm": 984.4, "score_battery": 1.7556666152289233, "rank_battery": 172, "dist_to_fault_km": 0.52, "dist_to_terrane_boundary_km": 6.54, "grid_id": "158_59", "year": 1977 }, "geometry": { "type": "Point", "coordinates": [ -133.0248848, 59.053587679999971 ] } },
{ "type": "Feature", "properties": { "sample_id": "ID104N779617", "latitude": 59.00728649, "longitude": -132.9512984, "rock_class": "intrusive rocks", "rock_type": "dioritic intrusive rocks", "terrane": "Post Accretionary", "terrane_name": "Cache Creek", "era": "Mesozoic", "lithium_ppm": 21.0, "cobalt_ppm": 44.0, "nickel_ppm": 415.4, "score_battery": 1.774849799782368, "rank_battery": 154, "dist_to_fault_km": 2.93, "dist_to_terrane_boundary_km": 4.66, "grid_id": "157_60", "year": 1977 }, "geometry": { "type": "Point", "coordinates": [ -132.951298400000013, 59.00728649 ] } },
{ "type": "Feature", "properties": { "sample_id": "ID104N779619", "latitude": 59.02758066, "longitude": -132.8914384, "rock_class": "ultramafic rocks", "rock_type": "ultramafic rocks", "terrane": "Cache Creek", "terrane_name": "Cache Creek", "era": "Paleozoic", "lithium_ppm": 12.2, "cobalt_ppm": 44.7, "nickel_ppm": 571.9, "score_battery": 1.5067178175264149, "rank_battery": 508, "dist_to_fault_km": 0.72, "dist_to_terrane_boundary_km": 7.78, "grid_id": "157_60", "year": 1977 }, "geometry": { "type": "Point", "coordinates": [ -132.8914384, 59.02758066 ] } },
{ "type": "Feature", "properties": { "sample_id": "ID104N779620", "latitude": 59.0436564, "longitude": -132.8773958, "rock_class": "volcanic rocks", "rock_type": "basaltic volcanic rocks", "terrane": "Cache Creek", "terrane_name": "Cache Creek", "era": "Paleozoic", "lithium_ppm": 10.4, "cobalt_ppm": 44.4, "nickel_ppm": 607.6, "score_battery": 1.4154368865152418, "rank_battery": 713, "dist_to_fault_km": 0.17, "dist_to_terrane_boundary_km": 9.73, "grid_id": "158_60", "year": 1977 }, "geometry": { "type": "Point", "coordinates": [ -132.877395799999988, 59.043656399999975 ] } },
{ "type": "Feature", "properties": { "sample_id": "ID104N779624", "latitude": 59.00165103, "longitude": -132.5088554, "rock_class": "sedimentary rocks", "rock_type": "chert, siliceous argillite, siliciclastic rocks", "terrane": "Cache Creek", "terrane_name": "Cache Creek", "era": "Paleozoic to Mesozoic", "lithium_ppm": 10.4, "cobalt_ppm": 48.7, "nickel_ppm": 460.5, "score_battery": 1.3888130552401705, "rank_battery": 782, "dist_to_fault_km": 0.96, "dist_to_terrane_boundary_km": 10.13, "grid_id": "157_62", "year": 1977 }, "geometry": { "type": "Point", "coordinates": [ -132.508855399999987, 59.00165103 ] } },
{ "type": "Feature", "properties": { "sample_id": "ID104N779629", "latitude": 59.05981664, "longitude": -132.4897281, "rock_class": "volcanic rocks", "rock_type": "basaltic volcanic rocks", "terrane": "Cache Creek", "terrane_name": "Cache Creek", "era": "Paleozoic", "lithium_ppm": 6.3, "cobalt_ppm": 56.4, "nickel_ppm": 873.3, "score_battery": 1.3224249053524741, "rank_battery": 992, "dist_to_fault_km": 0.95, "dist_to_terrane_boundary_km": 16.42, "grid_id": "158_62", "year": 1977 }, "geometry": { "type": "Point", "coordinates": [ -132.4897281, 59.059816640000015 ] } },
{ "type": "Feature", "properties": { "sample_id": "ID104N779640", "latitude": 59.0076517, "longitude": -132.6684998, "rock_class": "sedimentary rocks", "rock_type": "limestone, marble, calcareous sedimentary rocks", "terrane": "Cache Creek", "terrane_name": "Cache Creek", "era": "Paleozoic to Mesozoic", "lithium_ppm": 10.9, "cobalt_ppm": 48.8, "nickel_ppm": 587.7, "score_battery": 1.4863866143287925, "rank_battery": 548, "dist_to_fault_km": 0.62, "dist_to_terrane_boundary_km": 8.51, "grid_id": "157_61", "year": 1977 }, "geometry": { "type": "Point", "coordinates": [ -132.6684998, 59.0076517 ] } },
{ "type": "Feature", "properties": { "sample_id": "ID104N779651", "latitude": 59.00928062, "longitude": -132.8267253, "rock_class": "ultramafic rocks", "rock_type": "ultramafic rocks", "terrane": "Cache Creek", "terrane_name": "Cache Creek", "era": "Paleozoic", "lithium_ppm": 8.0, "cobalt_ppm": 68.1, "nickel_ppm": 1144.2, "score_battery": 1.6435407892909948, "rank_battery": 276, "dist_to_fault_km": 0.04, "dist_to_terrane_boundary_km": 7.0, "grid_id": "157_60", "year": 1977 }, "geometry": { "type": "Point", "coordinates": [ -132.8267253, 59.009280619999984 ] } },
{ "type": "Feature", "properties": { "sample_id": "ID104N779677", "latitude": 59.23227161, "longitude": -133.2664618, "rock_class": "volcanic rocks", "rock_type": "basaltic volcanic rocks", "terrane": "Cache Creek", "terrane_name": "Cache Creek", "era": "Paleozoic", "lithium_ppm": 9.6, "cobalt_ppm": 49.8, "nickel_ppm": 541.1, "score_battery": 1.3924755376657711, "rank_battery": 767, "dist_to_fault_km": 3.58, "dist_to_terrane_boundary_km": 11.32, "grid_id": "160_58", "year": 1977 }, "geometry": { "type": "Point", "coordinates": [ -133.2664618, 59.232271609999962 ] } },
{ "type": "Feature", "properties": { "sample_id": "ID104N779679", "latitude": 59.17360967, "longitude": -133.2821359, "rock_class": "sedimentary rocks", "rock_type": "chert, siliceous argillite, siliciclastic rocks", "terrane": "Cache Creek", "terrane_name": "Cache Creek", "era": "Paleozoic to Mesozoic", "lithium_ppm": 13.4, "cobalt_ppm": 59.0, "nickel_ppm": 863.0, "score_battery": 1.8255244414948728, "rank_battery": 121, "dist_to_fault_km": 0.52, "dist_to_terrane_boundary_km": 6.6, "grid_id": "159_58", "year": 1977 }, "geometry": { "type": "Point", "coordinates": [ -133.282135899999986, 59.173609669999983 ] } },
{ "type": "Feature", "properties": { "sample_id": "ID104N779680", "latitude": 59.18269068, "longitude": -133.3122915, "rock_class": "sedimentary rocks", "rock_type": "chert, siliceous argillite, siliciclastic rocks", "terrane": "Cache Creek", "terrane_name": "Cache Creek", "era": "Paleozoic to Mesozoic", "lithium_ppm": 8.2, "cobalt_ppm": 51.9, "nickel_ppm": 835.8, "score_battery": 1.4312175853653279, "rank_battery": 660, "dist_to_fault_km": 0.14, "dist_to_terrane_boundary_km": 5.89, "grid_id": "159_58", "year": 1977 }, "geometry": { "type": "Point", "coordinates": [ -133.312291499999986, 59.18269068 ] } },
{ "type": "Feature", "properties": { "sample_id": "ID104N779686", "latitude": 59.20239881, "longitude": -133.4099993, "rock_class": "volcanic rocks", "rock_type": "basaltic volcanic rocks", "terrane": "Cache Creek", "terrane_name": "Cache Creek", "era": "Paleozoic", "lithium_ppm": 6.5, "cobalt_ppm": 55.6, "nickel_ppm": 943.2, "score_battery": 1.3549749007205198, "rank_battery": 876, "dist_to_fault_km": 0.42, "dist_to_terrane_boundary_km": 2.78, "grid_id": "160_57", "year": 1977 }, "geometry": { "type": "Point", "coordinates": [ -133.40999930000001, 59.202398809999977 ] } },
{ "type": "Feature", "properties": { "sample_id": "ID104N779689", "latitude": 59.06710606, "longitude": -132.9586905, "rock_class": "volcanic rocks", "rock_type": "basaltic volcanic rocks", "terrane": "Cache Creek", "terrane_name": "Cache Creek", "era": "Paleozoic", "lithium_ppm": 4.7, "cobalt_ppm": 78.3, "nickel_ppm": 1647.9, "score_battery": 1.4915219235119244, "rank_battery": 536, "dist_to_fault_km": 1.17, "dist_to_terrane_boundary_km": 9.95, "grid_id": "158_60", "year": 1977 }, "geometry": { "type": "Point", "coordinates": [ -132.958690499999989, 59.06710606 ] } },
{ "type": "Feature", "properties": { "sample_id": "ID104N779691", "latitude": 59.06015992, "longitude": -132.8769006, "rock_class": "volcanic rocks", "rock_type": "basaltic volcanic rocks", "terrane": "Cache Creek", "terrane_name": "Cache Creek", "era": "Paleozoic", "lithium_ppm": 10.2, "cobalt_ppm": 41.1, "nickel_ppm": 580.0, "score_battery": 1.3499221661346019, "rank_battery": 892, "dist_to_fault_km": 0.73, "dist_to_terrane_boundary_km": 11.5, "grid_id": "158_60", "year": 1977 }, "geometry": { "type": "Point", "coordinates": [ -132.8769006, 59.060159919999968 ] } },
{ "type": "Feature", "properties": { "sample_id": "ID104N779692", "latitude": 59.06259373, "longitude": -132.8790528, "rock_class": "volcanic rocks", "rock_type": "basaltic volcanic rocks", "terrane": "Cache Creek", "terrane_name": "Cache Creek", "era": "Paleozoic", "lithium_ppm": 12.5, "cobalt_ppm": 41.8, "nickel_ppm": 455.0, "score_battery": 1.4257438709215244, "rank_battery": 678, "dist_to_fault_km": 0.65, "dist_to_terrane_boundary_km": 11.72, "grid_id": "158_60", "year": 1977 }, "geometry": { "type": "Point", "coordinates": [ -132.879052800000011, 59.062593729999968 ] } },
{ "type": "Feature", "properties": { "sample_id": "ID104N779694", "latitude": 59.0637265, "longitude": -132.7871934, "rock_class": "sedimentary rocks", "rock_type": "chert, siliceous argillite, siliciclastic rocks", "terrane": "Cache Creek", "terrane_name": "Cache Creek", "era": "Paleozoic to Mesozoic", "lithium_ppm": 14.6, "cobalt_ppm": 34.0, "nickel_ppm": 334.9, "score_battery": 1.3379821068246822, "rank_battery": 932, "dist_to_fault_km": 2.08, "dist_to_terrane_boundary_km": 13.47, "grid_id": "158_61", "year": 1977 }, "geometry": { "type": "Point", "coordinates": [ -132.787193400000035, 59.06372649999998 ] } },
{ "type": "Feature", "properties": { "sample_id": "ID104N779734", "latitude": 59.82710438, "longitude": -133.2264744, "rock_class": "intrusive rocks", "rock_type": "granite, alkali feldspar granite intrusive rocks", "terrane": "Post Accretionary", "terrane_name": "Cache Creek", "era": "Mesozoic", "lithium_ppm": 53.1, "cobalt_ppm": 27.4, "nickel_ppm": 127.4, "score_battery": 1.848935158723072, "rank_battery": 109, "dist_to_fault_km": 5.74, "dist_to_terrane_boundary_km": 44.9, "grid_id": "167_59", "year": 1977 }, "geometry": { "type": "Point", "coordinates": [ -133.2264744, 59.82710438 ] } },
{ "type": "Feature", "properties": { "sample_id": "ID104N779776", "latitude": 59.6516702, "longitude": -132.6816799, "rock_class": "intrusive rocks", "rock_type": "granite, alkali feldspar granite intrusive rocks", "terrane": "Post Accretionary", "terrane_name": "Cache Creek", "era": "Mesozoic", "lithium_ppm": 43.5, "cobalt_ppm": 21.6, "nickel_ppm": 68.1, "score_battery": 1.4199987291400715, "rank_battery": 695, "dist_to_fault_km": 0.8, "dist_to_terrane_boundary_km": 27.94, "grid_id": "164_62", "year": 1977 }, "geometry": { "type": "Point", "coordinates": [ -132.681679900000034, 59.6516702 ] } },
{ "type": "Feature", "properties": { "sample_id": "ID104O785092", "latitude": 59.88757, "longitude": -130.21557, "rock_class": "metamorphic rocks", "rock_type": "serpentinite ultramafic rocks", "terrane": "Slide Mountain", "terrane_name": "Slide Mountain", "era": "Paleozoic", "lithium_ppm": 20.6, "cobalt_ppm": 43.1, "nickel_ppm": 662.4, "score_battery": 1.8772873229518514, "rank_battery": 94, "dist_to_fault_km": 0.31, "dist_to_terrane_boundary_km": 0.43, "grid_id": "166_76", "year": 1978 }, "geometry": { "type": "Point", "coordinates": [ -130.21557, 59.88757 ] } },
{ "type": "Feature", "properties": { "sample_id": "ID104O785096", "latitude": 59.91659, "longitude": -130.18474, "rock_class": "sedimentary rocks", "rock_type": "mudstone/laminite fine clastic sedimentary rocks", "terrane": "Slide Mountain", "terrane_name": "Slide Mountain", "era": "Paleozoic", "lithium_ppm": 18.8, "cobalt_ppm": 88.2, "nickel_ppm": 1610.1, "score_battery": 2.4327646439757862, "rank_battery": 12, "dist_to_fault_km": 0.29, "dist_to_terrane_boundary_km": 1.19, "grid_id": "166_76", "year": 1978 }, "geometry": { "type": "Point", "coordinates": [ -130.18474, 59.91659 ] } },
{ "type": "Feature", "properties": { "sample_id": "ID104O785106", "latitude": 59.92737, "longitude": -130.11156, "rock_class": "sedimentary rocks", "rock_type": "mudstone/laminite fine clastic sedimentary rocks", "terrane": "Slide Mountain", "terrane_name": "Slide Mountain", "era": "Paleozoic", "lithium_ppm": 10.3, "cobalt_ppm": 51.3, "nickel_ppm": 880.3, "score_battery": 1.5852260666953872, "rank_battery": 362, "dist_to_fault_km": 0.43, "dist_to_terrane_boundary_km": 0.43, "grid_id": "166_76", "year": 1978 }, "geometry": { "type": "Point", "coordinates": [ -130.11156, 59.92737 ] } },
{ "type": "Feature", "properties": { "sample_id": "ID104O785255", "latitude": 59.53319, "longitude": -130.33545, "rock_class": "intrusive rocks", "rock_type": "granite, alkali feldspar granite intrusive rocks", "terrane": "Post Accretionary", "terrane_name": "Cassiar", "era": "Mesozoic", "lithium_ppm": 49.6, "cobalt_ppm": 16.4, "nickel_ppm": 62.9, "score_battery": 1.3502124418876025, "rank_battery": 890, "dist_to_fault_km": 0.71, "dist_to_terrane_boundary_km": 7.42, "grid_id": "162_75", "year": 1978 }, "geometry": { "type": "Point", "coordinates": [ -130.33545, 59.53319 ] } },
{ "type": "Feature", "properties": { "sample_id": "ID104O785260", "latitude": 59.49295, "longitude": -130.46145, "rock_class": "sedimentary rocks", "rock_type": "mudstone, siltstone, shale fine clastic sedimentary rocks", "terrane": "Cassiar", "terrane_name": "Cassiar", "era": "Proterozoic", "lithium_ppm": 54.4, "cobalt_ppm": 38.4, "nickel_ppm": 118.3, "score_battery": 2.0209489303824153, "rank_battery": 51, "dist_to_fault_km": 0.46, "dist_to_terrane_boundary_km": 0.42, "grid_id": "162_74", "year": 1978 }, "geometry": { "type": "Point", "coordinates": [ -130.46145, 59.49295 ] } },
{ "type": "Feature", "properties": { "sample_id": "ID104O785274", "latitude": 59.47795, "longitude": -130.38775, "rock_class": "sedimentary rocks", "rock_type": "mudstone, siltstone, shale fine clastic sedimentary rocks", "terrane": "Cassiar", "terrane_name": "Cassiar", "era": "Proterozoic", "lithium_ppm": 29.1, "cobalt_ppm": 32.7, "nickel_ppm": 122.8, "score_battery": 1.5140280082584407, "rank_battery": 484, "dist_to_fault_km": 0.47, "dist_to_terrane_boundary_km": 2.48, "grid_id": "161_75", "year": 1978 }, "geometry": { "type": "Point", "coordinates": [ -130.38775, 59.47795 ] } },
{ "type": "Feature", "properties": { "sample_id": "ID104O785338", "latitude": 59.44068, "longitude": -130.36608, "rock_class": "intrusive rocks", "rock_type": "tonalite intrusive rocks", "terrane": "Yukon-Tanana", "terrane_name": "Cassiar", "era": "Paleozoic", "lithium_ppm": 20.7, "cobalt_ppm": 32.9, "nickel_ppm": 159.4, "score_battery": 1.3549615428289226, "rank_battery": 877, "dist_to_fault_km": 0.31, "dist_to_terrane_boundary_km": 0.33, "grid_id": "161_75", "year": 1978 }, "geometry": { "type": "Point", "coordinates": [ -130.36608, 59.44068 ] } },
{ "type": "Feature", "properties": { "sample_id": "ID104O785373", "latitude": 59.27834, "longitude": -130.71027, "rock_class": "sedimentary rocks", "rock_type": "argillite, greywacke, wacke, conglomerate turbidites", "terrane": "Yukon-Tanana", "terrane_name": "Yukon-Tanana", "era": "Paleozoic", "lithium_ppm": 32.5, "cobalt_ppm": 27.5, "nickel_ppm": 87.7, "score_battery": 1.4100310835808378, "rank_battery": 725, "dist_to_fault_km": 8.02, "dist_to_terrane_boundary_km": 8.17, "grid_id": "159_73", "year": 1978 }, "geometry": { "type": "Point", "coordinates": [ -130.71027, 59.27834 ] } },
{ "type": "Feature", "properties": { "sample_id": "ID104O785464", "latitude": 59.75962, "longitude": -131.14801, "rock_class": "intrusive rocks", "rock_type": "granodioritic intrusive rocks", "terrane": "Post Accretionary", "terrane_name": "Yukon-Tanana", "era": "Mesozoic", "lithium_ppm": 37.8, "cobalt_ppm": 23.3, "nickel_ppm": 65.9, "score_battery": 1.3526363289900174, "rank_battery": 882, "dist_to_fault_km": 8.84, "dist_to_terrane_boundary_km": 33.17, "grid_id": "165_71", "year": 1978 }, "geometry": { "type": "Point", "coordinates": [ -131.14801, 59.75962 ] } },
{ "type": "Feature", "properties": { "sample_id": "ID104O785474", "latitude": 59.65804, "longitude": -131.15113, "rock_class": "sedimentary rocks", "rock_type": "mudstone, siltstone, shale fine clastic sedimentary rocks", "terrane": "Yukon-Tanana", "terrane_name": "Yukon-Tanana", "era": "Mesozoic", "lithium_ppm": 41.5, "cobalt_ppm": 50.7, "nickel_ppm": 107.3, "score_battery": 1.9517036184376892, "rank_battery": 69, "dist_to_fault_km": 2.17, "dist_to_terrane_boundary_km": 29.47, "grid_id": "164_70", "year": 1978 }, "geometry": { "type": "Point", "coordinates": [ -131.15113, 59.65804 ] } },
{ "type": "Feature", "properties": { "sample_id": "ID104O785479", "latitude": 59.62365, "longitude": -131.11321, "rock_class": "sedimentary rocks", "rock_type": "mudstone, siltstone, shale fine clastic sedimentary rocks", "terrane": "Yukon-Tanana", "terrane_name": "Yukon-Tanana", "era": "Mesozoic", "lithium_ppm": 39.8, "cobalt_ppm": 32.1, "nickel_ppm": 53.5, "score_battery": 1.4980390359607834, "rank_battery": 524, "dist_to_fault_km": 0.36, "dist_to_terrane_boundary_km": 26.67, "grid_id": "163_71", "year": 1978 }, "geometry": { "type": "Point", "coordinates": [ -131.11321, 59.62365 ] } },
{ "type": "Feature", "properties": { "sample_id": "ID104O785482", "latitude": 59.60801, "longitude": -131.08374, "rock_class": "sedimentary rocks", "rock_type": "mudstone, siltstone, shale fine clastic sedimentary rocks", "terrane": "Yukon-Tanana", "terrane_name": "Yukon-Tanana", "era": "Mesozoic", "lithium_ppm": 39.2, "cobalt_ppm": 28.0, "nickel_ppm": 55.6, "score_battery": 1.427046979256547, "rank_battery": 676, "dist_to_fault_km": 0.13, "dist_to_terrane_boundary_km": 25.64, "grid_id": "163_71", "year": 1978 }, "geometry": { "type": "Point", "coordinates": [ -131.08374, 59.60801 ] } },
{ "type": "Feature", "properties": { "sample_id": "ID104O785740", "latitude": 59.86304, "longitude": -130.7566, "rock_class": "sedimentary rocks", "rock_type": "mudstone, siltstone, shale fine clastic sedimentary rocks", "terrane": "Yukon-Tanana", "terrane_name": "Yukon-Tanana", "era": "Paleozoic", "lithium_ppm": 23.0, "cobalt_ppm": 51.9, "nickel_ppm": 281.1, "score_battery": 1.8175836241224541, "rank_battery": 125, "dist_to_fault_km": 0.21, "dist_to_terrane_boundary_km": 8.4, "grid_id": "166_73", "year": 1978 }, "geometry": { "type": "Point", "coordinates": [ -130.7566, 59.86304 ] } },
{ "type": "Feature", "properties": { "sample_id": "ID104O785852", "latitude": 59.61621, "longitude": -131.55349, "rock_class": "sedimentary rocks", "rock_type": "mudstone, siltstone, shale fine clastic sedimentary rocks", "terrane": "Yukon-Tanana", "terrane_name": "Yukon-Tanana", "era": "Mesozoic", "lithium_ppm": 34.5, "cobalt_ppm": 22.0, "nickel_ppm": 92.9, "score_battery": 1.3520098442788111, "rank_battery": 884, "dist_to_fault_km": 1.11, "dist_to_terrane_boundary_km": 15.56, "grid_id": "163_68", "year": 1978 }, "geometry": { "type": "Point", "coordinates": [ -131.55349, 59.61621 ] } },
{ "type": "Feature", "properties": { "sample_id": "ID104O785882", "latitude": 59.5736, "longitude": -131.62018, "rock_class": "intrusive rocks", "rock_type": "gabbroic to dioritic intrusive rocks", "terrane": "Yukon-Tanana", "terrane_name": "Yukon-Tanana", "era": "Paleozoic", "lithium_ppm": 25.6, "cobalt_ppm": 31.4, "nickel_ppm": 179.3, "score_battery": 1.5071081970040325, "rank_battery": 506, "dist_to_fault_km": 0.6, "dist_to_terrane_boundary_km": 9.59, "grid_id": "163_68", "year": 1978 }, "geometry": { "type": "Point", "coordinates": [ -131.62018, 59.5736 ] } },
{ "type": "Feature", "properties": { "sample_id": "ID104P781355", "latitude": 59.57023, "longitude": -129.84834, "rock_class": "volcanic rocks", "rock_type": "basaltic volcanic rocks", "terrane": "Slide Mountain", "terrane_name": "Slide Mountain", "era": "Paleozoic", "lithium_ppm": 18.4, "cobalt_ppm": 30.5, "nickel_ppm": 278.1, "score_battery": 1.3862822151075607, "rank_battery": 788, "dist_to_fault_km": 0.4, "dist_to_terrane_boundary_km": 1.32, "grid_id": "162_78", "year": 1978 }, "geometry": { "type": "Point", "coordinates": [ -129.84834, 59.57023 ] } },
{ "type": "Feature", "properties": { "sample_id": "ID104P781360", "latitude": 59.52272, "longitude": -129.87182, "rock_class": "volcanic rocks", "rock_type": "basaltic volcanic rocks", "terrane": "Slide Mountain", "terrane_name": "Slide Mountain", "era": "Paleozoic", "lithium_ppm": 7.3, "cobalt_ppm": 74.0, "nickel_ppm": 1524.4, "score_battery": 1.7075647913938752, "rank_battery": 205, "dist_to_fault_km": 2.61, "dist_to_terrane_boundary_km": 3.29, "grid_id": "162_78", "year": 1978 }, "geometry": { "type": "Point", "coordinates": [ -129.87182, 59.52272 ] } },
{ "type": "Feature", "properties": { "sample_id": "ID104P781362", "latitude": 59.54483, "longitude": -129.94822, "rock_class": "ultramafic rocks", "rock_type": "ultramafic rocks", "terrane": "Slide Mountain", "terrane_name": "Slide Mountain", "era": "Paleozoic", "lithium_ppm": 3.8, "cobalt_ppm": 101.9, "nickel_ppm": 2297.2, "score_battery": 1.598781201933519, "rank_battery": 348, "dist_to_fault_km": 0.04, "dist_to_terrane_boundary_km": 1.53, "grid_id": "162_77", "year": 1978 }, "geometry": { "type": "Point", "coordinates": [ -129.94822, 59.54483 ] } },
{ "type": "Feature", "properties": { "sample_id": "ID104P781363", "latitude": 59.54942, "longitude": -129.94564, "rock_class": "ultramafic rocks", "rock_type": "ultramafic rocks", "terrane": "Slide Mountain", "terrane_name": "Slide Mountain", "era": "Paleozoic", "lithium_ppm": 4.7, "cobalt_ppm": 96.8, "nickel_ppm": 2368.8, "score_battery": 1.701999424048144, "rank_battery": 212, "dist_to_fault_km": 0.5, "dist_to_terrane_boundary_km": 1.04, "grid_id": "162_77", "year": 1978 }, "geometry": { "type": "Point", "coordinates": [ -129.94564, 59.54942 ] } },
{ "type": "Feature", "properties": { "sample_id": "ID104P781365", "latitude": 59.34577, "longitude": -128.85969, "rock_class": "metamorphic rocks", "rock_type": "mid amphibolite/andalusite grade metamorphic rocks", "terrane": "Cassiar", "terrane_name": "Cassiar", "era": "Proterozoic", "lithium_ppm": 85.7, "cobalt_ppm": 15.8, "nickel_ppm": 44.6, "score_battery": 1.6225203499546481, "rank_battery": 310, "dist_to_fault_km": 3.88, "dist_to_terrane_boundary_km": 24.93, "grid_id": "159_83", "year": 1978 }, "geometry": { "type": "Point", "coordinates": [ -128.85969, 59.34577 ] } },
{ "type": "Feature", "properties": { "sample_id": "ID104P781503", "latitude": 59.36284, "longitude": -129.84552, "rock_class": "sedimentary rocks", "rock_type": "quartzite, quartz arenite sedimentary rocks", "terrane": "Cassiar", "terrane_name": "Cassiar", "era": "Paleozoic", "lithium_ppm": 36.1, "cobalt_ppm": 22.1, "nickel_ppm": 80.6, "score_battery": 1.347580058747649, "rank_battery": 894, "dist_to_fault_km": 0.27, "dist_to_terrane_boundary_km": 1.31, "grid_id": "160_78", "year": 1978 }, "geometry": { "type": "Point", "coordinates": [ -129.84552, 59.36284 ] } },
{ "type": "Feature", "properties": { "sample_id": "ID104P781547", "latitude": 59.22775, "longitude": -129.5068, "rock_class": "volcanic rocks", "rock_type": "basaltic volcanic rocks", "terrane": "Slide Mountain", "terrane_name": "Slide Mountain", "era": "Paleozoic", "lithium_ppm": 28.4, "cobalt_ppm": 29.3, "nickel_ppm": 82.9, "score_battery": 1.3349537481087475, "rank_battery": 940, "dist_to_fault_km": 0.29, "dist_to_terrane_boundary_km": 3.32, "grid_id": "158_79", "year": 1978 }, "geometry": { "type": "Point", "coordinates": [ -129.5068, 59.22775 ] } },
{ "type": "Feature", "properties": { "sample_id": "ID104P781706", "latitude": 59.08661, "longitude": -128.8864, "rock_class": "sedimentary rocks", "rock_type": "mudstone/laminite fine clastic sedimentary rocks", "terrane": "Slide Mountain", "terrane_name": "Slide Mountain", "era": "Paleozoic", "lithium_ppm": 5.8, "cobalt_ppm": 71.5, "nickel_ppm": 1294.7, "score_battery": 1.5035750956701557, "rank_battery": 513, "dist_to_fault_km": 0.08, "dist_to_terrane_boundary_km": 2.46, "grid_id": "157_83", "year": 1978 }, "geometry": { "type": "Point", "coordinates": [ -128.8864, 59.08661 ] } },
{ "type": "Feature", "properties": { "sample_id": "ID104P781766", "latitude": 59.22451, "longitude": -129.41274, "rock_class": "metamorphic rocks", "rock_type": "serpentinite ultramafic rocks", "terrane": "Slide Mountain", "terrane_name": "Slide Mountain", "era": "Paleozoic", "lithium_ppm": 8.2, "cobalt_ppm": 48.3, "nickel_ppm": 686.9, "score_battery": 1.3403994191121256, "rank_battery": 918, "dist_to_fault_km": 0.12, "dist_to_terrane_boundary_km": 3.27, "grid_id": "158_80", "year": 1978 }, "geometry": { "type": "Point", "coordinates": [ -129.41274, 59.22451 ] } },
{ "type": "Feature", "properties": { "sample_id": "ID104P781767", "latitude": 59.22451, "longitude": -129.41274, "rock_class": "metamorphic rocks", "rock_type": "serpentinite ultramafic rocks", "terrane": "Slide Mountain", "terrane_name": "Slide Mountain", "era": "Paleozoic", "lithium_ppm": 10.2, "cobalt_ppm": 59.3, "nickel_ppm": 851.8, "score_battery": 1.6461169997086151, "rank_battery": 271, "dist_to_fault_km": 0.12, "dist_to_terrane_boundary_km": 3.27, "grid_id": "158_80", "year": 1978 }, "geometry": { "type": "Point", "coordinates": [ -129.41274, 59.22451 ] } },
{ "type": "Feature", "properties": { "sample_id": "ID104P781823", "latitude": 59.15289, "longitude": -129.36182, "rock_class": "intrusive rocks", "rock_type": "tonalite intrusive rocks", "terrane": "Yukon-Tanana", "terrane_name": "Yukon-Tanana", "era": "Paleozoic", "lithium_ppm": 34.3, "cobalt_ppm": 31.5, "nickel_ppm": 86.1, "score_battery": 1.5125131936564493, "rank_battery": 488, "dist_to_fault_km": 0.65, "dist_to_terrane_boundary_km": 1.56, "grid_id": "157_80", "year": 1978 }, "geometry": { "type": "Point", "coordinates": [ -129.36182, 59.15289 ] } },
{ "type": "Feature", "properties": { "sample_id": "ID104P781844", "latitude": 59.26468, "longitude": -129.95075, "rock_class": "intrusive rocks", "rock_type": "granite, alkali feldspar granite intrusive rocks", "terrane": "Post Accretionary", "terrane_name": "Cassiar", "era": "Mesozoic", "lithium_ppm": 77.1, "cobalt_ppm": 12.6, "nickel_ppm": 45.1, "score_battery": 1.4382600378979706, "rank_battery": 650, "dist_to_fault_km": 6.79, "dist_to_terrane_boundary_km": 9.16, "grid_id": "159_77", "year": 1978 }, "geometry": { "type": "Point", "coordinates": [ -129.95075, 59.26468 ] } },
{ "type": "Feature", "properties": { "sample_id": "ID104P781931", "latitude": 59.42227, "longitude": -129.64421, "rock_class": "sedimentary rocks", "rock_type": "chert, siliceous argillite, siliciclastic rocks", "terrane": "Cassiar", "terrane_name": "Cassiar", "era": "Paleozoic", "lithium_ppm": 10.4, "cobalt_ppm": 45.4, "nickel_ppm": 449.1, "score_battery": 1.3452887291147497, "rank_battery": 904, "dist_to_fault_km": 0.34, "dist_to_terrane_boundary_km": 0.34, "grid_id": "160_79", "year": 1978 }, "geometry": { "type": "Point", "coordinates": [ -129.64421, 59.42227 ] } },
{ "type": "Feature", "properties": { "sample_id": "ID104P781932", "latitude": 59.42227, "longitude": -129.64421, "rock_class": "sedimentary rocks", "rock_type": "chert, siliceous argillite, siliciclastic rocks", "terrane": "Cassiar", "terrane_name": "Cassiar", "era": "Paleozoic", "lithium_ppm": 11.3, "cobalt_ppm": 46.0, "nickel_ppm": 467.3, "score_battery": 1.416888753312783, "rank_battery": 703, "dist_to_fault_km": 0.34, "dist_to_terrane_boundary_km": 0.34, "grid_id": "160_79", "year": 1978 }, "geometry": { "type": "Point", "coordinates": [ -129.64421, 59.42227 ] } }
]
}
