{
"type": "FeatureCollection",
"name": "targets_porphyry",
"crs": { "type": "name", "properties": { "name": "urn:ogc:def:crs:OGC:1.3:CRS84" } },
"features": [
{ "type": "Feature", "properties": { "sample_id": "ID082E761038", "latitude": 49.21144974, "longitude": -119.9343618, "rock_class": "metamorphic rocks", "rock_type": "greenstone, greenschist metamorphic rocks", "terrane": "Quesnellia", "terrane_name": "Okanagan", "era": "Mesozoic", "copper_ppm": 160.5, "gold_ppm": 0.01319999981, "molybdenum_ppm": 4.76, "arsenic_ppm": 41.0, "cobalt_ppm": 17.8, "score_porphyry": 1.5797846734722989, "rank_porphyry": 536, "dist_to_fault_km": 0.03, "dist_to_terrane_boundary_km": 10.24, "grid_id": "48_144", "year": 1976 }, "geometry": { "type": "Point", "coordinates": [ -119.9343618, 49.21144974 ] } },
{ "type": "Feature", "properties": { "sample_id": "ID082E763018", "latitude": 49.38087213, "longitude": -119.8105597, "rock_class": "sedimentary rocks", "rock_type": "chert, siliceous argillite, siliciclastic rocks", "terrane": "Quesnellia", "terrane_name": "Okanagan", "era": "Paleozoic to Mesozoic", "copper_ppm": 110.5, "gold_ppm": 0.01480000019, "molybdenum_ppm": 3.62, "arsenic_ppm": 66.09999847, "cobalt_ppm": 30.4, "score_porphyry": 1.4747481508649316, "rank_porphyry": 662, "dist_to_fault_km": 0.61, "dist_to_terrane_boundary_km": 0.8, "grid_id": "50_144", "year": 1976 }, "geometry": { "type": "Point", "coordinates": [ -119.810559700000013, 49.380872129999979 ] } },
{ "type": "Feature", "properties": { "sample_id": "ID082E763034", "latitude": 49.26340183, "longitude": -119.8333779, "rock_class": "intrusive rocks", "rock_type": "syenitic to monzonitic intrusive rocks", "terrane": "Post Accretionary", "terrane_name": "Okanagan", "era": "Mesozoic", "copper_ppm": 92.7, "gold_ppm": 0.0035, "molybdenum_ppm": 6.03, "arsenic_ppm": 17.0, "cobalt_ppm": 29.0, "score_porphyry": 1.3574551475564802, "rank_porphyry": 850, "dist_to_fault_km": 3.83, "dist_to_terrane_boundary_km": 2.44, "grid_id": "49_144", "year": 1976 }, "geometry": { "type": "Point", "coordinates": [ -119.8333779, 49.263401829999985 ] } },
{ "type": "Feature", "properties": { "sample_id": "ID082E763040", "latitude": 49.27577441, "longitude": -119.7084637, "rock_class": "sedimentary rocks", "rock_type": "chert, siliceous argillite, siliciclastic rocks", "terrane": "Quesnellia", "terrane_name": "Quesnellia", "era": "Paleozoic to Mesozoic", "copper_ppm": 45.4, "gold_ppm": 0.723, "molybdenum_ppm": 0.56, "arsenic_ppm": 1.7999999520000001, "cobalt_ppm": 7.7, "score_porphyry": 2.7230731431803523, "rank_porphyry": 117, "dist_to_fault_km": 0.27, "dist_to_terrane_boundary_km": 0.29, "grid_id": "49_145", "year": 1976 }, "geometry": { "type": "Point", "coordinates": [ -119.7084637, 49.275774409999975 ] } },
{ "type": "Feature", "properties": { "sample_id": "ID082E763043", "latitude": 49.29423247, "longitude": -119.7139599, "rock_class": "volcanic rocks", "rock_type": "undivided volcanic rocks", "terrane": "Overlap", "terrane_name": "Quesnellia", "era": "Cenozoic", "copper_ppm": 29.1, "gold_ppm": 0.391, "molybdenum_ppm": 0.38, "arsenic_ppm": 1.5, "cobalt_ppm": 6.0, "score_porphyry": 1.3658851246327304, "rank_porphyry": 835, "dist_to_fault_km": 1.43, "dist_to_terrane_boundary_km": 1.98, "grid_id": "49_145", "year": 1976 }, "geometry": { "type": "Point", "coordinates": [ -119.71395990000002, 49.294232469999983 ] } },
{ "type": "Feature", "properties": { "sample_id": "ID082E763096", "latitude": 49.71937814, "longitude": -119.9079483, "rock_class": "intrusive rocks", "rock_type": "granite, alkali feldspar granite intrusive rocks", "terrane": "Post Accretionary", "terrane_name": "Quesnellia", "era": "Mesozoic", "copper_ppm": 96.5, "gold_ppm": 0.005199999809, "molybdenum_ppm": 17.05, "arsenic_ppm": 4.0, "cobalt_ppm": 5.7, "score_porphyry": 1.3487789526376626, "rank_porphyry": 867, "dist_to_fault_km": 7.9, "dist_to_terrane_boundary_km": 11.62, "grid_id": "54_143", "year": 1976 }, "geometry": { "type": "Point", "coordinates": [ -119.907948299999987, 49.719378139999989 ] } },
{ "type": "Feature", "properties": { "sample_id": "ID082E763100", "latitude": 49.73108493, "longitude": -119.9317431, "rock_class": "intrusive rocks", "rock_type": "granite, alkali feldspar granite intrusive rocks", "terrane": "Post Accretionary", "terrane_name": "Quesnellia", "era": "Mesozoic", "copper_ppm": 162.5, "gold_ppm": 0.004199999809, "molybdenum_ppm": 43.5, "arsenic_ppm": 2.2000000480000002, "cobalt_ppm": 4.2, "score_porphyry": 1.8365646997887244, "rank_porphyry": 337, "dist_to_fault_km": 9.68, "dist_to_terrane_boundary_km": 12.86, "grid_id": "54_143", "year": 1976 }, "geometry": { "type": "Point", "coordinates": [ -119.93174310000002, 49.73108493 ] } },
{ "type": "Feature", "properties": { "sample_id": "ID082E763184", "latitude": 49.57761916, "longitude": -118.3610927, "rock_class": "volcanic rocks", "rock_type": "undivided volcanic rocks", "terrane": "Overlap", "terrane_name": "Quesnellia", "era": "Cenozoic", "copper_ppm": 426.0, "gold_ppm": 0.0115, "molybdenum_ppm": 2.8, "arsenic_ppm": 3.0999999049999998, "cobalt_ppm": 8.5, "score_porphyry": 1.4843868858661433, "rank_porphyry": 642, "dist_to_fault_km": 3.8, "dist_to_terrane_boundary_km": 3.92, "grid_id": "53_155", "year": 1976 }, "geometry": { "type": "Point", "coordinates": [ -118.3610927, 49.57761916 ] } },
{ "type": "Feature", "properties": { "sample_id": "ID082E765091", "latitude": 49.84331481, "longitude": -119.9932716, "rock_class": "intrusive rocks", "rock_type": "granodioritic intrusive rocks", "terrane": "Quesnellia", "terrane_name": "Quesnellia", "era": "Mesozoic", "copper_ppm": 76.7, "gold_ppm": 0.0045999999049999999, "molybdenum_ppm": 12.6, "arsenic_ppm": 50.20000076, "cobalt_ppm": 10.7, "score_porphyry": 1.4763015235934085, "rank_porphyry": 657, "dist_to_fault_km": 15.48, "dist_to_terrane_boundary_km": 18.97, "grid_id": "55_143", "year": 1976 }, "geometry": { "type": "Point", "coordinates": [ -119.993271600000014, 49.84331481 ] } },
{ "type": "Feature", "properties": { "sample_id": "ID082E765100", "latitude": 49.86122271, "longitude": -119.9661421, "rock_class": "intrusive rocks", "rock_type": "granodioritic intrusive rocks", "terrane": "Quesnellia", "terrane_name": "Quesnellia", "era": "Mesozoic", "copper_ppm": 1790.0, "gold_ppm": 0.014, "molybdenum_ppm": 94.8, "arsenic_ppm": 9.300000191000001, "cobalt_ppm": 10.7, "score_porphyry": 3.5335713040408585, "rank_porphyry": 54, "dist_to_fault_km": 13.72, "dist_to_terrane_boundary_km": 18.37, "grid_id": "55_143", "year": 1976 }, "geometry": { "type": "Point", "coordinates": [ -119.9661421, 49.861222709999964 ] } },
{ "type": "Feature", "properties": { "sample_id": "ID082E765120", "latitude": 49.0801792, "longitude": -118.5466602, "rock_class": "sedimentary rocks", "rock_type": "undivided sedimentary rocks", "terrane": "Quesnellia", "terrane_name": "Quesnellia", "era": "Mesozoic", "copper_ppm": 861.0, "gold_ppm": 0.436, "molybdenum_ppm": 2.19, "arsenic_ppm": 107.5, "cobalt_ppm": 44.0, "score_porphyry": 4.0953786365701035, "rank_porphyry": 44, "dist_to_fault_km": 0.22, "dist_to_terrane_boundary_km": 5.71, "grid_id": "48_154", "year": 1976 }, "geometry": { "type": "Point", "coordinates": [ -118.5466602, 49.0801792 ] } },
{ "type": "Feature", "properties": { "sample_id": "ID082E765122", "latitude": 49.10589866, "longitude": -118.5392522, "rock_class": "sedimentary rocks", "rock_type": "undivided sedimentary rocks", "terrane": "Quesnellia", "terrane_name": "Quesnellia", "era": "Mesozoic", "copper_ppm": 369.0, "gold_ppm": 0.105, "molybdenum_ppm": 1.98, "arsenic_ppm": 15.89999962, "cobalt_ppm": 12.6, "score_porphyry": 1.9765622921672321, "rank_porphyry": 276, "dist_to_fault_km": 0.13, "dist_to_terrane_boundary_km": 3.63, "grid_id": "48_154", "year": 1976 }, "geometry": { "type": "Point", "coordinates": [ -118.539252200000021, 49.10589866 ] } },
{ "type": "Feature", "properties": { "sample_id": "ID082E765123", "latitude": 49.09685535, "longitude": -118.6349359, "rock_class": "intrusive rocks", "rock_type": "granodioritic intrusive rocks", "terrane": "Post Accretionary", "terrane_name": "Quesnellia", "era": "Mesozoic", "copper_ppm": 332.0, "gold_ppm": 0.0475, "molybdenum_ppm": 2.34, "arsenic_ppm": 25.20000076, "cobalt_ppm": 17.2, "score_porphyry": 1.8056975535718209, "rank_porphyry": 361, "dist_to_fault_km": 0.64, "dist_to_terrane_boundary_km": 0.18, "grid_id": "48_153", "year": 1976 }, "geometry": { "type": "Point", "coordinates": [ -118.6349359, 49.096855349999984 ] } },
{ "type": "Feature", "properties": { "sample_id": "ID082E765126", "latitude": 49.08645656, "longitude": -118.6650963, "rock_class": "intrusive rocks", "rock_type": "granodioritic intrusive rocks", "terrane": "Post Accretionary", "terrane_name": "Okanagan", "era": "Mesozoic", "copper_ppm": 178.0, "gold_ppm": 0.04829999924, "molybdenum_ppm": 1.33, "arsenic_ppm": 17.5, "cobalt_ppm": 11.7, "score_porphyry": 1.2878955679766624, "rank_porphyry": 986, "dist_to_fault_km": 0.93, "dist_to_terrane_boundary_km": 2.03, "grid_id": "48_153", "year": 1976 }, "geometry": { "type": "Point", "coordinates": [ -118.665096300000016, 49.08645656 ] } },
{ "type": "Feature", "properties": { "sample_id": "ID082E765155", "latitude": 49.19943706, "longitude": -118.4221205, "rock_class": "intrusive rocks", "rock_type": "granite, alkali feldspar granite intrusive rocks", "terrane": "Post Accretionary", "terrane_name": "Quesnellia", "era": "Mesozoic", "copper_ppm": 263.0, "gold_ppm": 0.015, "molybdenum_ppm": 1.89, "arsenic_ppm": 19.79999924, "cobalt_ppm": 14.2, "score_porphyry": 1.4315120714340053, "rank_porphyry": 721, "dist_to_fault_km": 0.9, "dist_to_terrane_boundary_km": 0.24, "grid_id": "49_155", "year": 1976 }, "geometry": { "type": "Point", "coordinates": [ -118.42212050000002, 49.199437059999987 ] } },
{ "type": "Feature", "properties": { "sample_id": "ID082E765251", "latitude": 49.95906426, "longitude": -118.6737965, "rock_class": "metamorphic rocks", "rock_type": "metamorphic rocks, undivided", "terrane": "North America - basinal strata", "terrane_name": "Okanagan", "era": "Proterozoic to Paleozoic", "copper_ppm": 7.76, "gold_ppm": 0.671, "molybdenum_ppm": 0.71, "arsenic_ppm": 0.69999998799999996, "cobalt_ppm": 7.0, "score_porphyry": 1.7845596961677397, "rank_porphyry": 369, "dist_to_fault_km": 8.53, "dist_to_terrane_boundary_km": 1.36, "grid_id": "57_152", "year": 1976 }, "geometry": { "type": "Point", "coordinates": [ -118.6737965, 49.959064259999984 ] } },
{ "type": "Feature", "properties": { "sample_id": "ID082E767043", "latitude": 49.07204302, "longitude": -119.1553497, "rock_class": "intrusive rocks", "rock_type": "granite, alkali feldspar granite intrusive rocks", "terrane": "Post Accretionary", "terrane_name": "Okanagan", "era": "Mesozoic", "copper_ppm": 67.7, "gold_ppm": 1.205, "molybdenum_ppm": 0.34, "arsenic_ppm": 5.5999999049999998, "cobalt_ppm": 4.5, "score_porphyry": 4.0747751319736176, "rank_porphyry": 45, "dist_to_fault_km": 3.57, "dist_to_terrane_boundary_km": 10.22, "grid_id": "47_149", "year": 1976 }, "geometry": { "type": "Point", "coordinates": [ -119.1553497, 49.07204302 ] } },
{ "type": "Feature", "properties": { "sample_id": "ID082E767057", "latitude": 49.10265659, "longitude": -119.1755428, "rock_class": "metamorphic rocks", "rock_type": "greenstone, greenschist metamorphic rocks", "terrane": "Quesnellia", "terrane_name": "Okanagan", "era": "Paleozoic", "copper_ppm": 434.0, "gold_ppm": 2.72, "molybdenum_ppm": 0.56, "arsenic_ppm": 65.59999847, "cobalt_ppm": 10.0, "score_porphyry": 7.9325902079018054, "rank_porphyry": 13, "dist_to_fault_km": 3.52, "dist_to_terrane_boundary_km": 8.5, "grid_id": "47_149", "year": 1976 }, "geometry": { "type": "Point", "coordinates": [ -119.1755428, 49.10265659 ] } },
{ "type": "Feature", "properties": { "sample_id": "ID082E767213", "latitude": 49.1031083, "longitude": -118.7130319, "rock_class": "sedimentary rocks", "rock_type": "chert, siliceous argillite, siliciclastic rocks", "terrane": "Quesnellia", "terrane_name": "Okanagan", "era": "Paleozoic", "copper_ppm": 395.0, "gold_ppm": 0.192, "molybdenum_ppm": 1.03, "arsenic_ppm": 18.5, "cobalt_ppm": 10.7, "score_porphyry": 2.2226762536947948, "rank_porphyry": 195, "dist_to_fault_km": 0.13, "dist_to_terrane_boundary_km": 3.58, "grid_id": "48_153", "year": 1976 }, "geometry": { "type": "Point", "coordinates": [ -118.7130319, 49.103108299999988 ] } },
{ "type": "Feature", "properties": { "sample_id": "ID082E769439", "latitude": 49.9101562, "longitude": -119.9737558, "rock_class": "intrusive rocks", "rock_type": "granodioritic intrusive rocks", "terrane": "Quesnellia", "terrane_name": "Quesnellia", "era": "Mesozoic", "copper_ppm": 416.0, "gold_ppm": 0.005300000191, "molybdenum_ppm": 24.0, "arsenic_ppm": 25.10000038, "cobalt_ppm": 11.6, "score_porphyry": 2.4195981744689457, "rank_porphyry": 158, "dist_to_fault_km": 15.52, "dist_to_terrane_boundary_km": 22.4, "grid_id": "56_143", "year": 1976 }, "geometry": { "type": "Point", "coordinates": [ -119.973755800000021, 49.910156199999975 ] } },
{ "type": "Feature", "properties": { "sample_id": "ID082F771024", "latitude": 49.08353, "longitude": -117.75677, "rock_class": "intrusive rocks", "rock_type": "quartz monzonitic intrusive rocks", "terrane": "Quesnellia", "terrane_name": "Quesnellia", "era": "Mesozoic", "copper_ppm": 238.94, "gold_ppm": 1.758400024, "molybdenum_ppm": 3.17, "arsenic_ppm": 21.60000038, "cobalt_ppm": 17.2, "score_porphyry": 6.5365366194843926, "rank_porphyry": 17, "dist_to_fault_km": 1.7, "dist_to_terrane_boundary_km": 5.42, "grid_id": "48_160", "year": 1977 }, "geometry": { "type": "Point", "coordinates": [ -117.75677, 49.08353 ] } },
{ "type": "Feature", "properties": { "sample_id": "ID082F773055", "latitude": 49.14065, "longitude": -117.13129, "rock_class": "sedimentary rocks", "rock_type": "quartzite, quartz arenite sedimentary rocks", "terrane": "North America - basinal strata", "terrane_name": "North America - basinal strata", "era": "Proterozoic to Paleozoic", "copper_ppm": 24.19, "gold_ppm": 4.1415, "molybdenum_ppm": 0.37, "arsenic_ppm": 4.4000000950000002, "cobalt_ppm": 10.0, "score_porphyry": 7.9361307037605515, "rank_porphyry": 12, "dist_to_fault_km": 0.55, "dist_to_terrane_boundary_km": 0.87, "grid_id": "49_164", "year": 1977 }, "geometry": { "type": "Point", "coordinates": [ -117.13129, 49.14065 ] } },
{ "type": "Feature", "properties": { "sample_id": "ID082F773057", "latitude": 49.14875, "longitude": -117.1726, "rock_class": "sedimentary rocks", "rock_type": "mudstone, siltstone, shale fine clastic sedimentary rocks", "terrane": "Kootenay", "terrane_name": "North America - basinal strata", "era": "Paleozoic", "copper_ppm": 71.49, "gold_ppm": 0.2315, "molybdenum_ppm": 3.62, "arsenic_ppm": 5.4000000950000002, "cobalt_ppm": 10.5, "score_porphyry": 1.8155644129639055, "rank_porphyry": 357, "dist_to_fault_km": 1.52, "dist_to_terrane_boundary_km": 3.94, "grid_id": "49_164", "year": 1977 }, "geometry": { "type": "Point", "coordinates": [ -117.1726, 49.14875 ] } },
{ "type": "Feature", "properties": { "sample_id": "ID082F773064", "latitude": 49.07335, "longitude": -117.24777, "rock_class": "sedimentary rocks", "rock_type": "undivided sedimentary rocks", "terrane": "North America - basinal strata", "terrane_name": "North America - basinal strata", "era": "Paleozoic", "copper_ppm": 302.44, "gold_ppm": 0.6872000122, "molybdenum_ppm": 40.99, "arsenic_ppm": 1561.5, "cobalt_ppm": 106.6, "score_porphyry": 5.859920693647906, "rank_porphyry": 24, "dist_to_fault_km": 0.21, "dist_to_terrane_boundary_km": 4.22, "grid_id": "49_163", "year": 1977 }, "geometry": { "type": "Point", "coordinates": [ -117.24777, 49.07335 ] } },
{ "type": "Feature", "properties": { "sample_id": "ID082F775131", "latitude": 49.48642, "longitude": -116.21684, "rock_class": "sedimentary rocks", "rock_type": "undivided sedimentary rocks", "terrane": "North America - platformal strata", "terrane_name": "North America - platformal strata", "era": "Proterozoic", "copper_ppm": 9.47, "gold_ppm": 40.63039844, "molybdenum_ppm": 0.64, "arsenic_ppm": 3.0999999049999998, "cobalt_ppm": 7.6, "score_porphyry": 17.922501072925311, "rank_porphyry": 1, "dist_to_fault_km": 0.08, "dist_to_terrane_boundary_km": 44.78, "grid_id": "54_170", "year": 1977 }, "geometry": { "type": "Point", "coordinates": [ -116.21684, 49.48642 ] } },
{ "type": "Feature", "properties": { "sample_id": "ID082F775225", "latitude": 49.9426, "longitude": -116.25276, "rock_class": "sedimentary rocks", "rock_type": "argillite, greywacke, wacke, conglomerate turbidites", "terrane": "North America - platformal strata", "terrane_name": "North America - platformal strata", "era": "Proterozoic", "copper_ppm": 52.9, "gold_ppm": 0.0024000000950000003, "molybdenum_ppm": 8.24, "arsenic_ppm": 161.1000061, "cobalt_ppm": 22.7, "score_porphyry": 1.3962887616190898, "rank_porphyry": 784, "dist_to_fault_km": 4.53, "dist_to_terrane_boundary_km": 34.81, "grid_id": "59_169", "year": 1977 }, "geometry": { "type": "Point", "coordinates": [ -116.25276, 49.9426 ] } },
{ "type": "Feature", "properties": { "sample_id": "ID082F775231", "latitude": 49.97075, "longitude": -116.16639, "rock_class": "sedimentary rocks", "rock_type": "argillite, greywacke, wacke, conglomerate turbidites", "terrane": "North America - platformal strata", "terrane_name": "North America - platformal strata", "era": "Proterozoic", "copper_ppm": 103.77, "gold_ppm": 0.0011000000240000002, "molybdenum_ppm": 13.79, "arsenic_ppm": 19.89999962, "cobalt_ppm": 42.8, "score_porphyry": 1.7682708888277023, "rank_porphyry": 382, "dist_to_fault_km": 8.03, "dist_to_terrane_boundary_km": 41.5, "grid_id": "59_170", "year": 1977 }, "geometry": { "type": "Point", "coordinates": [ -116.16639, 49.97075 ] } },
{ "type": "Feature", "properties": { "sample_id": "ID082F775365", "latitude": 49.80089, "longitude": -116.33668, "rock_class": "sedimentary rocks", "rock_type": "argillite, greywacke, wacke, conglomerate turbidites", "terrane": "North America - platformal strata", "terrane_name": "North America - platformal strata", "era": "Proterozoic", "copper_ppm": 91.03, "gold_ppm": 0.00040000000600000005, "molybdenum_ppm": 3.3, "arsenic_ppm": 95.59999847, "cobalt_ppm": 24.8, "score_porphyry": 1.2921827738749179, "rank_porphyry": 974, "dist_to_fault_km": 2.65, "dist_to_terrane_boundary_km": 28.96, "grid_id": "57_169", "year": 1977 }, "geometry": { "type": "Point", "coordinates": [ -116.33668, 49.80089 ] } },
{ "type": "Feature", "properties": { "sample_id": "ID082F777040", "latitude": 49.0247, "longitude": -117.84156, "rock_class": "volcanic rocks", "rock_type": "basaltic volcanic rocks", "terrane": "Quesnellia", "terrane_name": "Quesnellia", "era": "Mesozoic", "copper_ppm": 57.58, "gold_ppm": 0.4487999878, "molybdenum_ppm": 2.53, "arsenic_ppm": 25.79999924, "cobalt_ppm": 10.5, "score_porphyry": 2.5716901751413515, "rank_porphyry": 135, "dist_to_fault_km": 1.61, "dist_to_terrane_boundary_km": 3.81, "grid_id": "47_159", "year": 1977 }, "geometry": { "type": "Point", "coordinates": [ -117.84156, 49.0247 ] } },
{ "type": "Feature", "properties": { "sample_id": "ID082F777291", "latitude": 49.85245, "longitude": -117.13423, "rock_class": "intrusive rocks", "rock_type": "granodioritic intrusive rocks", "terrane": "Post Accretionary", "terrane_name": "Quesnellia", "era": "Mesozoic", "copper_ppm": 53.23, "gold_ppm": 0.01839999962, "molybdenum_ppm": 7.64, "arsenic_ppm": 92.80000305, "cobalt_ppm": 12.2, "score_porphyry": 1.2899241342711072, "rank_porphyry": 979, "dist_to_fault_km": 12.01, "dist_to_terrane_boundary_km": 11.35, "grid_id": "57_163", "year": 1977 }, "geometry": { "type": "Point", "coordinates": [ -117.13423, 49.85245 ] } },
{ "type": "Feature", "properties": { "sample_id": "ID082F779045", "latitude": 49.46348, "longitude": -117.29536, "rock_class": "intrusive rocks", "rock_type": "granodioritic intrusive rocks", "terrane": "Post Accretionary", "terrane_name": "Quesnellia", "era": "Mesozoic", "copper_ppm": 301.26, "gold_ppm": 0.03029999924, "molybdenum_ppm": 0.49, "arsenic_ppm": 17.10000038, "cobalt_ppm": 18.1, "score_porphyry": 1.3357774390792072, "rank_porphyry": 895, "dist_to_fault_km": 6.27, "dist_to_terrane_boundary_km": 18.27, "grid_id": "53_162", "year": 1977 }, "geometry": { "type": "Point", "coordinates": [ -117.29536, 49.46348 ] } },
{ "type": "Feature", "properties": { "sample_id": "ID082F779060", "latitude": 49.44608, "longitude": -117.28188, "rock_class": "volcanic rocks", "rock_type": "basaltic volcanic rocks", "terrane": "Quesnellia", "terrane_name": "Quesnellia", "era": "Mesozoic", "copper_ppm": 150.95, "gold_ppm": 0.01710000038, "molybdenum_ppm": 17.35, "arsenic_ppm": 8.0, "cobalt_ppm": 25.9, "score_porphyry": 1.923912696248707, "rank_porphyry": 294, "dist_to_fault_km": 5.86, "dist_to_terrane_boundary_km": 16.56, "grid_id": "53_163", "year": 1977 }, "geometry": { "type": "Point", "coordinates": [ -117.28188, 49.44608 ] } },
{ "type": "Feature", "properties": { "sample_id": "ID082F779062", "latitude": 49.43268, "longitude": -117.26952, "rock_class": "volcanic rocks", "rock_type": "basaltic volcanic rocks", "terrane": "Quesnellia", "terrane_name": "Quesnellia", "era": "Mesozoic", "copper_ppm": 141.47, "gold_ppm": 0.05609999847, "molybdenum_ppm": 1.86, "arsenic_ppm": 13.30000019, "cobalt_ppm": 22.5, "score_porphyry": 1.3837249346861069, "rank_porphyry": 806, "dist_to_fault_km": 5.9, "dist_to_terrane_boundary_km": 15.11, "grid_id": "52_163", "year": 1977 }, "geometry": { "type": "Point", "coordinates": [ -117.26952, 49.43268 ] } },
{ "type": "Feature", "properties": { "sample_id": "ID082F779063", "latitude": 49.42181, "longitude": -117.22553, "rock_class": "volcanic rocks", "rock_type": "basaltic volcanic rocks", "terrane": "Quesnellia", "terrane_name": "Quesnellia", "era": "Mesozoic", "copper_ppm": 63.03, "gold_ppm": 0.4148999939, "molybdenum_ppm": 1.57, "arsenic_ppm": 6.300000191, "cobalt_ppm": 18.4, "score_porphyry": 2.327914781865196, "rank_porphyry": 172, "dist_to_fault_km": 8.64, "dist_to_terrane_boundary_km": 11.71, "grid_id": "52_163", "year": 1977 }, "geometry": { "type": "Point", "coordinates": [ -117.22553, 49.42181 ] } },
{ "type": "Feature", "properties": { "sample_id": "ID082F779199", "latitude": 49.96239, "longitude": -117.22256, "rock_class": "sedimentary rocks", "rock_type": "limestone, slate, siltstone, argillite", "terrane": "Quesnellia", "terrane_name": "Quesnellia", "era": "Mesozoic", "copper_ppm": 76.17, "gold_ppm": 0.01820000076, "molybdenum_ppm": 9.21, "arsenic_ppm": 27.60000038, "cobalt_ppm": 20.8, "score_porphyry": 1.4784542622118446, "rank_porphyry": 653, "dist_to_fault_km": 10.86, "dist_to_terrane_boundary_km": 12.3, "grid_id": "58_162", "year": 1977 }, "geometry": { "type": "Point", "coordinates": [ -117.22256, 49.96239 ] } },
{ "type": "Feature", "properties": { "sample_id": "ID082F779202", "latitude": 49.99658, "longitude": -117.24898, "rock_class": "sedimentary rocks", "rock_type": "limestone, slate, siltstone, argillite", "terrane": "Quesnellia", "terrane_name": "Quesnellia", "era": "Mesozoic", "copper_ppm": 82.65, "gold_ppm": 0.0029000000950000003, "molybdenum_ppm": 12.94, "arsenic_ppm": 24.79999924, "cobalt_ppm": 26.4, "score_porphyry": 1.5907316368994378, "rank_porphyry": 523, "dist_to_fault_km": 9.45, "dist_to_terrane_boundary_km": 10.83, "grid_id": "59_162", "year": 1977 }, "geometry": { "type": "Point", "coordinates": [ -117.24898, 49.99658 ] } },
{ "type": "Feature", "properties": { "sample_id": "ID082G901293", "latitude": 49.42010405, "longitude": -115.2380092, "rock_class": "sedimentary rocks", "rock_type": "argillite, greywacke, wacke, conglomerate turbidites", "terrane": "North America - platformal strata", "terrane_name": "North America - platformal strata", "era": "Proterozoic", "copper_ppm": 174.42, "gold_ppm": 0.0035, "molybdenum_ppm": 8.3, "arsenic_ppm": 86.2, "cobalt_ppm": 59.9, "score_porphyry": 2.0417246788211103, "rank_porphyry": 259, "dist_to_fault_km": 1.93, "dist_to_terrane_boundary_km": 99.56, "grid_id": "54_177", "year": 1990 }, "geometry": { "type": "Point", "coordinates": [ -115.2380092, 49.42010405 ] } },
{ "type": "Feature", "properties": { "sample_id": "ID082G907269", "latitude": 49.71273086, "longitude": -115.5584246, "rock_class": "sedimentary rocks", "rock_type": "argillite, greywacke, wacke, conglomerate turbidites", "terrane": "North America - platformal strata", "terrane_name": "North America - platformal strata", "era": "Proterozoic", "copper_ppm": 40.63, "gold_ppm": 0.3311, "molybdenum_ppm": 2.09, "arsenic_ppm": 31.7, "cobalt_ppm": 17.6, "score_porphyry": 2.0511052708104627, "rank_porphyry": 256, "dist_to_fault_km": 0.62, "dist_to_terrane_boundary_km": 85.71, "grid_id": "57_175", "year": 1990 }, "geometry": { "type": "Point", "coordinates": [ -115.5584246, 49.712730859999986 ] } },
{ "type": "Feature", "properties": { "sample_id": "ID082K771055", "latitude": 50.02781, "longitude": -116.17599, "rock_class": "sedimentary rocks", "rock_type": "argillite, greywacke, wacke, conglomerate turbidites", "terrane": "North America - platformal strata", "terrane_name": "North America - platformal strata", "era": "Proterozoic", "copper_ppm": 54.69, "gold_ppm": 0.01480000019, "molybdenum_ppm": 10.58, "arsenic_ppm": 105.1999969, "cobalt_ppm": 25.7, "score_porphyry": 1.5367706676922834, "rank_porphyry": 582, "dist_to_fault_km": 11.08, "dist_to_terrane_boundary_km": 42.07, "grid_id": "60_170", "year": 1977 }, "geometry": { "type": "Point", "coordinates": [ -116.17599, 50.02781 ] } },
{ "type": "Feature", "properties": { "sample_id": "ID082K773006", "latitude": 50.08174, "longitude": -117.39446, "rock_class": "sedimentary rocks", "rock_type": "limestone, slate, siltstone, argillite", "terrane": "Quesnellia", "terrane_name": "Quesnellia", "era": "Mesozoic", "copper_ppm": 64.79, "gold_ppm": 0.06379999924, "molybdenum_ppm": 5.8, "arsenic_ppm": 18.20000076, "cobalt_ppm": 14.9, "score_porphyry": 1.367816918380828, "rank_porphyry": 833, "dist_to_fault_km": 4.24, "dist_to_terrane_boundary_km": 7.3, "grid_id": "60_161", "year": 1977 }, "geometry": { "type": "Point", "coordinates": [ -117.39446, 50.08174 ] } },
{ "type": "Feature", "properties": { "sample_id": "ID082K773155", "latitude": 50.6554, "longitude": -117.37803, "rock_class": "sedimentary rocks", "rock_type": "limestone, slate, siltstone, argillite", "terrane": "Kootenay", "terrane_name": "North America - basinal strata", "era": "Paleozoic", "copper_ppm": 145.78, "gold_ppm": 0.06490000153, "molybdenum_ppm": 2.9, "arsenic_ppm": 90.0, "cobalt_ppm": 32.8, "score_porphyry": 1.8177571124954208, "rank_porphyry": 354, "dist_to_fault_km": 0.02, "dist_to_terrane_boundary_km": 12.66, "grid_id": "66_160", "year": 1977 }, "geometry": { "type": "Point", "coordinates": [ -117.37803, 50.6554 ] } },
{ "type": "Feature", "properties": { "sample_id": "ID082K773168", "latitude": 50.69065, "longitude": -117.68561, "rock_class": "sedimentary rocks", "rock_type": "limestone, slate, siltstone, argillite", "terrane": "Kootenay", "terrane_name": "North America - basinal strata", "era": "Paleozoic", "copper_ppm": 69.24, "gold_ppm": 0.001, "molybdenum_ppm": 11.04, "arsenic_ppm": 3.5999999049999998, "cobalt_ppm": 29.1, "score_porphyry": 1.281252315279571, "rank_porphyry": 1001, "dist_to_fault_km": 4.21, "dist_to_terrane_boundary_km": 5.19, "grid_id": "66_158", "year": 1977 }, "geometry": { "type": "Point", "coordinates": [ -117.68561, 50.69065 ] } },
{ "type": "Feature", "properties": { "sample_id": "ID082K773208", "latitude": 50.70421, "longitude": -117.46604, "rock_class": "sedimentary rocks", "rock_type": "limestone, slate, siltstone, argillite", "terrane": "Kootenay", "terrane_name": "North America - basinal strata", "era": "Paleozoic", "copper_ppm": 232.67, "gold_ppm": 0.02270000076, "molybdenum_ppm": 1.02, "arsenic_ppm": 71.30000305, "cobalt_ppm": 33.2, "score_porphyry": 1.549782408318958, "rank_porphyry": 572, "dist_to_fault_km": 0.4, "dist_to_terrane_boundary_km": 13.86, "grid_id": "66_160", "year": 1977 }, "geometry": { "type": "Point", "coordinates": [ -117.46604, 50.70421 ] } },
{ "type": "Feature", "properties": { "sample_id": "ID082K773257", "latitude": 50.47918, "longitude": -116.6107, "rock_class": "sedimentary rocks", "rock_type": "undivided sedimentary rocks", "terrane": "North America - platformal strata", "terrane_name": "North America - platformal strata", "era": "Proterozoic", "copper_ppm": 52.69, "gold_ppm": 0.8110999756, "molybdenum_ppm": 0.45, "arsenic_ppm": 61.20000076, "cobalt_ppm": 22.3, "score_porphyry": 3.5090546181350812, "rank_porphyry": 56, "dist_to_fault_km": 5.15, "dist_to_terrane_boundary_km": 25.06, "grid_id": "65_166", "year": 1977 }, "geometry": { "type": "Point", "coordinates": [ -116.6107, 50.47918 ] } },
{ "type": "Feature", "properties": { "sample_id": "ID082K773300", "latitude": 50.95906, "longitude": -116.92787, "rock_class": "sedimentary rocks", "rock_type": "coarse clastic sedimentary rocks", "terrane": "North America - platformal strata", "terrane_name": "North America - platformal strata", "era": "Proterozoic", "copper_ppm": 185.84, "gold_ppm": 0.048, "molybdenum_ppm": 0.55, "arsenic_ppm": 1217.0, "cobalt_ppm": 16.8, "score_porphyry": 1.6466332575210549, "rank_porphyry": 471, "dist_to_fault_km": 4.59, "dist_to_terrane_boundary_km": 33.26, "grid_id": "70_163", "year": 1977 }, "geometry": { "type": "Point", "coordinates": [ -116.92787, 50.95906 ] } },
{ "type": "Feature", "properties": { "sample_id": "ID082K773303", "latitude": 50.95012, "longitude": -116.97816, "rock_class": "sedimentary rocks", "rock_type": "coarse clastic sedimentary rocks", "terrane": "North America - platformal strata", "terrane_name": "North America - platformal strata", "era": "Proterozoic", "copper_ppm": 1102.35, "gold_ppm": 0.2541999969, "molybdenum_ppm": 0.73, "arsenic_ppm": 2844.300049, "cobalt_ppm": 18.7, "score_porphyry": 3.492324343205202, "rank_porphyry": 58, "dist_to_fault_km": 2.03, "dist_to_terrane_boundary_km": 29.97, "grid_id": "69_163", "year": 1977 }, "geometry": { "type": "Point", "coordinates": [ -116.97816, 50.95012 ] } },
{ "type": "Feature", "properties": { "sample_id": "ID082K775019", "latitude": 50.85589, "longitude": -117.8436, "rock_class": "sedimentary rocks", "rock_type": "mudstone, siltstone, shale fine clastic sedimentary rocks", "terrane": "Kootenay", "terrane_name": "North America - basinal strata", "era": "Paleozoic", "copper_ppm": 40.58, "gold_ppm": 0.3842000122, "molybdenum_ppm": 1.08, "arsenic_ppm": 21.10000038, "cobalt_ppm": 24.1, "score_porphyry": 2.1033612902414558, "rank_porphyry": 235, "dist_to_fault_km": 4.87, "dist_to_terrane_boundary_km": 14.6, "grid_id": "68_157", "year": 1977 }, "geometry": { "type": "Point", "coordinates": [ -117.8436, 50.85589 ] } },
{ "type": "Feature", "properties": { "sample_id": "ID082K775232", "latitude": 50.68819, "longitude": -117.07334, "rock_class": "sedimentary rocks", "rock_type": "quartzite, quartz arenite sedimentary rocks", "terrane": "North America - basinal strata", "terrane_name": "North America - platformal strata", "era": "Proterozoic to Paleozoic", "copper_ppm": 23.14, "gold_ppm": 0.7662999878000001, "molybdenum_ppm": 0.43, "arsenic_ppm": 12.0, "cobalt_ppm": 12.4, "score_porphyry": 2.7546532159313917, "rank_porphyry": 108, "dist_to_fault_km": 4.99, "dist_to_terrane_boundary_km": 8.02, "grid_id": "67_162", "year": 1977 }, "geometry": { "type": "Point", "coordinates": [ -117.07334, 50.68819 ] } },
{ "type": "Feature", "properties": { "sample_id": "ID082K775280", "latitude": 50.58066, "longitude": -116.60725, "rock_class": "sedimentary rocks", "rock_type": "coarse clastic sedimentary rocks", "terrane": "North America - platformal strata", "terrane_name": "North America - platformal strata", "era": "Proterozoic", "copper_ppm": 163.78, "gold_ppm": 0.004800000191, "molybdenum_ppm": 0.63, "arsenic_ppm": 152.1000061, "cobalt_ppm": 65.5, "score_porphyry": 1.4177880319996694, "rank_porphyry": 744, "dist_to_fault_km": 7.91, "dist_to_terrane_boundary_km": 30.48, "grid_id": "66_166", "year": 1977 }, "geometry": { "type": "Point", "coordinates": [ -116.60725, 50.58066 ] } },
{ "type": "Feature", "properties": { "sample_id": "ID082K775344", "latitude": 50.95561, "longitude": -116.70668, "rock_class": "sedimentary rocks", "rock_type": "coarse clastic sedimentary rocks", "terrane": "North America - platformal strata", "terrane_name": "North America - platformal strata", "era": "Proterozoic", "copper_ppm": 36.27, "gold_ppm": 1.912300049, "molybdenum_ppm": 0.47, "arsenic_ppm": 14.10000038, "cobalt_ppm": 18.5, "score_porphyry": 5.5279406192714298, "rank_porphyry": 29, "dist_to_fault_km": 4.1, "dist_to_terrane_boundary_km": 45.02, "grid_id": "70_165", "year": 1977 }, "geometry": { "type": "Point", "coordinates": [ -116.70668, 50.95561 ] } },
{ "type": "Feature", "properties": { "sample_id": "ID082K775386", "latitude": 50.18432, "longitude": -116.30259, "rock_class": "sedimentary rocks", "rock_type": "undivided sedimentary rocks", "terrane": "North America - platformal strata", "terrane_name": "North America - platformal strata", "era": "Proterozoic", "copper_ppm": 57.57, "gold_ppm": 0.08030000305, "molybdenum_ppm": 55.97, "arsenic_ppm": 489.7999878, "cobalt_ppm": 7.1, "score_porphyry": 2.4372073744247054, "rank_porphyry": 156, "dist_to_fault_km": 5.84, "dist_to_terrane_boundary_km": 34.76, "grid_id": "62_169", "year": 1977 }, "geometry": { "type": "Point", "coordinates": [ -116.30259, 50.18432 ] } },
{ "type": "Feature", "properties": { "sample_id": "ID082K775546", "latitude": 50.0409, "longitude": -117.00384, "rock_class": "sedimentary rocks", "rock_type": "limestone, slate, siltstone, argillite", "terrane": "Quesnellia", "terrane_name": "North America - basinal strata", "era": "Mesozoic", "copper_ppm": 114.13, "gold_ppm": 0.0155, "molybdenum_ppm": 2.79, "arsenic_ppm": 128.6999969, "cobalt_ppm": 43.7, "score_porphyry": 1.5477691164304395, "rank_porphyry": 573, "dist_to_fault_km": 0.06, "dist_to_terrane_boundary_km": 0.8, "grid_id": "59_164", "year": 1977 }, "geometry": { "type": "Point", "coordinates": [ -117.00384, 50.0409 ] } },
{ "type": "Feature", "properties": { "sample_id": "ID082K775623", "latitude": 50.12257, "longitude": -117.30281, "rock_class": "volcanic rocks", "rock_type": "basaltic volcanic rocks", "terrane": "Slide Mountain", "terrane_name": "Quesnellia", "era": "Paleozoic", "copper_ppm": 151.11, "gold_ppm": 0.03189999962, "molybdenum_ppm": 2.36, "arsenic_ppm": 106.4000015, "cobalt_ppm": 46.6, "score_porphyry": 1.6980617450370672, "rank_porphyry": 437, "dist_to_fault_km": 11.8, "dist_to_terrane_boundary_km": 0.34, "grid_id": "60_162", "year": 1977 }, "geometry": { "type": "Point", "coordinates": [ -117.30281, 50.12257 ] } },
{ "type": "Feature", "properties": { "sample_id": "ID082K777009", "latitude": 50.00945, "longitude": -117.15722, "rock_class": "sedimentary rocks", "rock_type": "limestone, slate, siltstone, argillite", "terrane": "Quesnellia", "terrane_name": "Quesnellia", "era": "Mesozoic", "copper_ppm": 144.07, "gold_ppm": 0.04770000076, "molybdenum_ppm": 12.49, "arsenic_ppm": 84.80000305, "cobalt_ppm": 21.8, "score_porphyry": 2.1374830832856948, "rank_porphyry": 224, "dist_to_fault_km": 9.62, "dist_to_terrane_boundary_km": 5.28, "grid_id": "59_163", "year": 1977 }, "geometry": { "type": "Point", "coordinates": [ -117.15722, 50.00945 ] } },
{ "type": "Feature", "properties": { "sample_id": "ID082K777010", "latitude": 50.04526, "longitude": -117.13066, "rock_class": "sedimentary rocks", "rock_type": "limestone, slate, siltstone, argillite", "terrane": "Quesnellia", "terrane_name": "Quesnellia", "era": "Mesozoic", "copper_ppm": 83.36, "gold_ppm": 0.0475, "molybdenum_ppm": 1.88, "arsenic_ppm": 98.30000305, "cobalt_ppm": 24.1, "score_porphyry": 1.3234860442198306, "rank_porphyry": 922, "dist_to_fault_km": 5.73, "dist_to_terrane_boundary_km": 1.07, "grid_id": "59_163", "year": 1977 }, "geometry": { "type": "Point", "coordinates": [ -117.13066, 50.04526 ] } },
{ "type": "Feature", "properties": { "sample_id": "ID082K777012", "latitude": 50.04232, "longitude": -117.16394, "rock_class": "sedimentary rocks", "rock_type": "limestone, slate, siltstone, argillite", "terrane": "Quesnellia", "terrane_name": "Quesnellia", "era": "Mesozoic", "copper_ppm": 75.01, "gold_ppm": 0.03720000076, "molybdenum_ppm": 6.41, "arsenic_ppm": 33.0, "cobalt_ppm": 18.5, "score_porphyry": 1.4371080832212697, "rank_porphyry": 716, "dist_to_fault_km": 7.76, "dist_to_terrane_boundary_km": 2.94, "grid_id": "59_163", "year": 1977 }, "geometry": { "type": "Point", "coordinates": [ -117.16394, 50.04232 ] } },
{ "type": "Feature", "properties": { "sample_id": "ID082K777014", "latitude": 50.04137, "longitude": -117.20024, "rock_class": "sedimentary rocks", "rock_type": "limestone, slate, siltstone, argillite", "terrane": "Quesnellia", "terrane_name": "Quesnellia", "era": "Mesozoic", "copper_ppm": 52.07, "gold_ppm": 0.06609999847, "molybdenum_ppm": 7.99, "arsenic_ppm": 13.19999981, "cobalt_ppm": 13.9, "score_porphyry": 1.3465613687209412, "rank_porphyry": 871, "dist_to_fault_km": 9.87, "dist_to_terrane_boundary_km": 4.8, "grid_id": "59_162", "year": 1977 }, "geometry": { "type": "Point", "coordinates": [ -117.20024, 50.04137 ] } },
{ "type": "Feature", "properties": { "sample_id": "ID082K777015", "latitude": 50.03112, "longitude": -117.2127, "rock_class": "sedimentary rocks", "rock_type": "limestone, slate, siltstone, argillite", "terrane": "Quesnellia", "terrane_name": "Quesnellia", "era": "Mesozoic", "copper_ppm": 72.07, "gold_ppm": 0.004800000191, "molybdenum_ppm": 13.92, "arsenic_ppm": 11.89999962, "cobalt_ppm": 17.5, "score_porphyry": 1.422630638191702, "rank_porphyry": 735, "dist_to_fault_km": 11.29, "dist_to_terrane_boundary_km": 6.25, "grid_id": "59_162", "year": 1977 }, "geometry": { "type": "Point", "coordinates": [ -117.2127, 50.03112 ] } },
{ "type": "Feature", "properties": { "sample_id": "ID082K777016", "latitude": 50.02086, "longitude": -117.23128, "rock_class": "sedimentary rocks", "rock_type": "limestone, slate, siltstone, argillite", "terrane": "Quesnellia", "terrane_name": "Quesnellia", "era": "Mesozoic", "copper_ppm": 163.58, "gold_ppm": 0.01720000076, "molybdenum_ppm": 9.89, "arsenic_ppm": 1122.800049, "cobalt_ppm": 19.9, "score_porphyry": 2.2188650941475059, "rank_porphyry": 196, "dist_to_fault_km": 11.44, "dist_to_terrane_boundary_km": 7.95, "grid_id": "59_162", "year": 1977 }, "geometry": { "type": "Point", "coordinates": [ -117.23128, 50.02086 ] } },
{ "type": "Feature", "properties": { "sample_id": "ID082K777023", "latitude": 50.0556, "longitude": -117.26422, "rock_class": "sedimentary rocks", "rock_type": "limestone, slate, siltstone, argillite", "terrane": "Quesnellia", "terrane_name": "Quesnellia", "era": "Mesozoic", "copper_ppm": 68.49, "gold_ppm": 0.007800000191, "molybdenum_ppm": 10.64, "arsenic_ppm": 20.5, "cobalt_ppm": 18.0, "score_porphyry": 1.376527275194561, "rank_porphyry": 816, "dist_to_fault_km": 11.09, "dist_to_terrane_boundary_km": 5.64, "grid_id": "59_162", "year": 1977 }, "geometry": { "type": "Point", "coordinates": [ -117.26422, 50.0556 ] } },
{ "type": "Feature", "properties": { "sample_id": "ID082K779054", "latitude": 50.1238, "longitude": -117.81561, "rock_class": "sedimentary rocks", "rock_type": "limestone, slate, siltstone, argillite", "terrane": "Quesnellia", "terrane_name": "Quesnellia", "era": "Mesozoic", "copper_ppm": 92.06, "gold_ppm": 0.0020999999049999998, "molybdenum_ppm": 6.15, "arsenic_ppm": 22.0, "cobalt_ppm": 19.7, "score_porphyry": 1.3135480675251325, "rank_porphyry": 944, "dist_to_fault_km": 0.26, "dist_to_terrane_boundary_km": 0.63, "grid_id": "60_158", "year": 1977 }, "geometry": { "type": "Point", "coordinates": [ -117.81561, 50.1238 ] } },
{ "type": "Feature", "properties": { "sample_id": "ID082K779096", "latitude": 50.0016, "longitude": -117.30325, "rock_class": "sedimentary rocks", "rock_type": "limestone, slate, siltstone, argillite", "terrane": "Quesnellia", "terrane_name": "Quesnellia", "era": "Mesozoic", "copper_ppm": 64.08, "gold_ppm": 0.1435, "molybdenum_ppm": 4.35, "arsenic_ppm": 21.5, "cobalt_ppm": 11.5, "score_porphyry": 1.602234242894548, "rank_porphyry": 516, "dist_to_fault_km": 5.86, "dist_to_terrane_boundary_km": 11.99, "grid_id": "59_162", "year": 1977 }, "geometry": { "type": "Point", "coordinates": [ -117.30325, 50.0016 ] } },
{ "type": "Feature", "properties": { "sample_id": "ID082L761294", "latitude": 50.16326685, "longitude": -118.3146892, "rock_class": "sedimentary rocks", "rock_type": "mudstone, siltstone, shale fine clastic sedimentary rocks", "terrane": "Quesnellia", "terrane_name": "Quesnellia", "era": "Mesozoic", "copper_ppm": 67.3, "gold_ppm": 0.03, "molybdenum_ppm": 4.12, "arsenic_ppm": 82.5, "cobalt_ppm": 22.9, "score_porphyry": 1.3408988475592749, "rank_porphyry": 885, "dist_to_fault_km": 1.74, "dist_to_terrane_boundary_km": 2.79, "grid_id": "60_154", "year": 1976 }, "geometry": { "type": "Point", "coordinates": [ -118.3146892, 50.163266850000014 ] } },
{ "type": "Feature", "properties": { "sample_id": "ID082L765087", "latitude": 50.38520233, "longitude": -118.9733236, "rock_class": "volcanic rocks", "rock_type": "undivided volcanic rocks", "terrane": "Quesnellia", "terrane_name": "Quesnellia", "era": "Mesozoic", "copper_ppm": 53.7, "gold_ppm": 0.496, "molybdenum_ppm": 2.47, "arsenic_ppm": 16.79999924, "cobalt_ppm": 19.4, "score_porphyry": 2.7524925323352636, "rank_porphyry": 112, "dist_to_fault_km": 7.61, "dist_to_terrane_boundary_km": 7.14, "grid_id": "62_149", "year": 1976 }, "geometry": { "type": "Point", "coordinates": [ -118.9733236, 50.38520233 ] } },
{ "type": "Feature", "properties": { "sample_id": "ID082L765278", "latitude": 50.05103109, "longitude": -118.2289526, "rock_class": "intrusive rocks", "rock_type": "granodioritic intrusive rocks", "terrane": "Post Accretionary", "terrane_name": "Quesnellia", "era": "Mesozoic", "copper_ppm": 27.5, "gold_ppm": 0.203, "molybdenum_ppm": 4.62, "arsenic_ppm": 8.100000381, "cobalt_ppm": 9.3, "score_porphyry": 1.3700432279344137, "rank_porphyry": 829, "dist_to_fault_km": 4.84, "dist_to_terrane_boundary_km": 5.79, "grid_id": "58_155", "year": 1976 }, "geometry": { "type": "Point", "coordinates": [ -118.228952599999985, 50.05103109 ] } },
{ "type": "Feature", "properties": { "sample_id": "ID082L767155", "latitude": 50.82668638, "longitude": -119.9386375, "rock_class": "volcanic rocks", "rock_type": "undivided volcanic rocks", "terrane": "Quesnellia", "terrane_name": "Quesnellia", "era": "Mesozoic", "copper_ppm": 59.9, "gold_ppm": 4.85, "molybdenum_ppm": 1.31, "arsenic_ppm": 4.5, "cobalt_ppm": 14.6, "score_porphyry": 9.2441316754674592, "rank_porphyry": 8, "dist_to_fault_km": 0.05, "dist_to_terrane_boundary_km": 5.5, "grid_id": "66_142", "year": 1976 }, "geometry": { "type": "Point", "coordinates": [ -119.938637499999984, 50.82668638 ] } },
{ "type": "Feature", "properties": { "sample_id": "ID082L767270", "latitude": 50.11935579, "longitude": -118.3044214, "rock_class": "sedimentary rocks", "rock_type": "mudstone, siltstone, shale fine clastic sedimentary rocks", "terrane": "Quesnellia", "terrane_name": "Quesnellia", "era": "Paleozoic to Mesozoic", "copper_ppm": 105.0, "gold_ppm": 0.0375, "molybdenum_ppm": 1.42, "arsenic_ppm": 96.59999847, "cobalt_ppm": 20.1, "score_porphyry": 1.2788443968855017, "rank_porphyry": 1006, "dist_to_fault_km": 3.04, "dist_to_terrane_boundary_km": 4.68, "grid_id": "59_154", "year": 1976 }, "geometry": { "type": "Point", "coordinates": [ -118.304421399999981, 50.119355789999979 ] } },
{ "type": "Feature", "properties": { "sample_id": "ID082L767271", "latitude": 50.12746785, "longitude": -118.3275034, "rock_class": "sedimentary rocks", "rock_type": "mudstone, siltstone, shale fine clastic sedimentary rocks", "terrane": "Quesnellia", "terrane_name": "Quesnellia", "era": "Paleozoic to Mesozoic", "copper_ppm": 75.5, "gold_ppm": 0.0060999999050000003, "molybdenum_ppm": 5.91, "arsenic_ppm": 79.59999847, "cobalt_ppm": 16.7, "score_porphyry": 1.3349064292737371, "rank_porphyry": 901, "dist_to_fault_km": 4.2, "dist_to_terrane_boundary_km": 5.63, "grid_id": "59_154", "year": 1976 }, "geometry": { "type": "Point", "coordinates": [ -118.327503400000012, 50.12746785 ] } },
{ "type": "Feature", "properties": { "sample_id": "ID082L767291", "latitude": 50.15703816, "longitude": -118.4610822, "rock_class": "sedimentary rocks", "rock_type": "mudstone, siltstone, shale fine clastic sedimentary rocks", "terrane": "Quesnellia", "terrane_name": "Quesnellia", "era": "Mesozoic", "copper_ppm": 47.9, "gold_ppm": 0.332, "molybdenum_ppm": 2.61, "arsenic_ppm": 297.0, "cobalt_ppm": 15.6, "score_porphyry": 2.3991544491992451, "rank_porphyry": 165, "dist_to_fault_km": 11.5, "dist_to_terrane_boundary_km": 12.21, "grid_id": "59_153", "year": 1976 }, "geometry": { "type": "Point", "coordinates": [ -118.4610822, 50.15703816 ] } },
{ "type": "Feature", "properties": { "sample_id": "ID082M761105", "latitude": 51.55604, "longitude": -119.70455, "rock_class": "metamorphic rocks", "rock_type": "greenstone, greenschist metamorphic rocks", "terrane": "North America - basinal strata", "terrane_name": "North America - basinal strata", "era": "Paleozoic", "copper_ppm": 21.6, "gold_ppm": 0.41, "molybdenum_ppm": 0.47, "arsenic_ppm": 9.899999619000001, "cobalt_ppm": 14.8, "score_porphyry": 1.6275641920004074, "rank_porphyry": 484, "dist_to_fault_km": 1.31, "dist_to_terrane_boundary_km": 17.62, "grid_id": "74_143", "year": 1976 }, "geometry": { "type": "Point", "coordinates": [ -119.70455, 51.55604 ] } },
{ "type": "Feature", "properties": { "sample_id": "ID082M763033", "latitude": 51.28323, "longitude": -119.15426, "rock_class": "metamorphic rocks", "rock_type": "metasediments", "terrane": "Kootenay", "terrane_name": "North America - basinal strata", "era": "Neoproterozoic to Paleozoic", "copper_ppm": 172.0, "gold_ppm": 0.0165, "molybdenum_ppm": 13.45, "arsenic_ppm": 7.9000000950000002, "cobalt_ppm": 11.7, "score_porphyry": 1.7519063750612784, "rank_porphyry": 393, "dist_to_fault_km": 11.57, "dist_to_terrane_boundary_km": 26.26, "grid_id": "71_147", "year": 1976 }, "geometry": { "type": "Point", "coordinates": [ -119.15426, 51.28323 ] } },
{ "type": "Feature", "properties": { "sample_id": "ID082M763047", "latitude": 51.10632, "longitude": -119.83242, "rock_class": "volcanic rocks", "rock_type": "calc-alkaline volcanic rocks", "terrane": "North America - basinal strata", "terrane_name": "North America - basinal strata", "era": "Paleozoic", "copper_ppm": 349.0, "gold_ppm": 0.056, "molybdenum_ppm": 5.89, "arsenic_ppm": 68.5, "cobalt_ppm": 18.2, "score_porphyry": 2.2615744513812834, "rank_porphyry": 183, "dist_to_fault_km": 0.38, "dist_to_terrane_boundary_km": 15.28, "grid_id": "69_143", "year": 1976 }, "geometry": { "type": "Point", "coordinates": [ -119.83242, 51.10632 ] } },
{ "type": "Feature", "properties": { "sample_id": "ID082M763128", "latitude": 51.09817, "longitude": -118.45712, "rock_class": "metamorphic rocks", "rock_type": "calcsilicate metamorphic rocks", "terrane": "North America - platformal strata", "terrane_name": "North America - Monashee", "era": "Proterozoic to Paleozoic", "copper_ppm": 41.4, "gold_ppm": 0.004699999809000001, "molybdenum_ppm": 84.2, "arsenic_ppm": 4.0, "cobalt_ppm": 11.0, "score_porphyry": 1.6762731079191151, "rank_porphyry": 449, "dist_to_fault_km": 1.78, "dist_to_terrane_boundary_km": 9.62, "grid_id": "70_152", "year": 1976 }, "geometry": { "type": "Point", "coordinates": [ -118.45712, 51.09817 ] } },
{ "type": "Feature", "properties": { "sample_id": "ID082M767099", "latitude": 51.59623, "longitude": -119.78578, "rock_class": "metamorphic rocks", "rock_type": "greenstone, greenschist metamorphic rocks", "terrane": "North America - basinal strata", "terrane_name": "North America - basinal strata", "era": "Paleozoic", "copper_ppm": 34.7, "gold_ppm": 0.723, "molybdenum_ppm": 1.6, "arsenic_ppm": 64.5, "cobalt_ppm": 26.9, "score_porphyry": 3.3411214131751161, "rank_porphyry": 65, "dist_to_fault_km": 0.04, "dist_to_terrane_boundary_km": 13.3, "grid_id": "75_142", "year": 1976 }, "geometry": { "type": "Point", "coordinates": [ -119.78578, 51.59623 ] } },
{ "type": "Feature", "properties": { "sample_id": "ID082M767104", "latitude": 51.57526, "longitude": -119.86057, "rock_class": "volcanic rocks", "rock_type": "calc-alkaline volcanic rocks", "terrane": "North America - basinal strata", "terrane_name": "North America - basinal strata", "era": "Paleozoic", "copper_ppm": 77.0, "gold_ppm": 0.009899999619, "molybdenum_ppm": 5.46, "arsenic_ppm": 27.39999962, "cobalt_ppm": 24.1, "score_porphyry": 1.2891611776709617, "rank_porphyry": 982, "dist_to_fault_km": 0.07, "dist_to_terrane_boundary_km": 7.71, "grid_id": "74_142", "year": 1976 }, "geometry": { "type": "Point", "coordinates": [ -119.86057, 51.57526 ] } },
{ "type": "Feature", "properties": { "sample_id": "ID082M767106", "latitude": 51.56809, "longitude": -119.91938, "rock_class": "volcanic rocks", "rock_type": "rhyolite, felsic volcanic rocks", "terrane": "Kootenay", "terrane_name": "North America - basinal strata", "era": "Paleozoic", "copper_ppm": 131.5, "gold_ppm": 0.01629999924, "molybdenum_ppm": 1.44, "arsenic_ppm": 68.90000153, "cobalt_ppm": 25.9, "score_porphyry": 1.2888322448192269, "rank_porphyry": 983, "dist_to_fault_km": 0.17, "dist_to_terrane_boundary_km": 3.57, "grid_id": "74_142", "year": 1976 }, "geometry": { "type": "Point", "coordinates": [ -119.91938, 51.56809 ] } },
{ "type": "Feature", "properties": { "sample_id": "ID082M767108", "latitude": 51.53335, "longitude": -119.9117, "rock_class": "volcanic rocks", "rock_type": "rhyolite, felsic volcanic rocks", "terrane": "Kootenay", "terrane_name": "North America - basinal strata", "era": "Paleozoic", "copper_ppm": 157.0, "gold_ppm": 0.039, "molybdenum_ppm": 1.28, "arsenic_ppm": 50.70000076, "cobalt_ppm": 21.1, "score_porphyry": 1.3852077784145886, "rank_porphyry": 801, "dist_to_fault_km": 0.04, "dist_to_terrane_boundary_km": 3.1, "grid_id": "74_142", "year": 1976 }, "geometry": { "type": "Point", "coordinates": [ -119.9117, 51.53335 ] } },
{ "type": "Feature", "properties": { "sample_id": "ID082M767109", "latitude": 51.59913, "longitude": -119.93299, "rock_class": "volcanic rocks", "rock_type": "rhyolite, felsic volcanic rocks", "terrane": "Kootenay", "terrane_name": "North America - basinal strata", "era": "Paleozoic", "copper_ppm": 72.0, "gold_ppm": 0.006199999809, "molybdenum_ppm": 11.3, "arsenic_ppm": 36.0, "cobalt_ppm": 17.9, "score_porphyry": 1.4683492351722216, "rank_porphyry": 669, "dist_to_fault_km": 1.28, "dist_to_terrane_boundary_km": 3.8, "grid_id": "74_141", "year": 1976 }, "geometry": { "type": "Point", "coordinates": [ -119.93299, 51.59913 ] } },
{ "type": "Feature", "properties": { "sample_id": "ID082M767110", "latitude": 51.59913, "longitude": -119.93299, "rock_class": "volcanic rocks", "rock_type": "rhyolite, felsic volcanic rocks", "terrane": "Kootenay", "terrane_name": "North America - basinal strata", "era": "Paleozoic", "copper_ppm": 70.7, "gold_ppm": 0.007, "molybdenum_ppm": 13.6, "arsenic_ppm": 32.59999847, "cobalt_ppm": 17.8, "score_porphyry": 1.5197257829326241, "rank_porphyry": 596, "dist_to_fault_km": 1.28, "dist_to_terrane_boundary_km": 3.8, "grid_id": "74_141", "year": 1976 }, "geometry": { "type": "Point", "coordinates": [ -119.93299, 51.59913 ] } },
{ "type": "Feature", "properties": { "sample_id": "ID082M775164", "latitude": 51.30137, "longitude": -118.08244, "rock_class": "sedimentary rocks", "rock_type": "mudstone, siltstone, shale fine clastic sedimentary rocks", "terrane": "Kootenay", "terrane_name": "North America - basinal strata", "era": "Paleozoic", "copper_ppm": 21.5, "gold_ppm": 9.72, "molybdenum_ppm": 1.2, "arsenic_ppm": 6.0, "cobalt_ppm": 9.9, "score_porphyry": 11.743619129411039, "rank_porphyry": 4, "dist_to_fault_km": 1.14, "dist_to_terrane_boundary_km": 9.46, "grid_id": "72_155", "year": 1977 }, "geometry": { "type": "Point", "coordinates": [ -118.08244, 51.30137 ] } },
{ "type": "Feature", "properties": { "sample_id": "ID082N051108", "latitude": 51.96565, "longitude": -117.77804, "rock_class": "sedimentary rocks", "rock_type": "coarse clastic sedimentary rocks", "terrane": "North America - platformal strata", "terrane_name": "North America - platformal strata", "era": "Proterozoic", "copper_ppm": 10.33, "gold_ppm": 0.5562000122, "molybdenum_ppm": 0.07, "arsenic_ppm": 2.5, "cobalt_ppm": 8.1, "score_porphyry": 1.4640385395578106, "rank_porphyry": 678, "dist_to_fault_km": 0.77, "dist_to_terrane_boundary_km": 13.1, "grid_id": "80_156", "year": 2005 }, "geometry": { "type": "Point", "coordinates": [ -117.77804, 51.96565 ] } },
{ "type": "Feature", "properties": { "sample_id": "ID082N051419", "latitude": 51.21198, "longitude": -117.1736, "rock_class": "sedimentary rocks", "rock_type": "coarse clastic sedimentary rocks", "terrane": "North America - platformal strata", "terrane_name": "North America - platformal strata", "era": "Proterozoic", "copper_ppm": 408.44, "gold_ppm": 0.01970000076, "molybdenum_ppm": 0.87, "arsenic_ppm": 33.09999847, "cobalt_ppm": 33.3, "score_porphyry": 1.680865563163465, "rank_porphyry": 443, "dist_to_fault_km": 0.65, "dist_to_terrane_boundary_km": 17.32, "grid_id": "72_161", "year": 2005 }, "geometry": { "type": "Point", "coordinates": [ -117.1736, 51.21198 ] } },
{ "type": "Feature", "properties": { "sample_id": "ID082N051476", "latitude": 51.18418, "longitude": -117.90827, "rock_class": "sedimentary rocks", "rock_type": "mudstone, siltstone, shale fine clastic sedimentary rocks", "terrane": "Kootenay", "terrane_name": "North America - basinal strata", "era": "Paleozoic", "copper_ppm": 44.8, "gold_ppm": 0.0005, "molybdenum_ppm": 27.62, "arsenic_ppm": 23.89999962, "cobalt_ppm": 10.1, "score_porphyry": 1.4208732222913552, "rank_porphyry": 740, "dist_to_fault_km": 1.47, "dist_to_terrane_boundary_km": 18.61, "grid_id": "71_156", "year": 2005 }, "geometry": { "type": "Point", "coordinates": [ -117.90827, 51.18418 ] } },
{ "type": "Feature", "properties": { "sample_id": "ID082N051493", "latitude": 51.2413, "longitude": -117.80167, "rock_class": "sedimentary rocks", "rock_type": "mudstone, siltstone, shale fine clastic sedimentary rocks", "terrane": "Kootenay", "terrane_name": "North America - basinal strata", "era": "Paleozoic", "copper_ppm": 103.78, "gold_ppm": 0.0017000000479999999, "molybdenum_ppm": 11.54, "arsenic_ppm": 30.5, "cobalt_ppm": 13.8, "score_porphyry": 1.5567524173517073, "rank_porphyry": 561, "dist_to_fault_km": 0.34, "dist_to_terrane_boundary_km": 9.17, "grid_id": "72_157", "year": 2005 }, "geometry": { "type": "Point", "coordinates": [ -117.80167, 51.2413 ] } },
{ "type": "Feature", "properties": { "sample_id": "ID082N052184", "latitude": 51.20843, "longitude": -117.72622, "rock_class": "sedimentary rocks", "rock_type": "undivided sedimentary rocks", "terrane": "Kootenay", "terrane_name": "North America - basinal strata", "era": "Paleozoic", "copper_ppm": 111.74, "gold_ppm": 0.0015, "molybdenum_ppm": 17.08, "arsenic_ppm": 32.90000153, "cobalt_ppm": 11.3, "score_porphyry": 1.7058085272440782, "rank_porphyry": 430, "dist_to_fault_km": 1.37, "dist_to_terrane_boundary_km": 7.82, "grid_id": "72_157", "year": 2005 }, "geometry": { "type": "Point", "coordinates": [ -117.72622, 51.20843 ] } },
{ "type": "Feature", "properties": { "sample_id": "ID083E051493", "latitude": 53.40143, "longitude": -119.83573, "rock_class": "sedimentary rocks", "rock_type": "coarse clastic sedimentary rocks", "terrane": "North America - platformal strata", "terrane_name": "North America - platformal strata", "era": "Proterozoic", "copper_ppm": 16.71, "gold_ppm": 0.3898999939, "molybdenum_ppm": 0.37, "arsenic_ppm": 12.10000038, "cobalt_ppm": 8.2, "score_porphyry": 1.3413684362719873, "rank_porphyry": 884, "dist_to_fault_km": 5.41, "dist_to_terrane_boundary_km": 21.11, "grid_id": "95_140", "year": 2005 }, "geometry": { "type": "Point", "coordinates": [ -119.83573, 53.40143 ] } },
{ "type": "Feature", "properties": { "sample_id": "ID092F891537", "latitude": 49.84262254, "longitude": -124.3737073, "rock_class": "intrusive rocks", "rock_type": "dioritic intrusive rocks", "terrane": "Post Accretionary", "terrane_name": "Wrangellia", "era": "Mesozoic", "copper_ppm": null, "gold_ppm": 0.54, "molybdenum_ppm": null, "arsenic_ppm": null, "cobalt_ppm": null, "score_porphyry": 2.1168556023301588, "rank_porphyry": 231, "dist_to_fault_km": 11.46, "dist_to_terrane_boundary_km": 40.73, "grid_id": "53_111", "year": 1989 }, "geometry": { "type": "Point", "coordinates": [ -124.373707300000021, 49.842622539999986 ] } },
{ "type": "Feature", "properties": { "sample_id": "ID092G891110", "latitude": 49.65721473, "longitude": -123.0576928, "rock_class": "intrusive rocks", "rock_type": "granodioritic intrusive rocks", "terrane": "Post Accretionary", "terrane_name": "Coast plutonic complex", "era": "Mesozoic", "copper_ppm": null, "gold_ppm": 0.305, "molybdenum_ppm": null, "arsenic_ppm": null, "cobalt_ppm": null, "score_porphyry": 1.2945600513523545, "rank_porphyry": 970, "dist_to_fault_km": 0.34, "dist_to_terrane_boundary_km": 13.31, "grid_id": "52_121", "year": 1989 }, "geometry": { "type": "Point", "coordinates": [ -123.0576928, 49.657214729999978 ] } },
{ "type": "Feature", "properties": { "sample_id": "ID092G891428", "latitude": 49.62320842, "longitude": -123.1900296, "rock_class": "sedimentary rocks", "rock_type": "marine sedimentary and volcanic rocks", "terrane": "Overlap", "terrane_name": "Coast plutonic complex", "era": "Mesozoic", "copper_ppm": null, "gold_ppm": 2.2, "molybdenum_ppm": null, "arsenic_ppm": null, "cobalt_ppm": null, "score_porphyry": 5.7489563614869716, "rank_porphyry": 26, "dist_to_fault_km": 0.09, "dist_to_terrane_boundary_km": 6.1, "grid_id": "51_120", "year": 1989 }, "geometry": { "type": "Point", "coordinates": [ -123.1900296, 49.623208419999983 ] } },
{ "type": "Feature", "properties": { "sample_id": "ID092G893156", "latitude": 49.69867072, "longitude": -123.8916495, "rock_class": "intrusive rocks", "rock_type": "quartz dioritic intrusive rocks", "terrane": "Post Accretionary", "terrane_name": "Wrangellia", "era": "Mesozoic", "copper_ppm": null, "gold_ppm": 1.0, "molybdenum_ppm": null, "arsenic_ppm": null, "cobalt_ppm": null, "score_porphyry": 3.4148378050365915, "rank_porphyry": 62, "dist_to_fault_km": 7.92, "dist_to_terrane_boundary_km": 12.21, "grid_id": "52_115", "year": 1989 }, "geometry": { "type": "Point", "coordinates": [ -123.8916495, 49.69867072 ] } },
{ "type": "Feature", "properties": { "sample_id": "ID092H091391", "latitude": 49.65542, "longitude": -120.39567, "rock_class": "intrusive rocks", "rock_type": "granite, alkali feldspar granite intrusive rocks", "terrane": "Post Accretionary", "terrane_name": "Quesnellia", "era": "Mesozoic", "copper_ppm": 70.8, "gold_ppm": 0.0035999999049999998, "molybdenum_ppm": 30.59, "arsenic_ppm": 3.9000000950000002, "cobalt_ppm": 8.0, "score_porphyry": 1.4703393221542593, "rank_porphyry": 667, "dist_to_fault_km": 3.95, "dist_to_terrane_boundary_km": 45.21, "grid_id": "53_140", "year": 2009 }, "geometry": { "type": "Point", "coordinates": [ -120.39567, 49.65542 ] } },
{ "type": "Feature", "properties": { "sample_id": "ID092H091790", "latitude": 49.48359, "longitude": -121.25514, "rock_class": "sedimentary rocks", "rock_type": "mudstone, siltstone, shale fine clastic sedimentary rocks", "terrane": "Cadwallader", "terrane_name": "Methow", "era": "Mesozoic", "copper_ppm": 79.9, "gold_ppm": 2.659, "molybdenum_ppm": 3.65, "arsenic_ppm": 147.3000031, "cobalt_ppm": 28.0, "score_porphyry": 7.7700984806069302, "rank_porphyry": 14, "dist_to_fault_km": 0.29, "dist_to_terrane_boundary_km": 1.2, "grid_id": "50_134", "year": 2009 }, "geometry": { "type": "Point", "coordinates": [ -121.25514, 49.48359 ] } },
{ "type": "Feature", "properties": { "sample_id": "ID092H091806", "latitude": 49.38482, "longitude": -121.1801, "rock_class": "sedimentary rocks", "rock_type": "mudstone, siltstone, shale fine clastic sedimentary rocks", "terrane": "Cadwallader", "terrane_name": "Methow", "era": "Mesozoic", "copper_ppm": 132.1, "gold_ppm": 0.01130000019, "molybdenum_ppm": 7.47, "arsenic_ppm": 56.20000076, "cobalt_ppm": 12.3, "score_porphyry": 1.6034353994075985, "rank_porphyry": 515, "dist_to_fault_km": 1.08, "dist_to_terrane_boundary_km": 1.88, "grid_id": "49_134", "year": 2009 }, "geometry": { "type": "Point", "coordinates": [ -121.1801, 49.38482 ] } },
{ "type": "Feature", "properties": { "sample_id": "ID092H811034", "latitude": 49.34706, "longitude": -121.47591, "rock_class": "intrusive rocks", "rock_type": "quartz dioritic intrusive rocks", "terrane": "Post Accretionary", "terrane_name": "Shuksan", "era": "Mesozoic", "copper_ppm": 81.6, "gold_ppm": 0.524, "molybdenum_ppm": 0.23, "arsenic_ppm": 1515.0, "cobalt_ppm": 16.5, "score_porphyry": 3.066761152119533, "rank_porphyry": 79, "dist_to_fault_km": 0.45, "dist_to_terrane_boundary_km": 4.68, "grid_id": "49_132", "year": 1981 }, "geometry": { "type": "Point", "coordinates": [ -121.475911349602441, 49.347053279512416 ] } },
{ "type": "Feature", "properties": { "sample_id": "ID092H811058", "latitude": 49.38275, "longitude": -121.29439, "rock_class": "volcanic rocks", "rock_type": "basaltic volcanic rocks", "terrane": "Bridge River", "terrane_name": "Bridge River", "era": "Paleozoic to Mesozoic", "copper_ppm": 109.5, "gold_ppm": 0.0034000000950000003, "molybdenum_ppm": 6.44, "arsenic_ppm": 14.30000019, "cobalt_ppm": 25.5, "score_porphyry": 1.4144982918036602, "rank_porphyry": 745, "dist_to_fault_km": 4.41, "dist_to_terrane_boundary_km": 6.29, "grid_id": "49_134", "year": 1981 }, "geometry": { "type": "Point", "coordinates": [ -121.29439, 49.38275 ] } },
{ "type": "Feature", "properties": { "sample_id": "ID092H811107", "latitude": 49.19637, "longitude": -121.07496, "rock_class": "sedimentary rocks", "rock_type": "undivided sedimentary rocks", "terrane": "Bridge River", "terrane_name": "Bridge River", "era": "Paleozoic to Mesozoic", "copper_ppm": 69.1, "gold_ppm": 0.007800000191, "molybdenum_ppm": 5.3, "arsenic_ppm": 243.0, "cobalt_ppm": 24.5, "score_porphyry": 1.4490324940996993, "rank_porphyry": 697, "dist_to_fault_km": 0.52, "dist_to_terrane_boundary_km": 0.77, "grid_id": "47_135", "year": 1981 }, "geometry": { "type": "Point", "coordinates": [ -121.07496038835086, 49.19636721976164 ] } },
{ "type": "Feature", "properties": { "sample_id": "ID092H811113", "latitude": 49.17807, "longitude": -120.99338, "rock_class": "sedimentary rocks", "rock_type": "undivided sedimentary rocks", "terrane": "Methow", "terrane_name": "Methow", "era": "Mesozoic", "copper_ppm": 526.0, "gold_ppm": 0.02120000076, "molybdenum_ppm": 4.34, "arsenic_ppm": 362.0, "cobalt_ppm": 19.1, "score_porphyry": 2.3628795260977986, "rank_porphyry": 168, "dist_to_fault_km": 0.34, "dist_to_terrane_boundary_km": 4.11, "grid_id": "47_136", "year": 1981 }, "geometry": { "type": "Point", "coordinates": [ -120.99338038574038, 49.178068531613235 ] } },
{ "type": "Feature", "properties": { "sample_id": "ID092H811236", "latitude": 49.05352, "longitude": -120.73299, "rock_class": "sedimentary rocks", "rock_type": "coarse clastic sedimentary rocks", "terrane": "Methow", "terrane_name": "Methow", "era": "Mesozoic", "copper_ppm": 165.5, "gold_ppm": 0.01929999924, "molybdenum_ppm": 15.0, "arsenic_ppm": 7.0999999049999998, "cobalt_ppm": 12.1, "score_porphyry": 1.7834797922229166, "rank_porphyry": 370, "dist_to_fault_km": 0.09, "dist_to_terrane_boundary_km": 5.51, "grid_id": "46_138", "year": 1981 }, "geometry": { "type": "Point", "coordinates": [ -120.732990110281875, 49.053520234471343 ] } },
{ "type": "Feature", "properties": { "sample_id": "ID092H811273", "latitude": 49.22784, "longitude": -121.10043, "rock_class": "sedimentary rocks", "rock_type": "undivided sedimentary rocks", "terrane": "Bridge River", "terrane_name": "Bridge River", "era": "Paleozoic to Mesozoic", "copper_ppm": 135.5, "gold_ppm": 0.004800000191, "molybdenum_ppm": 7.19, "arsenic_ppm": 78.19999695, "cobalt_ppm": 24.6, "score_porphyry": 1.7206156295162343, "rank_porphyry": 419, "dist_to_fault_km": 0.83, "dist_to_terrane_boundary_km": 0.91, "grid_id": "48_135", "year": 1981 }, "geometry": { "type": "Point", "coordinates": [ -121.100430437072731, 49.227836670432488 ] } },
{ "type": "Feature", "properties": { "sample_id": "ID092H813009", "latitude": 49.11449, "longitude": -121.10055, "rock_class": "volcanic rocks", "rock_type": "basaltic volcanic rocks", "terrane": "Bridge River", "terrane_name": "Bridge River", "era": "Paleozoic to Mesozoic", "copper_ppm": 640.0, "gold_ppm": 0.06090000153, "molybdenum_ppm": 30.2, "arsenic_ppm": 116.0, "cobalt_ppm": 127.0, "score_porphyry": 3.5382228364922974, "rank_porphyry": 53, "dist_to_fault_km": 5.65, "dist_to_terrane_boundary_km": 5.64, "grid_id": "46_135", "year": 1981 }, "geometry": { "type": "Point", "coordinates": [ -121.100550219597821, 49.114487242916766 ] } },
{ "type": "Feature", "properties": { "sample_id": "ID092H813010", "latitude": 49.09641, "longitude": -121.12435, "rock_class": "sedimentary rocks", "rock_type": "undivided sedimentary rocks", "terrane": "Bridge River", "terrane_name": "Bridge River", "era": "Paleozoic to Mesozoic", "copper_ppm": 135.0, "gold_ppm": 0.007900000095, "molybdenum_ppm": 3.27, "arsenic_ppm": 72.80000305, "cobalt_ppm": 32.1, "score_porphyry": 1.5195527628759449, "rank_porphyry": 597, "dist_to_fault_km": 7.95, "dist_to_terrane_boundary_km": 7.96, "grid_id": "46_135", "year": 1981 }, "geometry": { "type": "Point", "coordinates": [ -121.124350179575671, 49.09640692683093 ] } },
{ "type": "Feature", "properties": { "sample_id": "ID092H813011", "latitude": 49.13419, "longitude": -121.23656, "rock_class": "sedimentary rocks", "rock_type": "undivided sedimentary rocks", "terrane": "Bridge River", "terrane_name": "Bridge River", "era": "Paleozoic to Mesozoic", "copper_ppm": 115.5, "gold_ppm": 0.0045, "molybdenum_ppm": 6.18, "arsenic_ppm": 37.29999924, "cobalt_ppm": 32.3, "score_porphyry": 1.5669696406464759, "rank_porphyry": 547, "dist_to_fault_km": 5.38, "dist_to_terrane_boundary_km": 6.93, "grid_id": "46_134", "year": 1981 }, "geometry": { "type": "Point", "coordinates": [ -121.23656021487848, 49.134184907098827 ] } },
{ "type": "Feature", "properties": { "sample_id": "ID092H813012", "latitude": 49.13419, "longitude": -121.23656, "rock_class": "sedimentary rocks", "rock_type": "undivided sedimentary rocks", "terrane": "Bridge River", "terrane_name": "Bridge River", "era": "Paleozoic to Mesozoic", "copper_ppm": 113.5, "gold_ppm": 0.0037999999519999998, "molybdenum_ppm": 6.47, "arsenic_ppm": 39.29999924, "cobalt_ppm": 33.8, "score_porphyry": 1.5842457421167175, "rank_porphyry": 529, "dist_to_fault_km": 5.38, "dist_to_terrane_boundary_km": 6.93, "grid_id": "46_134", "year": 1981 }, "geometry": { "type": "Point", "coordinates": [ -121.23656021487848, 49.134184907098827 ] } },
{ "type": "Feature", "properties": { "sample_id": "ID092H813132", "latitude": 49.69096, "longitude": -121.4042, "rock_class": "intrusive rocks", "rock_type": "granodioritic intrusive rocks", "terrane": "Post Accretionary", "terrane_name": "Bridge River", "era": "Mesozoic", "copper_ppm": 96.2, "gold_ppm": 0.01519999981, "molybdenum_ppm": 3.05, "arsenic_ppm": 23.39999962, "cobalt_ppm": 44.3, "score_porphyry": 1.3226758603555149, "rank_porphyry": 924, "dist_to_fault_km": 0.14, "dist_to_terrane_boundary_km": 1.88, "grid_id": "53_133", "year": 1981 }, "geometry": { "type": "Point", "coordinates": [ -121.4042, 49.69096 ] } },
{ "type": "Feature", "properties": { "sample_id": "ID092H813227", "latitude": 49.10928, "longitude": -120.31255, "rock_class": "intrusive rocks", "rock_type": "intrusive rocks, undivided", "terrane": "Post Accretionary", "terrane_name": "Quesnellia", "era": "Mesozoic", "copper_ppm": 908.0, "gold_ppm": 0.0024000000950000003, "molybdenum_ppm": 12.3, "arsenic_ppm": 25.20000076, "cobalt_ppm": 20.0, "score_porphyry": 2.6042486033097219, "rank_porphyry": 128, "dist_to_fault_km": 10.58, "dist_to_terrane_boundary_km": 15.27, "grid_id": "47_141", "year": 1981 }, "geometry": { "type": "Point", "coordinates": [ -120.312552057215214, 49.109281211087293 ] } },
{ "type": "Feature", "properties": { "sample_id": "ID092H813228", "latitude": 49.11533, "longitude": -120.31186, "rock_class": "intrusive rocks", "rock_type": "intrusive rocks, undivided", "terrane": "Post Accretionary", "terrane_name": "Quesnellia", "era": "Mesozoic", "copper_ppm": 208.0, "gold_ppm": 0.0032999999519999997, "molybdenum_ppm": 5.42, "arsenic_ppm": 15.89999962, "cobalt_ppm": 8.1, "score_porphyry": 1.4651209194745811, "rank_porphyry": 674, "dist_to_fault_km": 9.94, "dist_to_terrane_boundary_km": 14.88, "grid_id": "47_141", "year": 1981 }, "geometry": { "type": "Point", "coordinates": [ -120.311862067203833, 49.115331218404044 ] } },
{ "type": "Feature", "properties": { "sample_id": "ID092H813268", "latitude": 49.28081, "longitude": -120.7204, "rock_class": "metamorphic rocks", "rock_type": "lower amphibolite/kyanite grade metamorphic rocks", "terrane": "Quesnellia", "terrane_name": "Quesnellia", "era": "Mesozoic", "copper_ppm": 577.0, "gold_ppm": 0.0011000000240000002, "molybdenum_ppm": 2.16, "arsenic_ppm": 2.4000000950000002, "cobalt_ppm": 38.7, "score_porphyry": 1.7337692537815119, "rank_porphyry": 410, "dist_to_fault_km": 9.15, "dist_to_terrane_boundary_km": 8.4, "grid_id": "48_138", "year": 1981 }, "geometry": { "type": "Point", "coordinates": [ -120.72040114862007, 49.280809861347294 ] } },
{ "type": "Feature", "properties": { "sample_id": "ID092H813295", "latitude": 49.5352, "longitude": -120.86549, "rock_class": "ultramafic rocks", "rock_type": "ultramafic rocks", "terrane": "Quesnellia", "terrane_name": "Quesnellia", "era": "Mesozoic", "copper_ppm": 42.5, "gold_ppm": 1.335, "molybdenum_ppm": 0.88, "arsenic_ppm": 23.79999924, "cobalt_ppm": 13.4, "score_porphyry": 4.5943055880340999, "rank_porphyry": 37, "dist_to_fault_km": 0.26, "dist_to_terrane_boundary_km": 12.38, "grid_id": "51_137", "year": 1981 }, "geometry": { "type": "Point", "coordinates": [ -120.86549, 49.5352 ] } },
{ "type": "Feature", "properties": { "sample_id": "ID092H815017", "latitude": 49.16158, "longitude": -121.12823, "rock_class": "volcanic rocks", "rock_type": "basaltic volcanic rocks", "terrane": "Bridge River", "terrane_name": "Bridge River", "era": "Paleozoic to Mesozoic", "copper_ppm": 99.1, "gold_ppm": 0.0017999999520000001, "molybdenum_ppm": 6.37, "arsenic_ppm": 23.5, "cobalt_ppm": 17.6, "score_porphyry": 1.3444074515925437, "rank_porphyry": 877, "dist_to_fault_km": 5.67, "dist_to_terrane_boundary_km": 5.78, "grid_id": "47_135", "year": 1981 }, "geometry": { "type": "Point", "coordinates": [ -121.128230299502874, 49.16157656312447 ] } },
{ "type": "Feature", "properties": { "sample_id": "ID092H815019", "latitude": 49.14383, "longitude": -121.16096, "rock_class": "sedimentary rocks", "rock_type": "undivided sedimentary rocks", "terrane": "Bridge River", "terrane_name": "Bridge River", "era": "Paleozoic to Mesozoic", "copper_ppm": 91.3, "gold_ppm": 0.0027000000480000004, "molybdenum_ppm": 5.78, "arsenic_ppm": 42.79999924, "cobalt_ppm": 22.8, "score_porphyry": 1.3845658244184273, "rank_porphyry": 803, "dist_to_fault_km": 8.65, "dist_to_terrane_boundary_km": 8.69, "grid_id": "47_135", "year": 1981 }, "geometry": { "type": "Point", "coordinates": [ -121.160960255638301, 49.143826111757498 ] } },
{ "type": "Feature", "properties": { "sample_id": "ID092H815020", "latitude": 49.06397, "longitude": -121.18074, "rock_class": "sedimentary rocks", "rock_type": "undivided sedimentary rocks", "terrane": "Bridge River", "terrane_name": "Bridge River", "era": "Paleozoic to Mesozoic", "copper_ppm": 87.6, "gold_ppm": 0.0022000000480000004, "molybdenum_ppm": 5.41, "arsenic_ppm": 39.09999847, "cobalt_ppm": 22.2, "score_porphyry": 1.3279548872049627, "rank_porphyry": 912, "dist_to_fault_km": 5.18, "dist_to_terrane_boundary_km": 6.6, "grid_id": "46_135", "year": 1981 }, "geometry": { "type": "Point", "coordinates": [ -121.180740110751188, 49.063966077772584 ] } },
{ "type": "Feature", "properties": { "sample_id": "ID092H815059", "latitude": 49.46357, "longitude": -121.99185, "rock_class": "volcanic rocks", "rock_type": "andesitic volcanic rocks", "terrane": "Harrison", "terrane_name": "Harrison", "era": "Mesozoic", "copper_ppm": 120.5, "gold_ppm": 0.0088000001910000011, "molybdenum_ppm": 2.4, "arsenic_ppm": 78.19999695, "cobalt_ppm": 26.7, "score_porphyry": 1.360060487202984, "rank_porphyry": 841, "dist_to_fault_km": 4.92, "dist_to_terrane_boundary_km": 6.77, "grid_id": "50_129", "year": 1981 }, "geometry": { "type": "Point", "coordinates": [ -121.99185, 49.46357 ] } },
{ "type": "Feature", "properties": { "sample_id": "ID092I091484", "latitude": 50.50142, "longitude": -121.67116, "rock_class": "intrusive rocks", "rock_type": "granodioritic intrusive rocks", "terrane": "Quesnellia", "terrane_name": "Quesnellia", "era": "Paleozoic to Mesozoic", "copper_ppm": 57.4, "gold_ppm": 0.0013999999759999999, "molybdenum_ppm": 8.29, "arsenic_ppm": 5.5, "cobalt_ppm": 212.0, "score_porphyry": 1.4839615112170836, "rank_porphyry": 643, "dist_to_fault_km": 0.71, "dist_to_terrane_boundary_km": 3.4, "grid_id": "61_130", "year": 2009 }, "geometry": { "type": "Point", "coordinates": [ -121.67116, 50.50142 ] } },
{ "type": "Feature", "properties": { "sample_id": "ID092I091496", "latitude": 50.53871, "longitude": -120.99825, "rock_class": "intrusive rocks", "rock_type": "granodioritic intrusive rocks", "terrane": "Quesnellia", "terrane_name": "Quesnellia", "era": "Mesozoic", "copper_ppm": 775.8, "gold_ppm": 0.001, "molybdenum_ppm": 1.35, "arsenic_ppm": 3.4000000950000002, "cobalt_ppm": 6.9, "score_porphyry": 1.4912436250080476, "rank_porphyry": 638, "dist_to_fault_km": 2.9, "dist_to_terrane_boundary_km": 21.9, "grid_id": "62_135", "year": 2009 }, "geometry": { "type": "Point", "coordinates": [ -120.99825, 50.53871 ] } },
{ "type": "Feature", "properties": { "sample_id": "ID092I091513", "latitude": 50.59815, "longitude": -120.61025, "rock_class": "volcanic rocks", "rock_type": "basaltic volcanic rocks", "terrane": "Quesnellia", "terrane_name": "Quesnellia", "era": "Mesozoic", "copper_ppm": 96.7, "gold_ppm": 0.0065999999049999999, "molybdenum_ppm": 15.4, "arsenic_ppm": 3.9000000950000002, "cobalt_ppm": 11.7, "score_porphyry": 1.4312442254754878, "rank_porphyry": 722, "dist_to_fault_km": 7.47, "dist_to_terrane_boundary_km": 50.13, "grid_id": "63_138", "year": 2009 }, "geometry": { "type": "Point", "coordinates": [ -120.61025, 50.59815 ] } },
{ "type": "Feature", "properties": { "sample_id": "ID092I091516", "latitude": 50.59126, "longitude": -120.64871, "rock_class": "volcanic rocks", "rock_type": "basaltic volcanic rocks", "terrane": "Quesnellia", "terrane_name": "Quesnellia", "era": "Mesozoic", "copper_ppm": 490.1, "gold_ppm": 0.02079999924, "molybdenum_ppm": 22.83, "arsenic_ppm": 8.699999809, "cobalt_ppm": 16.9, "score_porphyry": 2.5098255436943218, "rank_porphyry": 145, "dist_to_fault_km": 8.95, "dist_to_terrane_boundary_km": 47.3, "grid_id": "63_137", "year": 2009 }, "geometry": { "type": "Point", "coordinates": [ -120.64871, 50.59126 ] } },
{ "type": "Feature", "properties": { "sample_id": "ID092I091517", "latitude": 50.55151, "longitude": -120.66552, "rock_class": "volcanic rocks", "rock_type": "basaltic volcanic rocks", "terrane": "Quesnellia", "terrane_name": "Quesnellia", "era": "Mesozoic", "copper_ppm": 225.4, "gold_ppm": 0.0115, "molybdenum_ppm": 18.34, "arsenic_ppm": 6.699999809, "cobalt_ppm": 14.3, "score_porphyry": 1.9804952309108987, "rank_porphyry": 275, "dist_to_fault_km": 11.37, "dist_to_terrane_boundary_km": 45.02, "grid_id": "62_137", "year": 2009 }, "geometry": { "type": "Point", "coordinates": [ -120.66552, 50.55151 ] } },
{ "type": "Feature", "properties": { "sample_id": "ID092I091690", "latitude": 50.38503, "longitude": -120.92017, "rock_class": "intrusive rocks", "rock_type": "granodioritic intrusive rocks", "terrane": "Quesnellia", "terrane_name": "Quesnellia", "era": "Mesozoic", "copper_ppm": 304.6, "gold_ppm": 0.002, "molybdenum_ppm": 25.74, "arsenic_ppm": 5.0, "cobalt_ppm": 10.4, "score_porphyry": 2.1167360788794967, "rank_porphyry": 232, "dist_to_fault_km": 7.96, "dist_to_terrane_boundary_km": 27.22, "grid_id": "60_136", "year": 2009 }, "geometry": { "type": "Point", "coordinates": [ -120.92017, 50.38503 ] } },
{ "type": "Feature", "properties": { "sample_id": "ID092I091691", "latitude": 50.38705, "longitude": -120.98128, "rock_class": "intrusive rocks", "rock_type": "quartz monzonitic intrusive rocks", "terrane": "Quesnellia", "terrane_name": "Quesnellia", "era": "Mesozoic", "copper_ppm": 874.1, "gold_ppm": 0.0020999999049999998, "molybdenum_ppm": 63.51, "arsenic_ppm": 16.20000076, "cobalt_ppm": 16.6, "score_porphyry": 3.1235796109567628, "rank_porphyry": 76, "dist_to_fault_km": 3.74, "dist_to_terrane_boundary_km": 23.06, "grid_id": "60_135", "year": 2009 }, "geometry": { "type": "Point", "coordinates": [ -120.98128, 50.38705 ] } },
{ "type": "Feature", "properties": { "sample_id": "ID092I091763", "latitude": 50.54013, "longitude": -120.55356, "rock_class": "volcanic rocks", "rock_type": "basaltic volcanic rocks", "terrane": "Quesnellia", "terrane_name": "Quesnellia", "era": "Mesozoic", "copper_ppm": 231.2, "gold_ppm": 0.0074000000950000004, "molybdenum_ppm": 1.95, "arsenic_ppm": 11.60000038, "cobalt_ppm": 28.3, "score_porphyry": 1.4085065142287667, "rank_porphyry": 759, "dist_to_fault_km": 4.61, "dist_to_terrane_boundary_km": 52.56, "grid_id": "62_138", "year": 2009 }, "geometry": { "type": "Point", "coordinates": [ -120.55356, 50.54013 ] } },
{ "type": "Feature", "properties": { "sample_id": "ID092I811029", "latitude": 50.12863, "longitude": -121.72474, "rock_class": "sedimentary rocks", "rock_type": "marine sedimentary and volcanic rocks", "terrane": "Bridge River", "terrane_name": "Bridge River", "era": "Paleozoic to Mesozoic", "copper_ppm": 73.6, "gold_ppm": 0.01189999962, "molybdenum_ppm": 3.48, "arsenic_ppm": 86.09999847, "cobalt_ppm": 26.7, "score_porphyry": 1.2716348406531099, "rank_porphyry": 1018, "dist_to_fault_km": 0.93, "dist_to_terrane_boundary_km": 5.02, "grid_id": "57_130", "year": 1981 }, "geometry": { "type": "Point", "coordinates": [ -121.72474, 50.12863 ] } },
{ "type": "Feature", "properties": { "sample_id": "ID092I811139", "latitude": 50.98909, "longitude": -120.38674, "rock_class": "sedimentary rocks", "rock_type": "marine sedimentary and volcanic rocks", "terrane": "Quesnellia", "terrane_name": "Quesnellia", "era": "Paleozoic-Mesozoic", "copper_ppm": 35.4, "gold_ppm": 1.505, "molybdenum_ppm": 3.43, "arsenic_ppm": 13.69999981, "cobalt_ppm": 19.7, "score_porphyry": 5.2055878096424273, "rank_porphyry": 31, "dist_to_fault_km": 10.29, "dist_to_terrane_boundary_km": 24.53, "grid_id": "67_139", "year": 1981 }, "geometry": { "type": "Point", "coordinates": [ -120.38674, 50.98909 ] } },
{ "type": "Feature", "properties": { "sample_id": "ID092I811202", "latitude": 50.45215, "longitude": -120.96248, "rock_class": "intrusive rocks", "rock_type": "granodioritic intrusive rocks", "terrane": "Quesnellia", "terrane_name": "Quesnellia", "era": "Mesozoic", "copper_ppm": 270.0, "gold_ppm": 0.00060000002399999996, "molybdenum_ppm": 3.81, "arsenic_ppm": 3.2999999519999998, "cobalt_ppm": 8.4, "score_porphyry": 1.3194422907310641, "rank_porphyry": 931, "dist_to_fault_km": 3.41, "dist_to_terrane_boundary_km": 22.87, "grid_id": "61_135", "year": 1981 }, "geometry": { "type": "Point", "coordinates": [ -120.96248, 50.45215 ] } },
{ "type": "Feature", "properties": { "sample_id": "ID092I811284", "latitude": 50.73505, "longitude": -121.93536, "rock_class": "sedimentary rocks", "rock_type": "undivided sedimentary rocks", "terrane": "Cadwallader", "terrane_name": "Stikinia", "era": "Mesozoic", "copper_ppm": 90.6, "gold_ppm": 0.0011000000240000002, "molybdenum_ppm": 8.17, "arsenic_ppm": 22.10000038, "cobalt_ppm": 19.1, "score_porphyry": 1.3933370300072847, "rank_porphyry": 790, "dist_to_fault_km": 0.38, "dist_to_terrane_boundary_km": 1.26, "grid_id": "64_128", "year": 1981 }, "geometry": { "type": "Point", "coordinates": [ -121.93536, 50.73505 ] } },
{ "type": "Feature", "properties": { "sample_id": "ID092I813088", "latitude": 50.25382, "longitude": -121.4475, "rock_class": "metamorphic rocks", "rock_type": "lower amphibolite/kyanite grade metamorphic rocks", "terrane": "Quesnellia", "terrane_name": "Quesnellia", "era": "Paleozoic to Mesozoic", "copper_ppm": 107.5, "gold_ppm": 0.0012000000479999999, "molybdenum_ppm": 13.9, "arsenic_ppm": 5.800000191, "cobalt_ppm": 17.0, "score_porphyry": 1.5112493132397169, "rank_porphyry": 611, "dist_to_fault_km": 2.39, "dist_to_terrane_boundary_km": 11.83, "grid_id": "59_132", "year": 1981 }, "geometry": { "type": "Point", "coordinates": [ -121.4475, 50.25382 ] } },
{ "type": "Feature", "properties": { "sample_id": "ID092I813118", "latitude": 50.32706, "longitude": -120.95021, "rock_class": "intrusive rocks", "rock_type": "granodioritic intrusive rocks", "terrane": "Quesnellia", "terrane_name": "Quesnellia", "era": "Mesozoic", "copper_ppm": 683.0, "gold_ppm": 0.00060000002399999996, "molybdenum_ppm": 2.91, "arsenic_ppm": 2.0999999049999998, "cobalt_ppm": 3.5, "score_porphyry": 1.492471556130355, "rank_porphyry": 636, "dist_to_fault_km": 5.15, "dist_to_terrane_boundary_km": 27.67, "grid_id": "60_135", "year": 1981 }, "geometry": { "type": "Point", "coordinates": [ -120.95021, 50.32706 ] } },
{ "type": "Feature", "properties": { "sample_id": "ID092I813119", "latitude": 50.3416, "longitude": -120.95964, "rock_class": "intrusive rocks", "rock_type": "quartz monzonitic intrusive rocks", "terrane": "Quesnellia", "terrane_name": "Quesnellia", "era": "Mesozoic", "copper_ppm": 506.0, "gold_ppm": 0.0017000000479999999, "molybdenum_ppm": 10.5, "arsenic_ppm": 4.800000191, "cobalt_ppm": 8.8, "score_porphyry": 1.9860099533332447, "rank_porphyry": 274, "dist_to_fault_km": 4.72, "dist_to_terrane_boundary_km": 26.42, "grid_id": "60_135", "year": 1981 }, "geometry": { "type": "Point", "coordinates": [ -120.95964, 50.3416 ] } },
{ "type": "Feature", "properties": { "sample_id": "ID092I813123", "latitude": 50.33507, "longitude": -120.91434, "rock_class": "intrusive rocks", "rock_type": "granodioritic intrusive rocks", "terrane": "Quesnellia", "terrane_name": "Quesnellia", "era": "Mesozoic", "copper_ppm": 527.0, "gold_ppm": 0.0020999999049999998, "molybdenum_ppm": 1.4, "arsenic_ppm": 2.9000000950000002, "cobalt_ppm": 7.9, "score_porphyry": 1.3386891317179401, "rank_porphyry": 890, "dist_to_fault_km": 7.07, "dist_to_terrane_boundary_km": 29.68, "grid_id": "60_136", "year": 1981 }, "geometry": { "type": "Point", "coordinates": [ -120.91434, 50.33507 ] } },
{ "type": "Feature", "properties": { "sample_id": "ID092I813243", "latitude": 50.57731, "longitude": -121.22066, "rock_class": "intrusive rocks", "rock_type": "granodioritic intrusive rocks", "terrane": "Quesnellia", "terrane_name": "Quesnellia", "era": "Mesozoic", "copper_ppm": 650.0, "gold_ppm": 0.00069999998799999993, "molybdenum_ppm": 1.38, "arsenic_ppm": 4.199999809, "cobalt_ppm": 8.7, "score_porphyry": 1.4688042092145439, "rank_porphyry": 668, "dist_to_fault_km": 1.59, "dist_to_terrane_boundary_km": 8.09, "grid_id": "62_133", "year": 1981 }, "geometry": { "type": "Point", "coordinates": [ -121.22066, 50.57731 ] } },
{ "type": "Feature", "properties": { "sample_id": "ID092I813267", "latitude": 50.54686, "longitude": -121.84291, "rock_class": "sedimentary rocks", "rock_type": "undivided sedimentary rocks", "terrane": "Bridge River", "terrane_name": "Methow", "era": "Mesozoic", "copper_ppm": 89.1, "gold_ppm": 0.007199999809, "molybdenum_ppm": 10.3, "arsenic_ppm": 45.59999847, "cobalt_ppm": 32.2, "score_porphyry": 1.6602249092946213, "rank_porphyry": 461, "dist_to_fault_km": 0.96, "dist_to_terrane_boundary_km": 2.28, "grid_id": "62_129", "year": 1981 }, "geometry": { "type": "Point", "coordinates": [ -121.84291, 50.54686 ] } },
{ "type": "Feature", "properties": { "sample_id": "ID092I813310", "latitude": 50.79306, "longitude": -121.83512, "rock_class": "intrusive rocks", "rock_type": "granodioritic intrusive rocks", "terrane": "Post Accretionary", "terrane_name": "Cache Creek", "era": "Mesozoic", "copper_ppm": 95.8, "gold_ppm": 0.0032000000480000004, "molybdenum_ppm": 11.4, "arsenic_ppm": 31.60000038, "cobalt_ppm": 17.2, "score_porphyry": 1.5644195525426343, "rank_porphyry": 552, "dist_to_fault_km": 0.04, "dist_to_terrane_boundary_km": 6.45, "grid_id": "65_129", "year": 1981 }, "geometry": { "type": "Point", "coordinates": [ -121.83512, 50.79306 ] } },
{ "type": "Feature", "properties": { "sample_id": "ID092I813313", "latitude": 50.58672, "longitude": -121.85432, "rock_class": "intrusive rocks", "rock_type": "granodioritic intrusive rocks", "terrane": "Post Accretionary", "terrane_name": "Methow", "era": "Cenozoic", "copper_ppm": 52.9, "gold_ppm": 0.0032000000480000004, "molybdenum_ppm": 12.75, "arsenic_ppm": 90.19999695, "cobalt_ppm": 15.5, "score_porphyry": 1.4298712150079189, "rank_porphyry": 723, "dist_to_fault_km": 0.12, "dist_to_terrane_boundary_km": 2.95, "grid_id": "62_129", "year": 1981 }, "geometry": { "type": "Point", "coordinates": [ -121.85432, 50.58672 ] } },
{ "type": "Feature", "properties": { "sample_id": "ID092I815005", "latitude": 50.97008, "longitude": -121.88644, "rock_class": "intrusive rocks", "rock_type": "granodioritic intrusive rocks", "terrane": "Post Accretionary", "terrane_name": "Cache Creek", "era": "Mesozoic", "copper_ppm": 154.0, "gold_ppm": 0.0025999999049999998, "molybdenum_ppm": 15.35, "arsenic_ppm": 17.5, "cobalt_ppm": 12.9, "score_porphyry": 1.7746009703425398, "rank_porphyry": 378, "dist_to_fault_km": 2.97, "dist_to_terrane_boundary_km": 14.69, "grid_id": "67_128", "year": 1981 }, "geometry": { "type": "Point", "coordinates": [ -121.88644, 50.97008 ] } },
{ "type": "Feature", "properties": { "sample_id": "ID092I815023", "latitude": 50.51235, "longitude": -121.97336, "rock_class": "sedimentary rocks", "rock_type": "marine sedimentary and volcanic rocks", "terrane": "Bridge River", "terrane_name": "Bridge River", "era": "Paleozoic-Mesozoic", "copper_ppm": 79.0, "gold_ppm": 0.0025, "molybdenum_ppm": 22.1, "arsenic_ppm": 104.5, "cobalt_ppm": 31.3, "score_porphyry": 1.9417993637379771, "rank_porphyry": 290, "dist_to_fault_km": 1.3, "dist_to_terrane_boundary_km": 7.23, "grid_id": "61_128", "year": 1981 }, "geometry": { "type": "Point", "coordinates": [ -121.97336, 50.51235 ] } },
{ "type": "Feature", "properties": { "sample_id": "ID092I815062", "latitude": 50.30644, "longitude": -121.40079, "rock_class": "volcanic rocks", "rock_type": "andesitic volcanic rocks", "terrane": "Overlap", "terrane_name": "Quesnellia", "era": "Mesozoic", "copper_ppm": 86.9, "gold_ppm": 0.0054000000950000003, "molybdenum_ppm": 14.15, "arsenic_ppm": 14.80000019, "cobalt_ppm": 17.3, "score_porphyry": 1.5345167852498844, "rank_porphyry": 583, "dist_to_fault_km": 0.03, "dist_to_terrane_boundary_km": 10.06, "grid_id": "59_132", "year": 1981 }, "geometry": { "type": "Point", "coordinates": [ -121.40079, 50.30644 ] } },
{ "type": "Feature", "properties": { "sample_id": "ID092I815063", "latitude": 50.30644, "longitude": -121.40079, "rock_class": "volcanic rocks", "rock_type": "andesitic volcanic rocks", "terrane": "Overlap", "terrane_name": "Quesnellia", "era": "Mesozoic", "copper_ppm": 75.8, "gold_ppm": 0.0060999999050000003, "molybdenum_ppm": 13.9, "arsenic_ppm": 15.69999981, "cobalt_ppm": 16.1, "score_porphyry": 1.4641092265557414, "rank_porphyry": 677, "dist_to_fault_km": 0.03, "dist_to_terrane_boundary_km": 10.06, "grid_id": "59_132", "year": 1981 }, "geometry": { "type": "Point", "coordinates": [ -121.40079, 50.30644 ] } },
{ "type": "Feature", "properties": { "sample_id": "ID092J811026", "latitude": 50.82056, "longitude": -122.69311, "rock_class": "sedimentary rocks", "rock_type": "undivided sedimentary rocks", "terrane": "Bridge River", "terrane_name": "Bridge River", "era": "Mesozoic", "copper_ppm": 134.0, "gold_ppm": 0.01760000038, "molybdenum_ppm": 1.45, "arsenic_ppm": 423.0, "cobalt_ppm": 23.4, "score_porphyry": 1.4768304353725203, "rank_porphyry": 655, "dist_to_fault_km": 1.07, "dist_to_terrane_boundary_km": 7.52, "grid_id": "65_123", "year": 1981 }, "geometry": { "type": "Point", "coordinates": [ -122.69311, 50.82056 ] } },
{ "type": "Feature", "properties": { "sample_id": "ID092J811027", "latitude": 50.821, "longitude": -122.68861, "rock_class": "sedimentary rocks", "rock_type": "marine sedimentary and volcanic rocks", "terrane": "Bridge River", "terrane_name": "Bridge River", "era": "Paleozoic-Mesozoic", "copper_ppm": 90.5, "gold_ppm": 0.03729999924, "molybdenum_ppm": 4.48, "arsenic_ppm": 427.0, "cobalt_ppm": 40.0, "score_porphyry": 1.8023066072890652, "rank_porphyry": 362, "dist_to_fault_km": 1.38, "dist_to_terrane_boundary_km": 7.84, "grid_id": "65_123", "year": 1981 }, "geometry": { "type": "Point", "coordinates": [ -122.68861, 50.821 ] } },
{ "type": "Feature", "properties": { "sample_id": "ID092J811032", "latitude": 50.88876, "longitude": -122.75293, "rock_class": "sedimentary rocks", "rock_type": "marine sedimentary and volcanic rocks", "terrane": "Bridge River", "terrane_name": "Bridge River", "era": "Paleozoic-Mesozoic", "copper_ppm": 99.0, "gold_ppm": 0.004199999809, "molybdenum_ppm": 7.0, "arsenic_ppm": 115.5, "cobalt_ppm": 36.2, "score_porphyry": 1.6747379856553901, "rank_porphyry": 452, "dist_to_fault_km": 0.65, "dist_to_terrane_boundary_km": 4.4, "grid_id": "65_122", "year": 1981 }, "geometry": { "type": "Point", "coordinates": [ -122.75293, 50.88876 ] } },
{ "type": "Feature", "properties": { "sample_id": "ID092J811047", "latitude": 50.62862, "longitude": -122.10257, "rock_class": "sedimentary rocks", "rock_type": "undivided sedimentary rocks", "terrane": "Bridge River", "terrane_name": "Bridge River", "era": "Mesozoic", "copper_ppm": 91.8, "gold_ppm": 0.001, "molybdenum_ppm": 7.44, "arsenic_ppm": 27.60000038, "cobalt_ppm": 21.4, "score_porphyry": 1.4082000280648306, "rank_porphyry": 760, "dist_to_fault_km": 1.21, "dist_to_terrane_boundary_km": 5.66, "grid_id": "63_127", "year": 1981 }, "geometry": { "type": "Point", "coordinates": [ -122.10257, 50.62862 ] } },
{ "type": "Feature", "properties": { "sample_id": "ID092J811048", "latitude": 50.62862, "longitude": -122.10257, "rock_class": "sedimentary rocks", "rock_type": "undivided sedimentary rocks", "terrane": "Bridge River", "terrane_name": "Bridge River", "era": "Mesozoic", "copper_ppm": 93.2, "gold_ppm": 0.00060000002399999996, "molybdenum_ppm": 7.54, "arsenic_ppm": 25.20000076, "cobalt_ppm": 21.3, "score_porphyry": 1.4075850339284777, "rank_porphyry": 765, "dist_to_fault_km": 1.21, "dist_to_terrane_boundary_km": 5.66, "grid_id": "63_127", "year": 1981 }, "geometry": { "type": "Point", "coordinates": [ -122.10257, 50.62862 ] } },
{ "type": "Feature", "properties": { "sample_id": "ID092J811096", "latitude": 50.08868, "longitude": -123.01313, "rock_class": "intrusive rocks", "rock_type": "quartz dioritic intrusive rocks", "terrane": "Post Accretionary", "terrane_name": "Coast plutonic complex", "era": "Mesozoic", "copper_ppm": 132.0, "gold_ppm": 0.0025999999049999998, "molybdenum_ppm": 7.48, "arsenic_ppm": 3.9000000950000002, "cobalt_ppm": 19.7, "score_porphyry": 1.3818855356250124, "rank_porphyry": 809, "dist_to_fault_km": 1.14, "dist_to_terrane_boundary_km": 0.18, "grid_id": "56_121", "year": 1981 }, "geometry": { "type": "Point", "coordinates": [ -123.01313, 50.08868 ] } },
{ "type": "Feature", "properties": { "sample_id": "ID092J811125", "latitude": 50.23042, "longitude": -122.97629, "rock_class": "volcanic rocks", "rock_type": "volcaniclastic rocks", "terrane": "Unknown", "terrane_name": "Cadwallader", "era": "Mesozoic", "copper_ppm": 295.0, "gold_ppm": 0.006199999809, "molybdenum_ppm": 3.78, "arsenic_ppm": 6.0, "cobalt_ppm": 34.2, "score_porphyry": 1.6711274003935717, "rank_porphyry": 453, "dist_to_fault_km": 2.07, "dist_to_terrane_boundary_km": 6.45, "grid_id": "58_121", "year": 1981 }, "geometry": { "type": "Point", "coordinates": [ -122.97629, 50.23042 ] } },
{ "type": "Feature", "properties": { "sample_id": "ID092J813025", "latitude": 50.7274, "longitude": -122.35513, "rock_class": "sedimentary rocks", "rock_type": "marine sedimentary and volcanic rocks", "terrane": "Bridge River", "terrane_name": "Bridge River", "era": "Paleozoic-Mesozoic", "copper_ppm": 137.5, "gold_ppm": 0.0018999999759999999, "molybdenum_ppm": 9.56, "arsenic_ppm": 25.60000038, "cobalt_ppm": 31.8, "score_porphyry": 1.7414104116823748, "rank_porphyry": 404, "dist_to_fault_km": 1.18, "dist_to_terrane_boundary_km": 7.95, "grid_id": "64_125", "year": 1981 }, "geometry": { "type": "Point", "coordinates": [ -122.35513, 50.7274 ] } },
{ "type": "Feature", "properties": { "sample_id": "ID092J813052", "latitude": 50.79445, "longitude": -122.37231, "rock_class": "sedimentary rocks", "rock_type": "marine sedimentary and volcanic rocks", "terrane": "Bridge River", "terrane_name": "Bridge River", "era": "Paleozoic-Mesozoic", "copper_ppm": 166.5, "gold_ppm": 0.0024000000950000003, "molybdenum_ppm": 14.5, "arsenic_ppm": 17.79999924, "cobalt_ppm": 23.9, "score_porphyry": 1.8935848657730314, "rank_porphyry": 308, "dist_to_fault_km": 3.35, "dist_to_terrane_boundary_km": 2.69, "grid_id": "64_125", "year": 1981 }, "geometry": { "type": "Point", "coordinates": [ -122.37231, 50.79445 ] } },
{ "type": "Feature", "properties": { "sample_id": "ID092J813102", "latitude": 50.51788, "longitude": -123.00666, "rock_class": "volcanic rocks", "rock_type": "undivided volcanic rocks", "terrane": "Younger Volcanics", "terrane_name": "Cadwallader", "era": "Cenozoic", "copper_ppm": 209.0, "gold_ppm": 0.0032000000480000004, "molybdenum_ppm": 9.22, "arsenic_ppm": 13.30000019, "cobalt_ppm": 20.5, "score_porphyry": 1.7832124306533101, "rank_porphyry": 371, "dist_to_fault_km": 1.79, "dist_to_terrane_boundary_km": 8.84, "grid_id": "61_121", "year": 1981 }, "geometry": { "type": "Point", "coordinates": [ -123.00666, 50.51788 ] } },
{ "type": "Feature", "properties": { "sample_id": "ID092J813120", "latitude": 50.49029, "longitude": -122.58341, "rock_class": "intrusive rocks", "rock_type": "granodioritic intrusive rocks", "terrane": "Post Accretionary", "terrane_name": "Cadwallader", "era": "Mesozoic", "copper_ppm": 167.5, "gold_ppm": 0.0049000000949999999, "molybdenum_ppm": 3.08, "arsenic_ppm": 74.69999695, "cobalt_ppm": 24.4, "score_porphyry": 1.539535135048165, "rank_porphyry": 581, "dist_to_fault_km": 2.17, "dist_to_terrane_boundary_km": 10.48, "grid_id": "61_124", "year": 1981 }, "geometry": { "type": "Point", "coordinates": [ -122.58341, 50.49029 ] } },
{ "type": "Feature", "properties": { "sample_id": "ID092J813186", "latitude": 50.35785, "longitude": -122.73835, "rock_class": "volcanic rocks", "rock_type": "undivided volcanic rocks", "terrane": "Cadwallader", "terrane_name": "Cadwallader", "era": "Mesozoic", "copper_ppm": 197.5, "gold_ppm": 0.0069000000949999999, "molybdenum_ppm": 3.99, "arsenic_ppm": 8.399999619000001, "cobalt_ppm": 20.7, "score_porphyry": 1.4550690698916675, "rank_porphyry": 688, "dist_to_fault_km": 0.22, "dist_to_terrane_boundary_km": 16.26, "grid_id": "59_123", "year": 1981 }, "geometry": { "type": "Point", "coordinates": [ -122.73835, 50.35785 ] } },
{ "type": "Feature", "properties": { "sample_id": "ID092J815025", "latitude": 50.99219, "longitude": -122.85916, "rock_class": "ultramafic rocks", "rock_type": "ultramafic rocks", "terrane": "Cadwallader", "terrane_name": "Bridge River", "era": "Paleozoic", "copper_ppm": 73.7, "gold_ppm": 0.01439999962, "molybdenum_ppm": 4.02, "arsenic_ppm": 104.5, "cobalt_ppm": 23.3, "score_porphyry": 1.3254696082577477, "rank_porphyry": 918, "dist_to_fault_km": 0.09, "dist_to_terrane_boundary_km": 1.28, "grid_id": "66_122", "year": 1981 }, "geometry": { "type": "Point", "coordinates": [ -122.85916, 50.99219 ] } },
{ "type": "Feature", "properties": { "sample_id": "ID092J815330", "latitude": 50.59257, "longitude": -123.02403, "rock_class": "sedimentary rocks", "rock_type": "marine sedimentary and volcanic rocks", "terrane": "Cadwallader", "terrane_name": "Cadwallader", "era": "Mesozoic", "copper_ppm": 364.0, "gold_ppm": 0.0044000000950000003, "molybdenum_ppm": 39.0, "arsenic_ppm": 48.40000153, "cobalt_ppm": 30.2, "score_porphyry": 2.7660192174462868, "rank_porphyry": 107, "dist_to_fault_km": 3.47, "dist_to_terrane_boundary_km": 11.19, "grid_id": "62_121", "year": 1981 }, "geometry": { "type": "Point", "coordinates": [ -123.02403, 50.59257 ] } },
{ "type": "Feature", "properties": { "sample_id": "ID092J815395", "latitude": 50.28491, "longitude": -123.13119, "rock_class": "intrusive rocks", "rock_type": "quartz dioritic intrusive rocks", "terrane": "Post Accretionary", "terrane_name": "Coast plutonic complex", "era": "Mesozoic", "copper_ppm": 48.5, "gold_ppm": 0.75, "molybdenum_ppm": 0.35, "arsenic_ppm": 0.89999997600000003, "cobalt_ppm": 10.0, "score_porphyry": 2.7745483588479769, "rank_porphyry": 105, "dist_to_fault_km": 4.41, "dist_to_terrane_boundary_km": 3.64, "grid_id": "58_120", "year": 1981 }, "geometry": { "type": "Point", "coordinates": [ -123.13119, 50.28491 ] } },
{ "type": "Feature", "properties": { "sample_id": "ID092J815455", "latitude": 50.01081, "longitude": -122.90945, "rock_class": "sedimentary rocks", "rock_type": "marine sedimentary and volcanic rocks", "terrane": "Overlap", "terrane_name": "Cadwallader", "era": "Mesozoic", "copper_ppm": 257.0, "gold_ppm": 0.05240000153, "molybdenum_ppm": 3.72, "arsenic_ppm": 4.5999999049999998, "cobalt_ppm": 19.8, "score_porphyry": 1.7097821007178955, "rank_porphyry": 426, "dist_to_fault_km": 1.51, "dist_to_terrane_boundary_km": 1.61, "grid_id": "55_122", "year": 1981 }, "geometry": { "type": "Point", "coordinates": [ -122.90945, 50.01081 ] } },
{ "type": "Feature", "properties": { "sample_id": "ID092J815504", "latitude": 50.54881, "longitude": -122.89676, "rock_class": "sedimentary rocks", "rock_type": "mudstone, siltstone, shale fine clastic sedimentary rocks", "terrane": "Cadwallader", "terrane_name": "Cadwallader", "era": "Mesozoic", "copper_ppm": 108.5, "gold_ppm": 0.01010000038, "molybdenum_ppm": 3.67, "arsenic_ppm": 80.80000305, "cobalt_ppm": 37.1, "score_porphyry": 1.5029272536217952, "rank_porphyry": 622, "dist_to_fault_km": 0.08, "dist_to_terrane_boundary_km": 17.35, "grid_id": "61_121", "year": 1981 }, "geometry": { "type": "Point", "coordinates": [ -122.89676, 50.54881 ] } },
{ "type": "Feature", "properties": { "sample_id": "ID092J815505", "latitude": 50.51937, "longitude": -122.8949, "rock_class": "volcanic rocks", "rock_type": "undivided volcanic rocks", "terrane": "Cadwallader", "terrane_name": "Cadwallader", "era": "Mesozoic", "copper_ppm": 44.2, "gold_ppm": 0.005300000191, "molybdenum_ppm": 13.1, "arsenic_ppm": 70.30000305, "cobalt_ppm": 14.9, "score_porphyry": 1.3379199349622484, "rank_porphyry": 893, "dist_to_fault_km": 2.33, "dist_to_terrane_boundary_km": 16.24, "grid_id": "61_122", "year": 1981 }, "geometry": { "type": "Point", "coordinates": [ -122.8949, 50.51937 ] } },
{ "type": "Feature", "properties": { "sample_id": "ID092J815543", "latitude": 50.69345, "longitude": -122.14242, "rock_class": "sedimentary rocks", "rock_type": "marine sedimentary and volcanic rocks", "terrane": "Bridge River", "terrane_name": "Bridge River", "era": "Paleozoic-Mesozoic", "copper_ppm": 101.5, "gold_ppm": 0.01720000076, "molybdenum_ppm": 7.31, "arsenic_ppm": 88.09999847, "cobalt_ppm": 23.2, "score_porphyry": 1.6598139284503992, "rank_porphyry": 462, "dist_to_fault_km": 2.83, "dist_to_terrane_boundary_km": 1.98, "grid_id": "63_127", "year": 1981 }, "geometry": { "type": "Point", "coordinates": [ -122.14242, 50.69345 ] } },
{ "type": "Feature", "properties": { "sample_id": "ID092J815545", "latitude": 50.69554, "longitude": -122.09672, "rock_class": "sedimentary rocks", "rock_type": "marine sedimentary and volcanic rocks", "terrane": "Bridge River", "terrane_name": "Methow", "era": "Paleozoic-Mesozoic", "copper_ppm": 109.0, "gold_ppm": 0.0034000000950000003, "molybdenum_ppm": 2.29, "arsenic_ppm": 37.09999847, "cobalt_ppm": 41.2, "score_porphyry": 1.2739392997601959, "rank_porphyry": 1015, "dist_to_fault_km": 0.29, "dist_to_terrane_boundary_km": 0.14, "grid_id": "63_127", "year": 1981 }, "geometry": { "type": "Point", "coordinates": [ -122.09672, 50.69554 ] } },
{ "type": "Feature", "properties": { "sample_id": "ID092J815548", "latitude": 50.54674, "longitude": -122.01691, "rock_class": "sedimentary rocks", "rock_type": "marine sedimentary and volcanic rocks", "terrane": "Bridge River", "terrane_name": "Bridge River", "era": "Paleozoic-Mesozoic", "copper_ppm": 68.1, "gold_ppm": 0.018, "molybdenum_ppm": 5.63, "arsenic_ppm": 235.0, "cobalt_ppm": 29.8, "score_porphyry": 1.5425455888052542, "rank_porphyry": 576, "dist_to_fault_km": 1.02, "dist_to_terrane_boundary_km": 7.05, "grid_id": "62_128", "year": 1981 }, "geometry": { "type": "Point", "coordinates": [ -122.01691, 50.54674 ] } },
{ "type": "Feature", "properties": { "sample_id": "ID092J815559", "latitude": 50.35024, "longitude": -122.13487, "rock_class": "intrusive rocks", "rock_type": "granodioritic intrusive rocks", "terrane": "Post Accretionary", "terrane_name": "Bridge River", "era": "Mesozoic to Cenozoic", "copper_ppm": 170.5, "gold_ppm": 0.0032000000480000004, "molybdenum_ppm": 15.95, "arsenic_ppm": 13.10000038, "cobalt_ppm": 19.5, "score_porphyry": 1.8781617572287579, "rank_porphyry": 314, "dist_to_fault_km": 3.53, "dist_to_terrane_boundary_km": 6.11, "grid_id": "60_127", "year": 1981 }, "geometry": { "type": "Point", "coordinates": [ -122.13487, 50.35024 ] } },
{ "type": "Feature", "properties": { "sample_id": "ID092J815590", "latitude": 50.83511, "longitude": -122.47231, "rock_class": "sedimentary rocks", "rock_type": "marine sedimentary and volcanic rocks", "terrane": "Bridge River", "terrane_name": "Bridge River", "era": "Paleozoic-Mesozoic", "copper_ppm": 129.0, "gold_ppm": 0.0035, "molybdenum_ppm": 7.33, "arsenic_ppm": 19.39999962, "cobalt_ppm": 29.9, "score_porphyry": 1.5900216637046083, "rank_porphyry": 525, "dist_to_fault_km": 0.91, "dist_to_terrane_boundary_km": 2.96, "grid_id": "65_124", "year": 1981 }, "geometry": { "type": "Point", "coordinates": [ -122.47231, 50.83511 ] } },
{ "type": "Feature", "properties": { "sample_id": "ID092J815622", "latitude": 50.61453, "longitude": -122.10999, "rock_class": "sedimentary rocks", "rock_type": "undivided sedimentary rocks", "terrane": "Bridge River", "terrane_name": "Bridge River", "era": "Mesozoic", "copper_ppm": 110.0, "gold_ppm": 0.0022000000480000004, "molybdenum_ppm": 5.7, "arsenic_ppm": 38.70000076, "cobalt_ppm": 22.2, "score_porphyry": 1.4461422674080791, "rank_porphyry": 701, "dist_to_fault_km": 0.92, "dist_to_terrane_boundary_km": 7.08, "grid_id": "62_127", "year": 1981 }, "geometry": { "type": "Point", "coordinates": [ -122.10999, 50.61453 ] } },
{ "type": "Feature", "properties": { "sample_id": "ID092J815623", "latitude": 50.64263, "longitude": -122.15181, "rock_class": "sedimentary rocks", "rock_type": "marine sedimentary and volcanic rocks", "terrane": "Bridge River", "terrane_name": "Bridge River", "era": "Paleozoic-Mesozoic", "copper_ppm": 85.6, "gold_ppm": 0.001, "molybdenum_ppm": 6.01, "arsenic_ppm": 18.89999962, "cobalt_ppm": 23.3, "score_porphyry": 1.2812432944910885, "rank_porphyry": 1002, "dist_to_fault_km": 0.38, "dist_to_terrane_boundary_km": 6.9, "grid_id": "63_127", "year": 1981 }, "geometry": { "type": "Point", "coordinates": [ -122.15181, 50.64263 ] } },
{ "type": "Feature", "properties": { "sample_id": "ID092L192007", "latitude": 50.661465156692699, "longitude": -127.82881558433, "rock_class": "intrusive rocks", "rock_type": "quartz diorite to granodiorite", "terrane": "Wrangellia", "terrane_name": "Wrangellia", "era": "Mesozoic", "copper_ppm": 87.6, "gold_ppm": 0.077, "molybdenum_ppm": 7.74, "arsenic_ppm": 9.5, "cobalt_ppm": 3.1, "score_porphyry": 1.3564785462676221, "rank_porphyry": 855, "dist_to_fault_km": 0.39, "dist_to_terrane_boundary_km": 47.12, "grid_id": "62_87", "year": 2019 }, "geometry": { "type": "Point", "coordinates": [ -127.828815584330016, 50.661465156692692 ] } },
{ "type": "Feature", "properties": { "sample_id": "ID092L192027", "latitude": 50.686370192508797, "longitude": -127.486947576294, "rock_class": "volcanic rocks", "rock_type": "basaltic volcanic rocks", "terrane": "Wrangellia", "terrane_name": "Wrangellia", "era": "Mesozoic", "copper_ppm": 68.72, "gold_ppm": 0.4676, "molybdenum_ppm": 0.48, "arsenic_ppm": 6.2, "cobalt_ppm": 20.4, "score_porphyry": 2.3496556274791991, "rank_porphyry": 170, "dist_to_fault_km": 1.46, "dist_to_terrane_boundary_km": 64.74, "grid_id": "63_89", "year": 2019 }, "geometry": { "type": "Point", "coordinates": [ -127.486947576294014, 50.686370192508782 ] } },
{ "type": "Feature", "properties": { "sample_id": "ID092N911157", "latitude": 51.28494155, "longitude": -125.4035162, "rock_class": "intrusive rocks", "rock_type": "quartz monzonitic intrusive rocks", "terrane": "Post Accretionary", "terrane_name": "Coast plutonic complex", "era": "Cenozoic", "copper_ppm": 352.31, "gold_ppm": 0.0833, "molybdenum_ppm": 43.32, "arsenic_ppm": 0.7, "cobalt_ppm": 20.3, "score_porphyry": 2.7454124922925711, "rank_porphyry": 114, "dist_to_fault_km": 14.85, "dist_to_terrane_boundary_km": 26.18, "grid_id": "69_104", "year": 1991 }, "geometry": { "type": "Point", "coordinates": [ -125.403516199999984, 51.28494155 ] } },
{ "type": "Feature", "properties": { "sample_id": "ID092N913008", "latitude": 51.64624623, "longitude": -124.9733558, "rock_class": "intrusive rocks", "rock_type": "granodioritic intrusive rocks", "terrane": "Post Accretionary", "terrane_name": "Stikinia", "era": "Mesozoic-Cenozoic", "copper_ppm": 249.27, "gold_ppm": 0.0199, "molybdenum_ppm": 2.71, "arsenic_ppm": 4.7, "cobalt_ppm": 12.8, "score_porphyry": 1.3753788068736899, "rank_porphyry": 818, "dist_to_fault_km": 0.67, "dist_to_terrane_boundary_km": 12.92, "grid_id": "73_107", "year": 1991 }, "geometry": { "type": "Point", "coordinates": [ -124.9733558, 51.646246229999981 ] } },
{ "type": "Feature", "properties": { "sample_id": "ID092N913057", "latitude": 51.60676245, "longitude": -124.5052862, "rock_class": "intrusive rocks", "rock_type": "tonalite intrusive rocks", "terrane": "Cadwallader", "terrane_name": "Methow", "era": "Mesozoic", "copper_ppm": 140.51, "gold_ppm": 0.057, "molybdenum_ppm": 11.08, "arsenic_ppm": 40.4, "cobalt_ppm": 12.6, "score_porphyry": 1.9587171540611341, "rank_porphyry": 287, "dist_to_fault_km": 0.34, "dist_to_terrane_boundary_km": 0.01, "grid_id": "73_110", "year": 1991 }, "geometry": { "type": "Point", "coordinates": [ -124.5052862, 51.60676245 ] } },
{ "type": "Feature", "properties": { "sample_id": "ID092N913085", "latitude": 51.79882312, "longitude": -125.0068726, "rock_class": "volcanic rocks", "rock_type": "volcaniclastic rocks", "terrane": "Stikinia?", "terrane_name": "Stikinia", "era": "Mesozoic", "copper_ppm": 217.75, "gold_ppm": 0.002, "molybdenum_ppm": 4.06, "arsenic_ppm": 27.9, "cobalt_ppm": 28.7, "score_porphyry": 1.6539241984474462, "rank_porphyry": 464, "dist_to_fault_km": 1.97, "dist_to_terrane_boundary_km": 29.46, "grid_id": "75_106", "year": 1991 }, "geometry": { "type": "Point", "coordinates": [ -125.0068726, 51.798823119999987 ] } },
{ "type": "Feature", "properties": { "sample_id": "ID092N913100", "latitude": 51.91444321, "longitude": -125.299986, "rock_class": "intrusive rocks", "rock_type": "granodioritic intrusive rocks", "terrane": "Post Accretionary", "terrane_name": "Stikinia", "era": "Mesozoic-Cenozoic", "copper_ppm": 325.51, "gold_ppm": 0.007, "molybdenum_ppm": 1.39, "arsenic_ppm": 15.5, "cobalt_ppm": 27.9, "score_porphyry": 1.5048647557283741, "rank_porphyry": 620, "dist_to_fault_km": 3.95, "dist_to_terrane_boundary_km": 40.29, "grid_id": "76_104", "year": 1991 }, "geometry": { "type": "Point", "coordinates": [ -125.299986, 51.91444321 ] } },
{ "type": "Feature", "properties": { "sample_id": "ID092N915133", "latitude": 51.34756003, "longitude": -125.5635934, "rock_class": "metamorphic rocks", "rock_type": "orthogneiss metamorphic rocks", "terrane": "Unknown", "terrane_name": "Coast plutonic complex", "era": "Paleozoic-Mesozoic", "copper_ppm": 303.01, "gold_ppm": 0.0149, "molybdenum_ppm": 7.06, "arsenic_ppm": 21.5, "cobalt_ppm": 21.8, "score_porphyry": 1.973998280607737, "rank_porphyry": 278, "dist_to_fault_km": 7.38, "dist_to_terrane_boundary_km": 20.5, "grid_id": "70_103", "year": 1991 }, "geometry": { "type": "Point", "coordinates": [ -125.5635934, 51.34756003 ] } },
{ "type": "Feature", "properties": { "sample_id": "ID092N915315", "latitude": 51.58486402, "longitude": -125.0549398, "rock_class": "intrusive rocks", "rock_type": "granodioritic intrusive rocks", "terrane": "Post Accretionary", "terrane_name": "Stikinia", "era": "Mesozoic-Cenozoic", "copper_ppm": 496.22, "gold_ppm": 0.0127, "molybdenum_ppm": 66.83, "arsenic_ppm": 4.0, "cobalt_ppm": 13.7, "score_porphyry": 2.7777900236663036, "rank_porphyry": 104, "dist_to_fault_km": 7.3, "dist_to_terrane_boundary_km": 5.38, "grid_id": "73_106", "year": 1991 }, "geometry": { "type": "Point", "coordinates": [ -125.0549398, 51.58486402 ] } },
{ "type": "Feature", "properties": { "sample_id": "ID092N917035", "latitude": 51.82800869, "longitude": -125.1143484, "rock_class": "sedimentary rocks", "rock_type": "sandstone", "terrane": "Overlap", "terrane_name": "Stikinia", "era": "Mesozoic", "copper_ppm": 126.35, "gold_ppm": 0.004, "molybdenum_ppm": 4.63, "arsenic_ppm": 163.7, "cobalt_ppm": 18.8, "score_porphyry": 1.5705556915006071, "rank_porphyry": 544, "dist_to_fault_km": 1.72, "dist_to_terrane_boundary_km": 31.93, "grid_id": "75_106", "year": 1991 }, "geometry": { "type": "Point", "coordinates": [ -125.114348399999983, 51.82800869 ] } },
{ "type": "Feature", "properties": { "sample_id": "ID092N917036", "latitude": 51.78246249, "longitude": -125.1405772, "rock_class": "volcanic rocks", "rock_type": "volcaniclastic rocks", "terrane": "Stikinia?", "terrane_name": "Stikinia", "era": "Mesozoic", "copper_ppm": 121.2, "gold_ppm": 0.0089, "molybdenum_ppm": 14.47, "arsenic_ppm": 8.2, "cobalt_ppm": 22.0, "score_porphyry": 1.6931046466633028, "rank_porphyry": 439, "dist_to_fault_km": 0.96, "dist_to_terrane_boundary_km": 26.89, "grid_id": "75_105", "year": 1991 }, "geometry": { "type": "Point", "coordinates": [ -125.1405772, 51.782462489999979 ] } },
{ "type": "Feature", "properties": { "sample_id": "ID092N917133", "latitude": 51.59110767, "longitude": -124.5170974, "rock_class": "volcanic rocks", "rock_type": "undivided volcanic rocks", "terrane": "Overlap", "terrane_name": "Stikinia", "era": "Mesozoic", "copper_ppm": 264.44, "gold_ppm": 0.0196, "molybdenum_ppm": 8.12, "arsenic_ppm": 31.5, "cobalt_ppm": 26.6, "score_porphyry": 2.056145167309432, "rank_porphyry": 255, "dist_to_fault_km": 0.22, "dist_to_terrane_boundary_km": 1.28, "grid_id": "73_110", "year": 1991 }, "geometry": { "type": "Point", "coordinates": [ -124.5170974, 51.59110767 ] } },
{ "type": "Feature", "properties": { "sample_id": "ID092O051020SS", "latitude": 51.06819405, "longitude": -122.09414983000001, "rock_class": "sedimentary rocks", "rock_type": "undivided sedimentary rocks", "terrane": "Overlap", "terrane_name": "Cache Creek", "era": "Mesozoic", "copper_ppm": 182.63, "gold_ppm": 0.01, "molybdenum_ppm": 2.09, "arsenic_ppm": 289.2, "cobalt_ppm": 29.5, "score_porphyry": 1.6690971358551425, "rank_porphyry": 454, "dist_to_fault_km": 2.39, "dist_to_terrane_boundary_km": 9.61, "grid_id": "68_127", "year": 2005 }, "geometry": { "type": "Point", "coordinates": [ -122.09414983, 51.06819405 ] } },
{ "type": "Feature", "properties": { "sample_id": "ID092O062053SS", "latitude": 51.2515697, "longitude": -122.27596106, "rock_class": "volcanic rocks", "rock_type": "undivided volcanic rocks", "terrane": "Overlap", "terrane_name": "Cache Creek", "era": "Cenozoic", "copper_ppm": 21.69, "gold_ppm": 0.4204, "molybdenum_ppm": 0.45, "arsenic_ppm": 6.5, "cobalt_ppm": 12.3, "score_porphyry": 1.5906364539408924, "rank_porphyry": 524, "dist_to_fault_km": 5.6, "dist_to_terrane_boundary_km": 11.21, "grid_id": "69_125", "year": 2006 }, "geometry": { "type": "Point", "coordinates": [ -122.27596106, 51.251569699999976 ] } },
{ "type": "Feature", "properties": { "sample_id": "ID092O791007", "latitude": 51.22568, "longitude": -122.08194, "rock_class": "sedimentary rocks", "rock_type": "marine sedimentary and volcanic rocks", "terrane": "Cache Creek", "terrane_name": "Cache Creek", "era": "Paleozoic-Mesozoic", "copper_ppm": 109.0, "gold_ppm": 0.0030999999049999998, "molybdenum_ppm": 12.3, "arsenic_ppm": 14.80000019, "cobalt_ppm": 22.3, "score_porphyry": 1.6171289436196901, "rank_porphyry": 497, "dist_to_fault_km": 3.45, "dist_to_terrane_boundary_km": 20.84, "grid_id": "69_127", "year": 1979 }, "geometry": { "type": "Point", "coordinates": [ -122.08194, 51.22568 ] } },
{ "type": "Feature", "properties": { "sample_id": "ID092O791134", "latitude": 51.51717, "longitude": -123.66607, "rock_class": "sedimentary rocks", "rock_type": "mudstone, siltstone, shale fine clastic sedimentary rocks", "terrane": "Overlap", "terrane_name": "Stikinia", "era": "Mesozoic", "copper_ppm": 51.6, "gold_ppm": 0.763, "molybdenum_ppm": 1.15, "arsenic_ppm": 6.199999809, "cobalt_ppm": 10.9, "score_porphyry": 3.1733319410269583, "rank_porphyry": 74, "dist_to_fault_km": 0.5, "dist_to_terrane_boundary_km": 7.91, "grid_id": "72_116", "year": 1979 }, "geometry": { "type": "Point", "coordinates": [ -123.66607, 51.51717 ] } },
{ "type": "Feature", "properties": { "sample_id": "ID092O793054", "latitude": 51.13151, "longitude": -122.63698, "rock_class": "sedimentary rocks", "rock_type": "undivided sedimentary rocks", "terrane": "Overlap", "terrane_name": "Stikinia", "era": "Mesozoic", "copper_ppm": 400.0, "gold_ppm": 0.01, "molybdenum_ppm": 5.21, "arsenic_ppm": 26.89999962, "cobalt_ppm": 17.7, "score_porphyry": 1.9612066278494513, "rank_porphyry": 285, "dist_to_fault_km": 0.87, "dist_to_terrane_boundary_km": 1.59, "grid_id": "68_123", "year": 1979 }, "geometry": { "type": "Point", "coordinates": [ -122.63698, 51.13151 ] } },
{ "type": "Feature", "properties": { "sample_id": "ID092O793055", "latitude": 51.13151, "longitude": -122.63698, "rock_class": "sedimentary rocks", "rock_type": "undivided sedimentary rocks", "terrane": "Overlap", "terrane_name": "Stikinia", "era": "Mesozoic", "copper_ppm": 392.0, "gold_ppm": 0.0145, "molybdenum_ppm": 5.09, "arsenic_ppm": 25.39999962, "cobalt_ppm": 17.8, "score_porphyry": 1.961735147589021, "rank_porphyry": 284, "dist_to_fault_km": 0.87, "dist_to_terrane_boundary_km": 1.59, "grid_id": "68_123", "year": 1979 }, "geometry": { "type": "Point", "coordinates": [ -122.63698, 51.13151 ] } },
{ "type": "Feature", "properties": { "sample_id": "ID092O793124", "latitude": 51.10253, "longitude": -123.36351, "rock_class": "intrusive rocks", "rock_type": "granodioritic intrusive rocks", "terrane": "Post Accretionary", "terrane_name": "Methow", "era": "Mesozoic", "copper_ppm": 187.5, "gold_ppm": 0.004800000191, "molybdenum_ppm": 5.04, "arsenic_ppm": 10.19999981, "cobalt_ppm": 13.4, "score_porphyry": 1.4407759676843181, "rank_porphyry": 710, "dist_to_fault_km": 0.42, "dist_to_terrane_boundary_km": 12.59, "grid_id": "67_118", "year": 1979 }, "geometry": { "type": "Point", "coordinates": [ -123.36351, 51.10253 ] } },
{ "type": "Feature", "properties": { "sample_id": "ID092O793134", "latitude": 51.04253, "longitude": -123.38397, "rock_class": "intrusive rocks", "rock_type": "granodioritic intrusive rocks", "terrane": "Post Accretionary", "terrane_name": "Methow", "era": "Mesozoic", "copper_ppm": 1180.0, "gold_ppm": 0.005699999809000001, "molybdenum_ppm": 107.0, "arsenic_ppm": 5.0999999049999998, "cobalt_ppm": 6.6, "score_porphyry": 3.2189869386392176, "rank_porphyry": 71, "dist_to_fault_km": 3.65, "dist_to_terrane_boundary_km": 7.53, "grid_id": "67_118", "year": 1979 }, "geometry": { "type": "Point", "coordinates": [ -123.38397, 51.04253 ] } },
{ "type": "Feature", "properties": { "sample_id": "ID092O793137", "latitude": 51.07996, "longitude": -123.41224, "rock_class": "intrusive rocks", "rock_type": "granodioritic intrusive rocks", "terrane": "Post Accretionary", "terrane_name": "Methow", "era": "Mesozoic", "copper_ppm": 96.0, "gold_ppm": 0.0135, "molybdenum_ppm": 6.75, "arsenic_ppm": 49.59999847, "cobalt_ppm": 8.5, "score_porphyry": 1.3636338640473733, "rank_porphyry": 836, "dist_to_fault_km": 1.38, "dist_to_terrane_boundary_km": 8.36, "grid_id": "67_118", "year": 1979 }, "geometry": { "type": "Point", "coordinates": [ -123.41224, 51.07996 ] } },
{ "type": "Feature", "properties": { "sample_id": "ID092O795229", "latitude": 51.08902, "longitude": -123.56419, "rock_class": "intrusive rocks", "rock_type": "granodioritic intrusive rocks", "terrane": "Post Accretionary", "terrane_name": "Methow", "era": "Mesozoic", "copper_ppm": 190.5, "gold_ppm": 0.004699999809000001, "molybdenum_ppm": 10.95, "arsenic_ppm": 4.199999809, "cobalt_ppm": 26.4, "score_porphyry": 1.7468276865662253, "rank_porphyry": 396, "dist_to_fault_km": 0.22, "dist_to_terrane_boundary_km": 0.74, "grid_id": "67_117", "year": 1979 }, "geometry": { "type": "Point", "coordinates": [ -123.56419, 51.08902 ] } },
{ "type": "Feature", "properties": { "sample_id": "ID092O795263", "latitude": 51.11148, "longitude": -123.51678, "rock_class": "intrusive rocks", "rock_type": "granodioritic intrusive rocks", "terrane": "Post Accretionary", "terrane_name": "Methow", "era": "Mesozoic", "copper_ppm": 32.2, "gold_ppm": 0.567, "molybdenum_ppm": 2.3, "arsenic_ppm": 7.0, "cobalt_ppm": 12.5, "score_porphyry": 2.5797541175136982, "rank_porphyry": 133, "dist_to_fault_km": 1.17, "dist_to_terrane_boundary_km": 4.86, "grid_id": "68_117", "year": 1979 }, "geometry": { "type": "Point", "coordinates": [ -123.51678, 51.11148 ] } },
{ "type": "Feature", "properties": { "sample_id": "ID092O795271", "latitude": 51.04857, "longitude": -123.55006, "rock_class": "intrusive rocks", "rock_type": "granodioritic intrusive rocks", "terrane": "Post Accretionary", "terrane_name": "Coast plutonic complex", "era": "Mesozoic", "copper_ppm": 89.7, "gold_ppm": 0.006699999809000001, "molybdenum_ppm": 10.1, "arsenic_ppm": 5.5, "cobalt_ppm": 14.9, "score_porphyry": 1.3160751570343103, "rank_porphyry": 937, "dist_to_fault_km": 1.23, "dist_to_terrane_boundary_km": 1.52, "grid_id": "67_117", "year": 1979 }, "geometry": { "type": "Point", "coordinates": [ -123.55006, 51.04857 ] } },
{ "type": "Feature", "properties": { "sample_id": "ID092O795285", "latitude": 51.09279, "longitude": -123.32318, "rock_class": "intrusive rocks", "rock_type": "granodioritic intrusive rocks", "terrane": "Post Accretionary", "terrane_name": "Methow", "era": "Mesozoic", "copper_ppm": 244.0, "gold_ppm": 0.0012999999520000001, "molybdenum_ppm": 7.07, "arsenic_ppm": 6.4000000950000002, "cobalt_ppm": 7.0, "score_porphyry": 1.5065041202932621, "rank_porphyry": 619, "dist_to_fault_km": 0.48, "dist_to_terrane_boundary_km": 14.25, "grid_id": "67_118", "year": 1979 }, "geometry": { "type": "Point", "coordinates": [ -123.32318, 51.09279 ] } },
{ "type": "Feature", "properties": { "sample_id": "ID092O795288", "latitude": 51.0838, "longitude": -123.26564, "rock_class": "volcanic rocks", "rock_type": "undivided volcanic rocks", "terrane": "Overlap", "terrane_name": "Methow", "era": "Mesozoic", "copper_ppm": 152.5, "gold_ppm": 0.005699999809000001, "molybdenum_ppm": 8.92, "arsenic_ppm": 15.19999981, "cobalt_ppm": 21.3, "score_porphyry": 1.6616991256968814, "rank_porphyry": 459, "dist_to_fault_km": 1.09, "dist_to_terrane_boundary_km": 16.94, "grid_id": "67_119", "year": 1979 }, "geometry": { "type": "Point", "coordinates": [ -123.26564, 51.0838 ] } },
{ "type": "Feature", "properties": { "sample_id": "ID092O795291", "latitude": 51.06327, "longitude": -123.28981, "rock_class": "intrusive rocks", "rock_type": "granodioritic intrusive rocks", "terrane": "Post Accretionary", "terrane_name": "Methow", "era": "Mesozoic", "copper_ppm": 133.0, "gold_ppm": 0.0015, "molybdenum_ppm": 8.87, "arsenic_ppm": 22.79999924, "cobalt_ppm": 17.4, "score_porphyry": 1.5835047403537899, "rank_porphyry": 531, "dist_to_fault_km": 2.94, "dist_to_terrane_boundary_km": 14.24, "grid_id": "67_118", "year": 1979 }, "geometry": { "type": "Point", "coordinates": [ -123.28981, 51.06327 ] } },
{ "type": "Feature", "properties": { "sample_id": "ID092O795297", "latitude": 51.03055, "longitude": -123.28252, "rock_class": "intrusive rocks", "rock_type": "granodioritic intrusive rocks", "terrane": "Post Accretionary", "terrane_name": "Methow", "era": "Mesozoic", "copper_ppm": 736.0, "gold_ppm": 0.0025, "molybdenum_ppm": 37.5, "arsenic_ppm": 21.39999962, "cobalt_ppm": 16.3, "score_porphyry": 2.8718507320707687, "rank_porphyry": 91, "dist_to_fault_km": 6.49, "dist_to_terrane_boundary_km": 12.66, "grid_id": "67_119", "year": 1979 }, "geometry": { "type": "Point", "coordinates": [ -123.28252, 51.03055 ] } },
{ "type": "Feature", "properties": { "sample_id": "ID092O795302", "latitude": 51.26848, "longitude": -123.28318, "rock_class": "intrusive rocks", "rock_type": "quartz dioritic intrusive rocks", "terrane": "Post Accretionary", "terrane_name": "Methow", "era": "Mesozoic", "copper_ppm": 38.6, "gold_ppm": 0.596, "molybdenum_ppm": 0.65, "arsenic_ppm": 17.70000076, "cobalt_ppm": 22.0, "score_porphyry": 2.6652600892721998, "rank_porphyry": 123, "dist_to_fault_km": 4.43, "dist_to_terrane_boundary_km": 2.11, "grid_id": "69_118", "year": 1979 }, "geometry": { "type": "Point", "coordinates": [ -123.28318, 51.26848 ] } },
{ "type": "Feature", "properties": { "sample_id": "ID092O795464", "latitude": 51.05235, "longitude": -123.18413, "rock_class": "volcanic rocks", "rock_type": "undivided volcanic rocks", "terrane": "Overlap", "terrane_name": "Methow", "era": "Mesozoic", "copper_ppm": 212.0, "gold_ppm": 0.008199999809, "molybdenum_ppm": 5.93, "arsenic_ppm": 5.0999999049999998, "cobalt_ppm": 6.3, "score_porphyry": 1.3814842148872206, "rank_porphyry": 810, "dist_to_fault_km": 1.79, "dist_to_terrane_boundary_km": 15.85, "grid_id": "67_119", "year": 1979 }, "geometry": { "type": "Point", "coordinates": [ -123.18413, 51.05235 ] } },
{ "type": "Feature", "properties": { "sample_id": "ID092O795472", "latitude": 51.01545, "longitude": -123.11543, "rock_class": "volcanic rocks", "rock_type": "undivided volcanic rocks", "terrane": "Overlap", "terrane_name": "Methow", "era": "Mesozoic", "copper_ppm": 106.0, "gold_ppm": 0.01180000019, "molybdenum_ppm": 5.56, "arsenic_ppm": 17.5, "cobalt_ppm": 18.6, "score_porphyry": 1.3585543826997362, "rank_porphyry": 846, "dist_to_fault_km": 2.42, "dist_to_terrane_boundary_km": 9.7, "grid_id": "67_120", "year": 1979 }, "geometry": { "type": "Point", "coordinates": [ -123.11543, 51.01545 ] } },
{ "type": "Feature", "properties": { "sample_id": "ID092O795476", "latitude": 51.04215, "longitude": -122.87968, "rock_class": "sedimentary rocks", "rock_type": "coarse clastic sedimentary rocks", "terrane": "Cadwallader", "terrane_name": "Cadwallader", "era": "Mesozoic", "copper_ppm": 73.7, "gold_ppm": 0.0040999999050000003, "molybdenum_ppm": 4.85, "arsenic_ppm": 146.0, "cobalt_ppm": 18.9, "score_porphyry": 1.3334154287585367, "rank_porphyry": 904, "dist_to_fault_km": 0.15, "dist_to_terrane_boundary_km": 1.83, "grid_id": "67_121", "year": 1979 }, "geometry": { "type": "Point", "coordinates": [ -122.87968, 51.04215 ] } },
{ "type": "Feature", "properties": { "sample_id": "ID092O795502", "latitude": 51.15068, "longitude": -123.1504, "rock_class": "sedimentary rocks", "rock_type": "undivided sedimentary rocks", "terrane": "Overlap", "terrane_name": "Methow", "era": "Mesozoic", "copper_ppm": 81.6, "gold_ppm": 0.01929999924, "molybdenum_ppm": 5.28, "arsenic_ppm": 152.5, "cobalt_ppm": 37.7, "score_porphyry": 1.6042061650019765, "rank_porphyry": 514, "dist_to_fault_km": 0.32, "dist_to_terrane_boundary_km": 8.85, "grid_id": "68_119", "year": 1979 }, "geometry": { "type": "Point", "coordinates": [ -123.1504, 51.15068 ] } },
{ "type": "Feature", "properties": { "sample_id": "ID092O795695", "latitude": 51.06763, "longitude": -122.09464, "rock_class": "sedimentary rocks", "rock_type": "undivided sedimentary rocks", "terrane": "Overlap", "terrane_name": "Cache Creek", "era": "Mesozoic", "copper_ppm": 220.0, "gold_ppm": 0.009, "molybdenum_ppm": 2.57, "arsenic_ppm": 314.0, "cobalt_ppm": 30.1, "score_porphyry": 1.8162223398189934, "rank_porphyry": 356, "dist_to_fault_km": 2.46, "dist_to_terrane_boundary_km": 9.54, "grid_id": "68_127", "year": 1979 }, "geometry": { "type": "Point", "coordinates": [ -122.09464, 51.06763 ] } },
{ "type": "Feature", "properties": { "sample_id": "ID092O795696", "latitude": 51.06763, "longitude": -122.09464, "rock_class": "sedimentary rocks", "rock_type": "undivided sedimentary rocks", "terrane": "Overlap", "terrane_name": "Cache Creek", "era": "Mesozoic", "copper_ppm": 214.0, "gold_ppm": 0.006, "molybdenum_ppm": 2.36, "arsenic_ppm": 328.0, "cobalt_ppm": 26.0, "score_porphyry": 1.7447724566234621, "rank_porphyry": 399, "dist_to_fault_km": 2.46, "dist_to_terrane_boundary_km": 9.54, "grid_id": "68_127", "year": 1979 }, "geometry": { "type": "Point", "coordinates": [ -122.09464, 51.06763 ] } },
{ "type": "Feature", "properties": { "sample_id": "ID092P791126", "latitude": 51.45775, "longitude": -120.37973, "rock_class": "intrusive rocks", "rock_type": "granodioritic intrusive rocks", "terrane": "Quesnellia", "terrane_name": "Quesnellia", "era": "Mesozoic", "copper_ppm": 97.0, "gold_ppm": 2.36, "molybdenum_ppm": 0.93, "arsenic_ppm": 4.9000000950000002, "cobalt_ppm": 10.4, "score_porphyry": 6.5873665407435977, "rank_porphyry": 16, "dist_to_fault_km": 4.41, "dist_to_terrane_boundary_km": 11.59, "grid_id": "73_138", "year": 1979 }, "geometry": { "type": "Point", "coordinates": [ -120.37973, 51.45775 ] } },
{ "type": "Feature", "properties": { "sample_id": "ID092P791132", "latitude": 51.53426, "longitude": -120.38861, "rock_class": "sedimentary rocks", "rock_type": "mudstone, siltstone, shale fine clastic sedimentary rocks", "terrane": "Quesnellia", "terrane_name": "Quesnellia", "era": "Mesozoic", "copper_ppm": 188.5, "gold_ppm": 0.009100000381, "molybdenum_ppm": 2.03, "arsenic_ppm": 206.0, "cobalt_ppm": 18.3, "score_porphyry": 1.5542998653285782, "rank_porphyry": 564, "dist_to_fault_km": 1.83, "dist_to_terrane_boundary_km": 11.83, "grid_id": "73_138", "year": 1979 }, "geometry": { "type": "Point", "coordinates": [ -120.38861, 51.53426 ] } },
{ "type": "Feature", "properties": { "sample_id": "ID092P791148", "latitude": 51.4772, "longitude": -120.22442, "rock_class": "sedimentary rocks", "rock_type": "mudstone, siltstone, shale fine clastic sedimentary rocks", "terrane": "Quesnellia", "terrane_name": "Quesnellia", "era": "Mesozoic", "copper_ppm": 123.0, "gold_ppm": 0.01189999962, "molybdenum_ppm": 9.15, "arsenic_ppm": 87.90000153, "cobalt_ppm": 28.6, "score_porphyry": 1.8334744835155126, "rank_porphyry": 340, "dist_to_fault_km": 0.39, "dist_to_terrane_boundary_km": 0.73, "grid_id": "73_140", "year": 1979 }, "geometry": { "type": "Point", "coordinates": [ -120.22442, 51.4772 ] } },
{ "type": "Feature", "properties": { "sample_id": "ID092P791234", "latitude": 51.02139, "longitude": -120.41154, "rock_class": "sedimentary rocks", "rock_type": "marine sedimentary and volcanic rocks", "terrane": "Quesnellia", "terrane_name": "Quesnellia", "era": "Paleozoic-Mesozoic", "copper_ppm": 79.3, "gold_ppm": 0.004199999809, "molybdenum_ppm": 56.2, "arsenic_ppm": 36.29999924, "cobalt_ppm": 19.1, "score_porphyry": 2.110706499239078, "rank_porphyry": 234, "dist_to_fault_km": 12.33, "dist_to_terrane_boundary_km": 24.2, "grid_id": "68_139", "year": 1979 }, "geometry": { "type": "Point", "coordinates": [ -120.41154, 51.02139 ] } },
{ "type": "Feature", "properties": { "sample_id": "ID092P791244", "latitude": 51.23675, "longitude": -120.28941, "rock_class": "sedimentary rocks", "rock_type": "marine sedimentary and volcanic rocks", "terrane": "Quesnellia", "terrane_name": "Quesnellia", "era": "Paleozoic-Mesozoic", "copper_ppm": 39.9, "gold_ppm": 0.286, "molybdenum_ppm": 1.27, "arsenic_ppm": 2.5, "cobalt_ppm": 6.3, "score_porphyry": 1.3510790421853054, "rank_porphyry": 865, "dist_to_fault_km": 4.77, "dist_to_terrane_boundary_km": 9.48, "grid_id": "70_139", "year": 1979 }, "geometry": { "type": "Point", "coordinates": [ -120.28941, 51.23675 ] } },
{ "type": "Feature", "properties": { "sample_id": "ID092P791250", "latitude": 51.08288, "longitude": -121.94513, "rock_class": "sedimentary rocks", "rock_type": "marine sedimentary and volcanic rocks", "terrane": "Cache Creek", "terrane_name": "Cache Creek", "era": "Paleozoic-Mesozoic", "copper_ppm": 115.5, "gold_ppm": 0.0034000000950000003, "molybdenum_ppm": 10.25, "arsenic_ppm": 16.39999962, "cobalt_ppm": 18.9, "score_porphyry": 1.5615490987329748, "rank_porphyry": 557, "dist_to_fault_km": 5.32, "dist_to_terrane_boundary_km": 18.93, "grid_id": "68_128", "year": 1979 }, "geometry": { "type": "Point", "coordinates": [ -121.94513, 51.08288 ] } },
{ "type": "Feature", "properties": { "sample_id": "ID092P791279", "latitude": 51.04612, "longitude": -121.56208, "rock_class": "sedimentary rocks", "rock_type": "coarse clastic sedimentary rocks", "terrane": "Younger Volcanics", "terrane_name": "Cache Creek", "era": "Cenozoic", "copper_ppm": 102.0, "gold_ppm": 0.0022999999519999997, "molybdenum_ppm": 9.79, "arsenic_ppm": 54.09999847, "cobalt_ppm": 15.9, "score_porphyry": 1.5758340637813852, "rank_porphyry": 539, "dist_to_fault_km": 1.4, "dist_to_terrane_boundary_km": 16.32, "grid_id": "67_131", "year": 1979 }, "geometry": { "type": "Point", "coordinates": [ -121.56208, 51.04612 ] } },
{ "type": "Feature", "properties": { "sample_id": "ID092P793245", "latitude": 51.75472, "longitude": -120.40939, "rock_class": "sedimentary rocks", "rock_type": "mudstone, siltstone, shale fine clastic sedimentary rocks", "terrane": "Quesnellia", "terrane_name": "Quesnellia", "era": "Mesozoic", "copper_ppm": 30.9, "gold_ppm": 0.0011000000240000002, "molybdenum_ppm": 26.0, "arsenic_ppm": 90.69999695, "cobalt_ppm": 16.5, "score_porphyry": 1.4552921598576383, "rank_porphyry": 687, "dist_to_fault_km": 1.45, "dist_to_terrane_boundary_km": 5.64, "grid_id": "76_138", "year": 1979 }, "geometry": { "type": "Point", "coordinates": [ -120.40939, 51.75472 ] } },
{ "type": "Feature", "properties": { "sample_id": "ID092P795072", "latitude": 51.59122, "longitude": -120.54649, "rock_class": "sedimentary rocks", "rock_type": "mudstone, siltstone, shale fine clastic sedimentary rocks", "terrane": "Quesnellia", "terrane_name": "Quesnellia", "era": "Mesozoic", "copper_ppm": 74.7, "gold_ppm": 1.29, "molybdenum_ppm": 3.9, "arsenic_ppm": 7.699999809, "cobalt_ppm": 13.3, "score_porphyry": 5.0096892446798051, "rank_porphyry": 33, "dist_to_fault_km": 0.03, "dist_to_terrane_boundary_km": 21.69, "grid_id": "74_137", "year": 1979 }, "geometry": { "type": "Point", "coordinates": [ -120.54649, 51.59122 ] } },
{ "type": "Feature", "properties": { "sample_id": "ID092P795117", "latitude": 51.59609, "longitude": -120.49213, "rock_class": "intrusive rocks", "rock_type": "syenitic to monzonitic intrusive rocks", "terrane": "Quesnellia", "terrane_name": "Quesnellia", "era": "Mesozoic", "copper_ppm": 135.0, "gold_ppm": 0.0085, "molybdenum_ppm": 9.7, "arsenic_ppm": 9.600000381, "cobalt_ppm": 18.6, "score_porphyry": 1.5826467293770743, "rank_porphyry": 534, "dist_to_fault_km": 0.58, "dist_to_terrane_boundary_km": 18.19, "grid_id": "74_138", "year": 1979 }, "geometry": { "type": "Point", "coordinates": [ -120.49213, 51.59609 ] } },
{ "type": "Feature", "properties": { "sample_id": "ID092P795118", "latitude": 51.5948, "longitude": -120.46191, "rock_class": "sedimentary rocks", "rock_type": "marine sedimentary and volcanic rocks", "terrane": "Quesnellia", "terrane_name": "Quesnellia", "era": "Mesozoic", "copper_ppm": 151.0, "gold_ppm": 0.0029000000950000003, "molybdenum_ppm": 49.0, "arsenic_ppm": 16.89999962, "cobalt_ppm": 38.0, "score_porphyry": 2.382070585838703, "rank_porphyry": 166, "dist_to_fault_km": 0.97, "dist_to_terrane_boundary_km": 16.35, "grid_id": "74_138", "year": 1979 }, "geometry": { "type": "Point", "coordinates": [ -120.46191, 51.5948 ] } },
{ "type": "Feature", "properties": { "sample_id": "ID092P795308", "latitude": 51.23643, "longitude": -120.35872, "rock_class": "sedimentary rocks", "rock_type": "marine sedimentary and volcanic rocks", "terrane": "Quesnellia", "terrane_name": "Quesnellia", "era": "Paleozoic-Mesozoic", "copper_ppm": 64.0, "gold_ppm": 0.0017000000479999999, "molybdenum_ppm": 17.55, "arsenic_ppm": 10.0, "cobalt_ppm": 11.0, "score_porphyry": 1.3450615315792167, "rank_porphyry": 876, "dist_to_fault_km": 0.05, "dist_to_terrane_boundary_km": 14.31, "grid_id": "70_139", "year": 1979 }, "geometry": { "type": "Point", "coordinates": [ -120.35872, 51.23643 ] } },
{ "type": "Feature", "properties": { "sample_id": "ID093A801012", "latitude": 52.36179, "longitude": -121.86733, "rock_class": "sedimentary rocks", "rock_type": "marine sedimentary and volcanic rocks", "terrane": "Cache Creek", "terrane_name": "Cache Creek", "era": "Paleozoic-Mesozoic", "copper_ppm": 39.59, "gold_ppm": 0.4388999939000001, "molybdenum_ppm": 0.87, "arsenic_ppm": 3.5999999049999998, "cobalt_ppm": 11.8, "score_porphyry": 1.9589754214520909, "rank_porphyry": 286, "dist_to_fault_km": 2.87, "dist_to_terrane_boundary_km": 8.16, "grid_id": "82_128", "year": 1980 }, "geometry": { "type": "Point", "coordinates": [ -121.86733, 52.36179 ] } },
{ "type": "Feature", "properties": { "sample_id": "ID093A801178", "latitude": 52.65396, "longitude": -121.65372, "rock_class": "sedimentary rocks", "rock_type": "undivided sedimentary rocks", "terrane": "Quesnellia", "terrane_name": "Quesnellia", "era": "Mesozoic", "copper_ppm": 60.04, "gold_ppm": 0.01289999962, "molybdenum_ppm": 7.62, "arsenic_ppm": 72.90000153, "cobalt_ppm": 20.1, "score_porphyry": 1.3743014431533518, "rank_porphyry": 820, "dist_to_fault_km": 0.54, "dist_to_terrane_boundary_km": 8.64, "grid_id": "85_129", "year": 1980 }, "geometry": { "type": "Point", "coordinates": [ -121.65372, 52.65396 ] } },
{ "type": "Feature", "properties": { "sample_id": "ID093A801179", "latitude": 52.60063, "longitude": -120.56092, "rock_class": "metamorphic rocks", "rock_type": "metasediments", "terrane": "North America - basinal strata", "terrane_name": "North America - basinal strata", "era": "Proterozoic to Paleozoic", "copper_ppm": 85.22, "gold_ppm": 0.004199999809, "molybdenum_ppm": 5.72, "arsenic_ppm": 25.10000038, "cobalt_ppm": 21.3, "score_porphyry": 1.291807128601183, "rank_porphyry": 975, "dist_to_fault_km": 1.03, "dist_to_terrane_boundary_km": 11.95, "grid_id": "85_136", "year": 1980 }, "geometry": { "type": "Point", "coordinates": [ -120.56092, 52.60063 ] } },
{ "type": "Feature", "properties": { "sample_id": "ID093A801180", "latitude": 52.60193, "longitude": -120.52471, "rock_class": "metamorphic rocks", "rock_type": "metasediments", "terrane": "North America - basinal strata", "terrane_name": "North America - basinal strata", "era": "Proterozoic to Paleozoic", "copper_ppm": 69.16, "gold_ppm": 0.1316000061, "molybdenum_ppm": 8.11, "arsenic_ppm": 53.40000153, "cobalt_ppm": 18.8, "score_porphyry": 1.965701982875895, "rank_porphyry": 282, "dist_to_fault_km": 2.29, "dist_to_terrane_boundary_km": 11.74, "grid_id": "85_136", "year": 1980 }, "geometry": { "type": "Point", "coordinates": [ -120.52471, 52.60193 ] } },
{ "type": "Feature", "properties": { "sample_id": "ID093A801182", "latitude": 52.60789, "longitude": -120.47874, "rock_class": "metamorphic rocks", "rock_type": "greenstone, greenschist metamorphic rocks", "terrane": "Kootenay", "terrane_name": "North America - basinal strata", "era": "Paleozoic", "copper_ppm": 77.98, "gold_ppm": 0.0022000000480000004, "molybdenum_ppm": 11.54, "arsenic_ppm": 54.70000076, "cobalt_ppm": 21.4, "score_porphyry": 1.5648937071692697, "rank_porphyry": 551, "dist_to_fault_km": 2.19, "dist_to_terrane_boundary_km": 9.61, "grid_id": "85_137", "year": 1980 }, "geometry": { "type": "Point", "coordinates": [ -120.47874, 52.60789 ] } },
{ "type": "Feature", "properties": { "sample_id": "ID093A801275", "latitude": 52.32789, "longitude": -120.90755, "rock_class": "sedimentary rocks", "rock_type": "marine sedimentary and volcanic rocks", "terrane": "Quesnellia", "terrane_name": "Quesnellia", "era": "Mesozoic", "copper_ppm": 71.59, "gold_ppm": 0.02060000038, "molybdenum_ppm": 6.0, "arsenic_ppm": 142.0, "cobalt_ppm": 18.2, "score_porphyry": 1.4618543120323322, "rank_porphyry": 680, "dist_to_fault_km": 8.86, "dist_to_terrane_boundary_km": 13.72, "grid_id": "82_134", "year": 1980 }, "geometry": { "type": "Point", "coordinates": [ -120.90755, 52.32789 ] } },
{ "type": "Feature", "properties": { "sample_id": "ID093A801287", "latitude": 52.16428, "longitude": -120.76589, "rock_class": "sedimentary rocks", "rock_type": "marine sedimentary and volcanic rocks", "terrane": "Quesnellia", "terrane_name": "Quesnellia", "era": "Mesozoic", "copper_ppm": 21.17, "gold_ppm": 0.6797999878000001, "molybdenum_ppm": 0.37, "arsenic_ppm": 0.89999997600000003, "cobalt_ppm": 8.3, "score_porphyry": 2.1833735043060232, "rank_porphyry": 209, "dist_to_fault_km": 2.41, "dist_to_terrane_boundary_km": 6.01, "grid_id": "80_135", "year": 1980 }, "geometry": { "type": "Point", "coordinates": [ -120.76589, 52.16428 ] } },
{ "type": "Feature", "properties": { "sample_id": "ID093A801325", "latitude": 52.29836, "longitude": -121.05238, "rock_class": "sedimentary rocks", "rock_type": "marine sedimentary and volcanic rocks", "terrane": "Quesnellia", "terrane_name": "Quesnellia", "era": "Mesozoic", "copper_ppm": 145.81, "gold_ppm": 0.0055, "molybdenum_ppm": 4.93, "arsenic_ppm": 34.70000076, "cobalt_ppm": 11.0, "score_porphyry": 1.4129595962552821, "rank_porphyry": 749, "dist_to_fault_km": 7.97, "dist_to_terrane_boundary_km": 22.28, "grid_id": "82_133", "year": 1980 }, "geometry": { "type": "Point", "coordinates": [ -121.05238, 52.29836 ] } },
{ "type": "Feature", "properties": { "sample_id": "ID093A803139", "latitude": 52.60453, "longitude": -121.53811, "rock_class": "sedimentary rocks", "rock_type": "undivided sedimentary rocks", "terrane": "Quesnellia", "terrane_name": "Quesnellia", "era": "Mesozoic", "copper_ppm": 94.76, "gold_ppm": 0.01589999962, "molybdenum_ppm": 2.26, "arsenic_ppm": 96.59999847, "cobalt_ppm": 25.8, "score_porphyry": 1.2867829538014155, "rank_porphyry": 989, "dist_to_fault_km": 0.63, "dist_to_terrane_boundary_km": 7.8, "grid_id": "85_130", "year": 1980 }, "geometry": { "type": "Point", "coordinates": [ -121.53811, 52.60453 ] } },
{ "type": "Feature", "properties": { "sample_id": "ID093A803262", "latitude": 52.21893, "longitude": -120.91902, "rock_class": "sedimentary rocks", "rock_type": "marine sedimentary and volcanic rocks", "terrane": "Quesnellia", "terrane_name": "Quesnellia", "era": "Mesozoic", "copper_ppm": 39.84, "gold_ppm": 0.0022000000480000004, "molybdenum_ppm": 45.4, "arsenic_ppm": 6.800000191, "cobalt_ppm": 12.6, "score_porphyry": 1.4797042899098787, "rank_porphyry": 649, "dist_to_fault_km": 5.27, "dist_to_terrane_boundary_km": 14.28, "grid_id": "81_134", "year": 1980 }, "geometry": { "type": "Point", "coordinates": [ -120.91902, 52.21893 ] } },
{ "type": "Feature", "properties": { "sample_id": "ID093A805004", "latitude": 52.78598, "longitude": -121.9769, "rock_class": "volcanic rocks", "rock_type": "volcaniclastic rocks", "terrane": "Quesnellia", "terrane_name": "Quesnellia", "era": "Mesozoic", "copper_ppm": 179.03, "gold_ppm": 0.08630000305, "molybdenum_ppm": 15.81, "arsenic_ppm": 5.199999809, "cobalt_ppm": 8.9, "score_porphyry": 2.0762432366713002, "rank_porphyry": 249, "dist_to_fault_km": 0.4, "dist_to_terrane_boundary_km": 13.34, "grid_id": "87_127", "year": 1980 }, "geometry": { "type": "Point", "coordinates": [ -121.9769, 52.78598 ] } },
{ "type": "Feature", "properties": { "sample_id": "ID093A805023", "latitude": 52.83023, "longitude": -121.90001, "rock_class": "volcanic rocks", "rock_type": "basaltic volcanic rocks", "terrane": "Quesnellia", "terrane_name": "Quesnellia", "era": "Mesozoic", "copper_ppm": 732.05, "gold_ppm": 0.043, "molybdenum_ppm": 2.74, "arsenic_ppm": 31.89999962, "cobalt_ppm": 14.1, "score_porphyry": 2.1760924886677571, "rank_porphyry": 212, "dist_to_fault_km": 2.42, "dist_to_terrane_boundary_km": 10.98, "grid_id": "87_127", "year": 1980 }, "geometry": { "type": "Point", "coordinates": [ -121.90001, 52.83023 ] } },
{ "type": "Feature", "properties": { "sample_id": "ID093A805034", "latitude": 52.67976, "longitude": -121.7472, "rock_class": "sedimentary rocks", "rock_type": "undivided sedimentary rocks", "terrane": "Quesnellia", "terrane_name": "Quesnellia", "era": "Mesozoic", "copper_ppm": 6.21, "gold_ppm": 0.00089999997600000007, "molybdenum_ppm": 357.44, "arsenic_ppm": 206.3999939, "cobalt_ppm": 41.6, "score_porphyry": 2.0300925568592527, "rank_porphyry": 263, "dist_to_fault_km": 0.28, "dist_to_terrane_boundary_km": 11.54, "grid_id": "86_128", "year": 1980 }, "geometry": { "type": "Point", "coordinates": [ -121.7472, 52.67976 ] } },
{ "type": "Feature", "properties": { "sample_id": "ID093A805037", "latitude": 52.70672, "longitude": -121.93991, "rock_class": "volcanic rocks", "rock_type": "volcaniclastic rocks", "terrane": "Quesnellia", "terrane_name": "Quesnellia", "era": "Mesozoic", "copper_ppm": 736.4, "gold_ppm": 0.3156000061, "molybdenum_ppm": 497.29, "arsenic_ppm": 283.6000061, "cobalt_ppm": 43.4, "score_porphyry": 5.6514304996102647, "rank_porphyry": 28, "dist_to_fault_km": 0.4, "dist_to_terrane_boundary_km": 10.22, "grid_id": "86_127", "year": 1980 }, "geometry": { "type": "Point", "coordinates": [ -121.93991, 52.70672 ] } },
{ "type": "Feature", "properties": { "sample_id": "ID093A805058", "latitude": 52.73814, "longitude": -121.76863, "rock_class": "sedimentary rocks", "rock_type": "undivided sedimentary rocks", "terrane": "Quesnellia", "terrane_name": "Quesnellia", "era": "Mesozoic", "copper_ppm": 777.15, "gold_ppm": 0.514, "molybdenum_ppm": 542.74, "arsenic_ppm": 306.8999939, "cobalt_ppm": 45.3, "score_porphyry": 6.4229821325408727, "rank_porphyry": 19, "dist_to_fault_km": 1.13, "dist_to_terrane_boundary_km": 8.02, "grid_id": "86_128", "year": 1980 }, "geometry": { "type": "Point", "coordinates": [ -121.76863, 52.73814 ] } },
{ "type": "Feature", "properties": { "sample_id": "ID093A805060", "latitude": 52.69537, "longitude": -121.7729, "rock_class": "sedimentary rocks", "rock_type": "undivided sedimentary rocks", "terrane": "Quesnellia", "terrane_name": "Quesnellia", "era": "Mesozoic", "copper_ppm": 99.95, "gold_ppm": 0.0022000000480000004, "molybdenum_ppm": 3.98, "arsenic_ppm": 48.59999847, "cobalt_ppm": 23.6, "score_porphyry": 1.3216719130858192, "rank_porphyry": 928, "dist_to_fault_km": 0.35, "dist_to_terrane_boundary_km": 11.56, "grid_id": "86_128", "year": 1980 }, "geometry": { "type": "Point", "coordinates": [ -121.7729, 52.69537 ] } },
{ "type": "Feature", "properties": { "sample_id": "ID093A805065", "latitude": 52.72772, "longitude": -121.65081, "rock_class": "sedimentary rocks", "rock_type": "undivided sedimentary rocks", "terrane": "Quesnellia", "terrane_name": "Quesnellia", "era": "Mesozoic", "copper_ppm": 779.36, "gold_ppm": 0.3396000061, "molybdenum_ppm": 550.74, "arsenic_ppm": 310.5, "cobalt_ppm": 46.5, "score_porphyry": 5.8279415523222973, "rank_porphyry": 25, "dist_to_fault_km": 0.49, "dist_to_terrane_boundary_km": 3.15, "grid_id": "86_129", "year": 1980 }, "geometry": { "type": "Point", "coordinates": [ -121.65081, 52.72772 ] } },
{ "type": "Feature", "properties": { "sample_id": "ID093A805067", "latitude": 52.77753, "longitude": -121.57836, "rock_class": "metamorphic rocks", "rock_type": "metasediments", "terrane": "North America - basinal strata", "terrane_name": "North America - basinal strata", "era": "Proterozoic to Paleozoic", "copper_ppm": 20.82, "gold_ppm": 19.43240039, "molybdenum_ppm": 1.76, "arsenic_ppm": 3.7000000480000002, "cobalt_ppm": 25.7, "score_porphyry": 15.139027866468608, "rank_porphyry": 2, "dist_to_fault_km": 0.37, "dist_to_terrane_boundary_km": 2.32, "grid_id": "87_129", "year": 1980 }, "geometry": { "type": "Point", "coordinates": [ -121.57836, 52.77753 ] } },
{ "type": "Feature", "properties": { "sample_id": "ID093A805142", "latitude": 52.68473, "longitude": -121.16681, "rock_class": "metamorphic rocks", "rock_type": "metasediments", "terrane": "Kootenay", "terrane_name": "North America - basinal strata", "era": "Paleozoic", "copper_ppm": 36.48, "gold_ppm": 0.002, "molybdenum_ppm": 41.78, "arsenic_ppm": 4.0, "cobalt_ppm": 20.3, "score_porphyry": 1.4416339301635483, "rank_porphyry": 708, "dist_to_fault_km": 3.46, "dist_to_terrane_boundary_km": 7.33, "grid_id": "86_132", "year": 1980 }, "geometry": { "type": "Point", "coordinates": [ -121.16681, 52.68473 ] } },
{ "type": "Feature", "properties": { "sample_id": "ID093A805149", "latitude": 52.90878, "longitude": -121.34621, "rock_class": "metamorphic rocks", "rock_type": "metasediments", "terrane": "North America - basinal strata", "terrane_name": "North America - basinal strata", "era": "Proterozoic to Paleozoic", "copper_ppm": 40.88, "gold_ppm": 0.843, "molybdenum_ppm": 1.59, "arsenic_ppm": 65.0, "cobalt_ppm": 18.2, "score_porphyry": 3.6804438624097946, "rank_porphyry": 50, "dist_to_fault_km": 1.55, "dist_to_terrane_boundary_km": 2.22, "grid_id": "88_131", "year": 1980 }, "geometry": { "type": "Point", "coordinates": [ -121.34621, 52.90878 ] } },
{ "type": "Feature", "properties": { "sample_id": "ID093A805238", "latitude": 52.89043, "longitude": -120.60637, "rock_class": "sedimentary rocks", "rock_type": "undivided sedimentary rocks", "terrane": "Cassiar", "terrane_name": "Cassiar", "era": "Proterozoic", "copper_ppm": 27.55, "gold_ppm": 1.092400024, "molybdenum_ppm": 0.18, "arsenic_ppm": 5.199999809, "cobalt_ppm": 11.8, "score_porphyry": 3.5115450579806131, "rank_porphyry": 55, "dist_to_fault_km": 5.62, "dist_to_terrane_boundary_km": 9.8, "grid_id": "88_136", "year": 1980 }, "geometry": { "type": "Point", "coordinates": [ -120.60637, 52.89043 ] } },
{ "type": "Feature", "properties": { "sample_id": "ID093A805453", "latitude": 52.21715, "longitude": -120.92456, "rock_class": "sedimentary rocks", "rock_type": "marine sedimentary and volcanic rocks", "terrane": "Quesnellia", "terrane_name": "Quesnellia", "era": "Mesozoic", "copper_ppm": 114.87, "gold_ppm": 0.0024000000950000003, "molybdenum_ppm": 192.44, "arsenic_ppm": 12.5, "cobalt_ppm": 22.7, "score_porphyry": 2.6641158889997012, "rank_porphyry": 124, "dist_to_fault_km": 5.12, "dist_to_terrane_boundary_km": 14.71, "grid_id": "81_134", "year": 1980 }, "geometry": { "type": "Point", "coordinates": [ -120.92456, 52.21715 ] } },
{ "type": "Feature", "properties": { "sample_id": "ID093A805459", "latitude": 52.15378, "longitude": -120.90801, "rock_class": "volcanic rocks", "rock_type": "basaltic volcanic rocks", "terrane": "Quesnellia", "terrane_name": "Quesnellia", "era": "Mesozoic", "copper_ppm": 169.5, "gold_ppm": 0.0024000000950000003, "molybdenum_ppm": 493.95, "arsenic_ppm": 4.5999999049999998, "cobalt_ppm": 20.0, "score_porphyry": 3.0902691369846398, "rank_porphyry": 77, "dist_to_fault_km": 1.79, "dist_to_terrane_boundary_km": 15.49, "grid_id": "80_134", "year": 1980 }, "geometry": { "type": "Point", "coordinates": [ -120.90801, 52.15378 ] } },
{ "type": "Feature", "properties": { "sample_id": "ID093A805466", "latitude": 52.06082, "longitude": -120.85213, "rock_class": "intrusive rocks", "rock_type": "granodioritic intrusive rocks", "terrane": "Quesnellia", "terrane_name": "Quesnellia", "era": "Mesozoic", "copper_ppm": 218.2, "gold_ppm": 0.07430000305000001, "molybdenum_ppm": 58.58, "arsenic_ppm": 7.5, "cobalt_ppm": 16.2, "score_porphyry": 2.7334673005536758, "rank_porphyry": 116, "dist_to_fault_km": 4.97, "dist_to_terrane_boundary_km": 16.97, "grid_id": "79_135", "year": 1980 }, "geometry": { "type": "Point", "coordinates": [ -120.85213, 52.06082 ] } },
{ "type": "Feature", "properties": { "sample_id": "ID093A805593", "latitude": 52.28461, "longitude": -120.55783, "rock_class": "sedimentary rocks", "rock_type": "mudstone, siltstone, shale fine clastic sedimentary rocks", "terrane": "Quesnellia", "terrane_name": "Quesnellia", "era": "Mesozoic", "copper_ppm": 98.73, "gold_ppm": 0.0060999999050000003, "molybdenum_ppm": 15.66, "arsenic_ppm": 54.09999847, "cobalt_ppm": 27.3, "score_porphyry": 1.8407295706510878, "rank_porphyry": 335, "dist_to_fault_km": 1.11, "dist_to_terrane_boundary_km": 2.24, "grid_id": "82_137", "year": 1980 }, "geometry": { "type": "Point", "coordinates": [ -120.55783, 52.28461 ] } },
{ "type": "Feature", "properties": { "sample_id": "ID093B803204", "latitude": 52.95559, "longitude": -122.33693, "rock_class": "volcanic rocks", "rock_type": "basaltic volcanic rocks", "terrane": "Quesnellia", "terrane_name": "Quesnellia", "era": "Mesozoic", "copper_ppm": 20.33, "gold_ppm": 2.854300049, "molybdenum_ppm": 0.58, "arsenic_ppm": 5.0, "cobalt_ppm": 8.9, "score_porphyry": 6.4774832293839664, "rank_porphyry": 18, "dist_to_fault_km": 0.11, "dist_to_terrane_boundary_km": 3.18, "grid_id": "88_124", "year": 1980 }, "geometry": { "type": "Point", "coordinates": [ -122.33693, 52.95559 ] } },
{ "type": "Feature", "properties": { "sample_id": "ID093D011013", "latitude": 52.10821, "longitude": -126.0971, "rock_class": "sedimentary rocks", "rock_type": "marine sedimentary and volcanic rocks", "terrane": "Overlap", "terrane_name": "Stikinia", "era": "Mesozoic", "copper_ppm": 93.13, "gold_ppm": 0.0017000000479999999, "molybdenum_ppm": 9.73, "arsenic_ppm": 16.10000038, "cobalt_ppm": 13.5, "score_porphyry": 1.3799545027614999, "rank_porphyry": 812, "dist_to_fault_km": 4.61, "dist_to_terrane_boundary_km": 23.51, "grid_id": "78_99", "year": 2001 }, "geometry": { "type": "Point", "coordinates": [ -126.0971, 52.10821 ] } },
{ "type": "Feature", "properties": { "sample_id": "ID093D011072", "latitude": 52.05245, "longitude": -126.507, "rock_class": "metamorphic rocks", "rock_type": "greenstone, greenschist metamorphic rocks", "terrane": "Overlap", "terrane_name": "Coast plutonic complex", "era": "Mesozoic", "copper_ppm": 263.13, "gold_ppm": 0.0018999999759999999, "molybdenum_ppm": 72.15, "arsenic_ppm": 1.0, "cobalt_ppm": 20.9, "score_porphyry": 2.4424977417029985, "rank_porphyry": 155, "dist_to_fault_km": 6.81, "dist_to_terrane_boundary_km": 0.74, "grid_id": "78_96", "year": 2001 }, "geometry": { "type": "Point", "coordinates": [ -126.507, 52.05245 ] } },
{ "type": "Feature", "properties": { "sample_id": "ID093D011132", "latitude": 52.7318, "longitude": -126.35555, "rock_class": "volcanic rocks", "rock_type": "volcaniclastic rocks", "terrane": "Stikinia", "terrane_name": "Stikinia", "era": "Mesozoic", "copper_ppm": 305.61, "gold_ppm": 0.0044000000950000003, "molybdenum_ppm": 26.41, "arsenic_ppm": 4.0, "cobalt_ppm": 29.0, "score_porphyry": 2.2930963331667327, "rank_porphyry": 180, "dist_to_fault_km": 1.68, "dist_to_terrane_boundary_km": 45.62, "grid_id": "85_97", "year": 2001 }, "geometry": { "type": "Point", "coordinates": [ -126.35555, 52.7318 ] } },
{ "type": "Feature", "properties": { "sample_id": "ID093D011166", "latitude": 52.64909, "longitude": -126.82397, "rock_class": "intrusive rocks", "rock_type": "quartz dioritic intrusive rocks", "terrane": "Post Accretionary", "terrane_name": "Stikinia", "era": "Mesozoic", "copper_ppm": 158.46, "gold_ppm": 0.0064000000950000004, "molybdenum_ppm": 20.12, "arsenic_ppm": 2.4000000950000002, "cobalt_ppm": 28.5, "score_porphyry": 1.8622594862982653, "rank_porphyry": 325, "dist_to_fault_km": 19.56, "dist_to_terrane_boundary_km": 14.9, "grid_id": "84_94", "year": 2001 }, "geometry": { "type": "Point", "coordinates": [ -126.82397, 52.64909 ] } },
{ "type": "Feature", "properties": { "sample_id": "ID093D011169", "latitude": 52.61955, "longitude": -126.80932, "rock_class": "metamorphic rocks", "rock_type": "greenstone, greenschist metamorphic rocks", "terrane": "Overlap", "terrane_name": "Stikinia", "era": "Mesozoic", "copper_ppm": 27.52, "gold_ppm": 0.9557999878000001, "molybdenum_ppm": 1.44, "arsenic_ppm": 1.2000000479999999, "cobalt_ppm": 15.9, "score_porphyry": 3.3990187898790762, "rank_porphyry": 63, "dist_to_fault_km": 20.44, "dist_to_terrane_boundary_km": 13.54, "grid_id": "84_94", "year": 2001 }, "geometry": { "type": "Point", "coordinates": [ -126.80932, 52.61955 ] } },
{ "type": "Feature", "properties": { "sample_id": "ID093D011171", "latitude": 52.67035, "longitude": -126.75236, "rock_class": "sedimentary rocks", "rock_type": "marine sedimentary and volcanic rocks", "terrane": "Overlap", "terrane_name": "Stikinia", "era": "Mesozoic", "copper_ppm": 50.28, "gold_ppm": 0.005300000191, "molybdenum_ppm": 8.47, "arsenic_ppm": 43.90000153, "cobalt_ppm": 23.8, "score_porphyry": 1.2711313584763864, "rank_porphyry": 1019, "dist_to_fault_km": 14.18, "dist_to_terrane_boundary_km": 20.13, "grid_id": "85_94", "year": 2001 }, "geometry": { "type": "Point", "coordinates": [ -126.75236, 52.67035 ] } },
{ "type": "Feature", "properties": { "sample_id": "ID093D011199", "latitude": 52.51984, "longitude": -126.5487, "rock_class": "metamorphic rocks", "rock_type": "greenstone, greenschist metamorphic rocks", "terrane": "Overlap", "terrane_name": "Stikinia", "era": "Mesozoic", "copper_ppm": 147.97, "gold_ppm": 0.0035999999049999998, "molybdenum_ppm": 12.96, "arsenic_ppm": 2.0999999049999998, "cobalt_ppm": 17.8, "score_porphyry": 1.5667273897594247, "rank_porphyry": 548, "dist_to_fault_km": 9.85, "dist_to_terrane_boundary_km": 24.26, "grid_id": "83_96", "year": 2001 }, "geometry": { "type": "Point", "coordinates": [ -126.5487, 52.51984 ] } },
{ "type": "Feature", "properties": { "sample_id": "ID093D011200", "latitude": 52.53251, "longitude": -126.54724, "rock_class": "metamorphic rocks", "rock_type": "greenstone, greenschist metamorphic rocks", "terrane": "Overlap", "terrane_name": "Stikinia", "era": "Mesozoic", "copper_ppm": 121.18, "gold_ppm": 0.00040000000600000005, "molybdenum_ppm": 2.53, "arsenic_ppm": 32.90000153, "cobalt_ppm": 33.7, "score_porphyry": 1.286846553126028, "rank_porphyry": 988, "dist_to_fault_km": 9.39, "dist_to_terrane_boundary_km": 24.87, "grid_id": "83_96", "year": 2001 }, "geometry": { "type": "Point", "coordinates": [ -126.54724, 52.53251 ] } },
{ "type": "Feature", "properties": { "sample_id": "ID093D011239", "latitude": 52.5455, "longitude": -127.01427, "rock_class": "metamorphic rocks", "rock_type": "greenstone, greenschist metamorphic rocks", "terrane": "Overlap", "terrane_name": "Coast plutonic complex", "era": "Mesozoic", "copper_ppm": 131.66, "gold_ppm": 0.008, "molybdenum_ppm": 3.63, "arsenic_ppm": 23.10000038, "cobalt_ppm": 31.8, "score_porphyry": 1.4212922384029392, "rank_porphyry": 739, "dist_to_fault_km": 25.38, "dist_to_terrane_boundary_km": 2.38, "grid_id": "83_93", "year": 2001 }, "geometry": { "type": "Point", "coordinates": [ -127.01427, 52.5455 ] } },
{ "type": "Feature", "properties": { "sample_id": "ID093D013010", "latitude": 52.38291, "longitude": -126.8811, "rock_class": "metamorphic rocks", "rock_type": "greenstone, greenschist metamorphic rocks", "terrane": "Overlap", "terrane_name": "Coast plutonic complex", "era": "Mesozoic", "copper_ppm": 160.98, "gold_ppm": 0.4607999878, "molybdenum_ppm": 0.81, "arsenic_ppm": 7.699999809, "cobalt_ppm": 27.2, "score_porphyry": 2.855479441398376, "rank_porphyry": 95, "dist_to_fault_km": 13.37, "dist_to_terrane_boundary_km": 2.29, "grid_id": "81_94", "year": 2001 }, "geometry": { "type": "Point", "coordinates": [ -126.8811, 52.38291 ] } },
{ "type": "Feature", "properties": { "sample_id": "ID093D013182", "latitude": 52.97699, "longitude": -127.13625, "rock_class": "intrusive rocks", "rock_type": "quartz dioritic intrusive rocks", "terrane": "Post Accretionary", "terrane_name": "Stikinia", "era": "Mesozoic", "copper_ppm": 20.13, "gold_ppm": 0.4237999878, "molybdenum_ppm": 0.53, "arsenic_ppm": 2.2000000480000002, "cobalt_ppm": 9.7, "score_porphyry": 1.4630611463478975, "rank_porphyry": 679, "dist_to_fault_km": 0.22, "dist_to_terrane_boundary_km": 20.02, "grid_id": "88_92", "year": 2001 }, "geometry": { "type": "Point", "coordinates": [ -127.13625, 52.97699 ] } },
{ "type": "Feature", "properties": { "sample_id": "ID093D013319", "latitude": 52.61956, "longitude": -126.7071, "rock_class": "sedimentary rocks", "rock_type": "marine sedimentary and volcanic rocks", "terrane": "Overlap", "terrane_name": "Stikinia", "era": "Mesozoic", "copper_ppm": 95.56, "gold_ppm": 0.0025, "molybdenum_ppm": 2.4, "arsenic_ppm": 127.5, "cobalt_ppm": 44.0, "score_porphyry": 1.3621699045642794, "rank_porphyry": 838, "dist_to_fault_km": 15.42, "dist_to_terrane_boundary_km": 18.9, "grid_id": "84_95", "year": 2001 }, "geometry": { "type": "Point", "coordinates": [ -126.7071, 52.61956 ] } },
{ "type": "Feature", "properties": { "sample_id": "ID093D013369", "latitude": 52.46231, "longitude": -126.75064, "rock_class": "metamorphic rocks", "rock_type": "greenstone, greenschist metamorphic rocks", "terrane": "Overlap", "terrane_name": "Stikinia", "era": "Mesozoic", "copper_ppm": 187.84, "gold_ppm": 0.0013999999759999999, "molybdenum_ppm": 10.18, "arsenic_ppm": 0.60000002399999997, "cobalt_ppm": 32.6, "score_porphyry": 1.6110692773451594, "rank_porphyry": 506, "dist_to_fault_km": 24.77, "dist_to_terrane_boundary_km": 9.18, "grid_id": "82_94", "year": 2001 }, "geometry": { "type": "Point", "coordinates": [ -126.75064, 52.46231 ] } },
{ "type": "Feature", "properties": { "sample_id": "ID093E861020", "latitude": 53.7037, "longitude": -127.15739, "rock_class": "volcanic rocks", "rock_type": "calc-alkaline volcanic rocks", "terrane": "Stikinia", "terrane_name": "Stikinia", "era": "Mesozoic", "copper_ppm": 102.94, "gold_ppm": 0.015, "molybdenum_ppm": 17.25, "arsenic_ppm": 121.3000031, "cobalt_ppm": 10.2, "score_porphyry": 1.8569597954966532, "rank_porphyry": 327, "dist_to_fault_km": 0.22, "dist_to_terrane_boundary_km": 35.5, "grid_id": "96_92", "year": 1986 }, "geometry": { "type": "Point", "coordinates": [ -127.15739, 53.7037 ] } },
{ "type": "Feature", "properties": { "sample_id": "ID093E861035", "latitude": 53.90616, "longitude": -126.07038, "rock_class": "sedimentary rocks", "rock_type": "marine sedimentary and volcanic rocks", "terrane": "Stikinia", "terrane_name": "Stikinia", "era": "Mesozoic", "copper_ppm": 34.53, "gold_ppm": 0.422, "molybdenum_ppm": 1.35, "arsenic_ppm": 19.20000076, "cobalt_ppm": 15.8, "score_porphyry": 2.1324065846988005, "rank_porphyry": 226, "dist_to_fault_km": 0.07, "dist_to_terrane_boundary_km": 82.18, "grid_id": "98_99", "year": 1986 }, "geometry": { "type": "Point", "coordinates": [ -126.07038, 53.90616 ] } },
{ "type": "Feature", "properties": { "sample_id": "ID093E861076", "latitude": 53.67431, "longitude": -127.14746, "rock_class": "volcanic rocks", "rock_type": "calc-alkaline volcanic rocks", "terrane": "Stikinia", "terrane_name": "Stikinia", "era": "Mesozoic", "copper_ppm": 737.86, "gold_ppm": 0.012, "molybdenum_ppm": 8.92, "arsenic_ppm": 27.79999924, "cobalt_ppm": 111.9, "score_porphyry": 2.753570073735907, "rank_porphyry": 111, "dist_to_fault_km": 0.43, "dist_to_terrane_boundary_km": 34.7, "grid_id": "96_92", "year": 1986 }, "geometry": { "type": "Point", "coordinates": [ -127.14746, 53.67431 ] } },
{ "type": "Feature", "properties": { "sample_id": "ID093E861096", "latitude": 53.70149, "longitude": -127.31213, "rock_class": "volcanic rocks", "rock_type": "undivided volcanic rocks", "terrane": "Overlap", "terrane_name": "Stikinia", "era": "Mesozoic", "copper_ppm": 214.01, "gold_ppm": 0.019, "molybdenum_ppm": 3.13, "arsenic_ppm": 94.80000305, "cobalt_ppm": 60.5, "score_porphyry": 1.9061384972731987, "rank_porphyry": 303, "dist_to_fault_km": 0.19, "dist_to_terrane_boundary_km": 26.16, "grid_id": "96_91", "year": 1986 }, "geometry": { "type": "Point", "coordinates": [ -127.31213, 53.70149 ] } },
{ "type": "Feature", "properties": { "sample_id": "ID093E861113", "latitude": 53.84532, "longitude": -127.20438, "rock_class": "volcanic rocks", "rock_type": "calc-alkaline volcanic rocks", "terrane": "Stikinia", "terrane_name": "Stikinia", "era": "Mesozoic", "copper_ppm": 366.63, "gold_ppm": 0.008, "molybdenum_ppm": 16.75, "arsenic_ppm": 11.0, "cobalt_ppm": 14.8, "score_porphyry": 2.2016587959073823, "rank_porphyry": 204, "dist_to_fault_km": 0.6, "dist_to_terrane_boundary_km": 37.44, "grid_id": "98_92", "year": 1986 }, "geometry": { "type": "Point", "coordinates": [ -127.20438, 53.84532 ] } },
{ "type": "Feature", "properties": { "sample_id": "ID093E861155", "latitude": 53.852, "longitude": -127.48813, "rock_class": "volcanic rocks", "rock_type": "calc-alkaline volcanic rocks", "terrane": "Stikinia", "terrane_name": "Stikinia", "era": "Mesozoic", "copper_ppm": 332.89, "gold_ppm": 0.018, "molybdenum_ppm": 16.66, "arsenic_ppm": 16.60000038, "cobalt_ppm": 12.3, "score_porphyry": 2.2145734776103558, "rank_porphyry": 197, "dist_to_fault_km": 0.96, "dist_to_terrane_boundary_km": 19.64, "grid_id": "98_90", "year": 1986 }, "geometry": { "type": "Point", "coordinates": [ -127.48813, 53.852 ] } },
{ "type": "Feature", "properties": { "sample_id": "ID093E861158", "latitude": 53.7977, "longitude": -127.46657, "rock_class": "intrusive rocks", "rock_type": "granodioritic intrusive rocks", "terrane": "Post Accretionary", "terrane_name": "Stikinia", "era": "Cenozoic", "copper_ppm": 1054.73, "gold_ppm": 0.015, "molybdenum_ppm": 68.47, "arsenic_ppm": 29.10000038, "cobalt_ppm": 14.9, "score_porphyry": 3.3414009921079986, "rank_porphyry": 64, "dist_to_fault_km": 0.6, "dist_to_terrane_boundary_km": 19.44, "grid_id": "97_90", "year": 1986 }, "geometry": { "type": "Point", "coordinates": [ -127.46657, 53.7977 ] } },
{ "type": "Feature", "properties": { "sample_id": "ID093E861166", "latitude": 53.82271, "longitude": -127.50892, "rock_class": "volcanic rocks", "rock_type": "calc-alkaline volcanic rocks", "terrane": "Stikinia", "terrane_name": "Stikinia", "era": "Mesozoic", "copper_ppm": 339.16, "gold_ppm": 0.007, "molybdenum_ppm": 14.88, "arsenic_ppm": 15.60000038, "cobalt_ppm": 12.2, "score_porphyry": 2.1202781235232204, "rank_porphyry": 229, "dist_to_fault_km": 0.2, "dist_to_terrane_boundary_km": 17.47, "grid_id": "98_90", "year": 1986 }, "geometry": { "type": "Point", "coordinates": [ -127.50892, 53.82271 ] } },
{ "type": "Feature", "properties": { "sample_id": "ID093E861168", "latitude": 53.80641, "longitude": -127.52329, "rock_class": "volcanic rocks", "rock_type": "calc-alkaline volcanic rocks", "terrane": "Stikinia", "terrane_name": "Stikinia", "era": "Mesozoic", "copper_ppm": 1319.46, "gold_ppm": 0.011, "molybdenum_ppm": 43.63, "arsenic_ppm": 23.79999924, "cobalt_ppm": 17.6, "score_porphyry": 3.2587875869319509, "rank_porphyry": 68, "dist_to_fault_km": 0.35, "dist_to_terrane_boundary_km": 16.09, "grid_id": "97_89", "year": 1986 }, "geometry": { "type": "Point", "coordinates": [ -127.52329, 53.80641 ] } },
{ "type": "Feature", "properties": { "sample_id": "ID093E861385", "latitude": 53.72599, "longitude": -127.08194, "rock_class": "sedimentary rocks", "rock_type": "undivided sedimentary rocks", "terrane": "Stikinia", "terrane_name": "Stikinia", "era": "Mesozoic", "copper_ppm": 166.97, "gold_ppm": 0.0005, "molybdenum_ppm": 23.5, "arsenic_ppm": 8.399999619000001, "cobalt_ppm": 11.3, "score_porphyry": 1.8649583136231513, "rank_porphyry": 323, "dist_to_fault_km": 0.28, "dist_to_terrane_boundary_km": 41.05, "grid_id": "96_92", "year": 1986 }, "geometry": { "type": "Point", "coordinates": [ -127.08194, 53.72599 ] } },
{ "type": "Feature", "properties": { "sample_id": "ID093E861388", "latitude": 53.73252, "longitude": -127.15912, "rock_class": "volcanic rocks", "rock_type": "calc-alkaline volcanic rocks", "terrane": "Stikinia", "terrane_name": "Stikinia", "era": "Mesozoic", "copper_ppm": 427.95, "gold_ppm": 0.004, "molybdenum_ppm": 28.2, "arsenic_ppm": 7.4000000950000002, "cobalt_ppm": 15.6, "score_porphyry": 2.4166047018042032, "rank_porphyry": 159, "dist_to_fault_km": 0.24, "dist_to_terrane_boundary_km": 36.76, "grid_id": "97_92", "year": 1986 }, "geometry": { "type": "Point", "coordinates": [ -127.15912, 53.73252 ] } },
{ "type": "Feature", "properties": { "sample_id": "ID093E861389", "latitude": 53.7352, "longitude": -127.15277, "rock_class": "volcanic rocks", "rock_type": "calc-alkaline volcanic rocks", "terrane": "Stikinia", "terrane_name": "Stikinia", "era": "Mesozoic", "copper_ppm": 151.74, "gold_ppm": 0.004, "molybdenum_ppm": 8.69, "arsenic_ppm": 36.09999847, "cobalt_ppm": 16.4, "score_porphyry": 1.684573135999994, "rank_porphyry": 442, "dist_to_fault_km": 0.17, "dist_to_terrane_boundary_km": 37.26, "grid_id": "97_92", "year": 1986 }, "geometry": { "type": "Point", "coordinates": [ -127.15277, 53.7352 ] } },
{ "type": "Feature", "properties": { "sample_id": "ID093E861393", "latitude": 53.74224, "longitude": -127.44088, "rock_class": "intrusive rocks", "rock_type": "granodioritic intrusive rocks", "terrane": "Post Accretionary", "terrane_name": "Stikinia", "era": "Cenozoic", "copper_ppm": 150.44, "gold_ppm": 0.0005, "molybdenum_ppm": 13.53, "arsenic_ppm": 27.89999962, "cobalt_ppm": 20.3, "score_porphyry": 1.8306584136144357, "rank_porphyry": 342, "dist_to_fault_km": 1.46, "dist_to_terrane_boundary_km": 19.47, "grid_id": "97_90", "year": 1986 }, "geometry": { "type": "Point", "coordinates": [ -127.44088, 53.74224 ] } },
{ "type": "Feature", "properties": { "sample_id": "ID093E861587", "latitude": 53.14312, "longitude": -127.3461, "rock_class": "intrusive rocks", "rock_type": "quartz dioritic intrusive rocks", "terrane": "Post Accretionary", "terrane_name": "Stikinia", "era": "Mesozoic", "copper_ppm": 412.64, "gold_ppm": 0.001, "molybdenum_ppm": 32.65, "arsenic_ppm": 8.3, "cobalt_ppm": 19.1, "score_porphyry": 2.4851858863643335, "rank_porphyry": 149, "dist_to_fault_km": 0.09, "dist_to_terrane_boundary_km": 1.84, "grid_id": "90_91", "year": 1986 }, "geometry": { "type": "Point", "coordinates": [ -127.3461, 53.14312 ] } },
{ "type": "Feature", "properties": { "sample_id": "ID093E861588", "latitude": 53.10287, "longitude": -127.41862, "rock_class": "intrusive rocks", "rock_type": "granodioritic intrusive rocks", "terrane": "Post Accretionary", "terrane_name": "Coast plutonic complex", "era": "Cenozoic", "copper_ppm": 844.02, "gold_ppm": 0.0005, "molybdenum_ppm": 13.3, "arsenic_ppm": 0.5, "cobalt_ppm": 5.7, "score_porphyry": 2.0864438815077464, "rank_porphyry": 244, "dist_to_fault_km": 1.06, "dist_to_terrane_boundary_km": 3.52, "grid_id": "90_90", "year": 1986 }, "geometry": { "type": "Point", "coordinates": [ -127.41862, 53.10287 ] } },
{ "type": "Feature", "properties": { "sample_id": "ID093E861751", "latitude": 53.53976, "longitude": -127.20171, "rock_class": "volcanic rocks", "rock_type": "calc-alkaline volcanic rocks", "terrane": "Stikinia", "terrane_name": "Stikinia", "era": "Mesozoic", "copper_ppm": 116.92, "gold_ppm": 0.026, "molybdenum_ppm": 4.08, "arsenic_ppm": 33.29999924, "cobalt_ppm": 15.2, "score_porphyry": 1.4031648995487591, "rank_porphyry": 775, "dist_to_fault_km": 1.2, "dist_to_terrane_boundary_km": 25.08, "grid_id": "94_92", "year": 1986 }, "geometry": { "type": "Point", "coordinates": [ -127.20171, 53.53976 ] } },
{ "type": "Feature", "properties": { "sample_id": "ID093E861753", "latitude": 53.53207, "longitude": -127.24362, "rock_class": "volcanic rocks", "rock_type": "calc-alkaline volcanic rocks", "terrane": "Stikinia", "terrane_name": "Stikinia", "era": "Mesozoic", "copper_ppm": 105.28, "gold_ppm": 0.042, "molybdenum_ppm": 4.35, "arsenic_ppm": 24.70000076, "cobalt_ppm": 17.0, "score_porphyry": 1.4416052270516708, "rank_porphyry": 709, "dist_to_fault_km": 0.09, "dist_to_terrane_boundary_km": 22.21, "grid_id": "94_91", "year": 1986 }, "geometry": { "type": "Point", "coordinates": [ -127.24362, 53.53207 ] } },
{ "type": "Feature", "properties": { "sample_id": "ID093E861850", "latitude": 53.25461, "longitude": -127.68393, "rock_class": "intrusive rocks", "rock_type": "granodioritic intrusive rocks", "terrane": "Post Accretionary", "terrane_name": "Coast plutonic complex", "era": "Cenozoic", "copper_ppm": 105.48, "gold_ppm": 0.0005, "molybdenum_ppm": 22.12, "arsenic_ppm": 0.3, "cobalt_ppm": 14.2, "score_porphyry": 1.4663980204300118, "rank_porphyry": 672, "dist_to_fault_km": 1.55, "dist_to_terrane_boundary_km": 16.48, "grid_id": "91_88", "year": 1986 }, "geometry": { "type": "Point", "coordinates": [ -127.68393, 53.25461 ] } },
{ "type": "Feature", "properties": { "sample_id": "ID093E861885", "latitude": 53.44881, "longitude": -127.15596, "rock_class": "volcanic rocks", "rock_type": "calc-alkaline volcanic rocks", "terrane": "Stikinia", "terrane_name": "Stikinia", "era": "Mesozoic", "copper_ppm": 273.93, "gold_ppm": 0.096, "molybdenum_ppm": 4.4, "arsenic_ppm": 92.0, "cobalt_ppm": 122.4, "score_porphyry": 2.6044192478920518, "rank_porphyry": 127, "dist_to_fault_km": 0.28, "dist_to_terrane_boundary_km": 24.07, "grid_id": "93_92", "year": 1986 }, "geometry": { "type": "Point", "coordinates": [ -127.15596, 53.44881 ] } },
{ "type": "Feature", "properties": { "sample_id": "ID093E861950", "latitude": 53.01764, "longitude": -126.82261, "rock_class": "intrusive rocks", "rock_type": "quartz dioritic intrusive rocks", "terrane": "Post Accretionary", "terrane_name": "Stikinia", "era": "Mesozoic", "copper_ppm": 22.32, "gold_ppm": 0.852, "molybdenum_ppm": 0.55, "arsenic_ppm": 11.4, "cobalt_ppm": 8.5, "score_porphyry": 2.9393456214191689, "rank_porphyry": 87, "dist_to_fault_km": 0.33, "dist_to_terrane_boundary_km": 36.95, "grid_id": "89_94", "year": 1986 }, "geometry": { "type": "Point", "coordinates": [ -126.82261, 53.01764 ] } },
{ "type": "Feature", "properties": { "sample_id": "ID093G841169", "latitude": 53.04327, "longitude": -122.05057, "rock_class": "sedimentary rocks", "rock_type": "undivided sedimentary rocks", "terrane": "Quesnellia", "terrane_name": "Quesnellia", "era": "Mesozoic", "copper_ppm": 15.27, "gold_ppm": 4.363200195, "molybdenum_ppm": 0.95, "arsenic_ppm": 2.7000000480000002, "cobalt_ppm": 8.4, "score_porphyry": 8.0174154412514582, "rank_porphyry": 11, "dist_to_fault_km": 4.53, "dist_to_terrane_boundary_km": 0.41, "grid_id": "90_126", "year": 1984 }, "geometry": { "type": "Point", "coordinates": [ -122.05057, 53.04327 ] } },
{ "type": "Feature", "properties": { "sample_id": "ID093G841279", "latitude": 53.33195, "longitude": -122.02934, "rock_class": "metamorphic rocks", "rock_type": "metasediments", "terrane": "North America - basinal strata", "terrane_name": "North America - basinal strata", "era": "Proterozoic to Paleozoic", "copper_ppm": 15.05, "gold_ppm": 2.552199951, "molybdenum_ppm": 1.71, "arsenic_ppm": 4.9000000950000002, "cobalt_ppm": 35.4, "score_porphyry": 6.3833777189858036, "rank_porphyry": 20, "dist_to_fault_km": 0.94, "dist_to_terrane_boundary_km": 1.9, "grid_id": "93_126", "year": 1984 }, "geometry": { "type": "Point", "coordinates": [ -122.02934, 53.33195 ] } },
{ "type": "Feature", "properties": { "sample_id": "ID093G841382", "latitude": 53.82443, "longitude": -122.9847, "rock_class": "volcanic rocks", "rock_type": "volcaniclastic rocks", "terrane": "Quesnellia", "terrane_name": "Quesnellia", "era": "Mesozoic", "copper_ppm": 20.2, "gold_ppm": 1.038599976, "molybdenum_ppm": 0.7, "arsenic_ppm": 3.9000000950000002, "cobalt_ppm": 17.2, "score_porphyry": 3.4273874153979755, "rank_porphyry": 61, "dist_to_fault_km": 3.65, "dist_to_terrane_boundary_km": 15.02, "grid_id": "98_119", "year": 1984 }, "geometry": { "type": "Point", "coordinates": [ -122.9847, 53.82443 ] } },
{ "type": "Feature", "properties": { "sample_id": "ID093G841493", "latitude": 53.88665, "longitude": -122.09547, "rock_class": "sedimentary rocks", "rock_type": "limestone, slate, siltstone,", "terrane": "Cassiar", "terrane_name": "Slide Mountain", "era": "Mesozoic", "copper_ppm": 13.04, "gold_ppm": 2.427899902, "molybdenum_ppm": 0.42, "arsenic_ppm": 2.7999999519999998, "cobalt_ppm": 11.3, "score_porphyry": 5.6552285791106556, "rank_porphyry": 27, "dist_to_fault_km": 0.86, "dist_to_terrane_boundary_km": 8.53, "grid_id": "99_125", "year": 1984 }, "geometry": { "type": "Point", "coordinates": [ -122.09547, 53.88665 ] } },
{ "type": "Feature", "properties": { "sample_id": "ID093G841626", "latitude": 53.86023, "longitude": -122.31047, "rock_class": "volcanic rocks", "rock_type": "basaltic volcaniclastic rocks", "terrane": "Quesnellia", "terrane_name": "Quesnellia", "era": "Mesozoic", "copper_ppm": 24.55, "gold_ppm": 1.510900024, "molybdenum_ppm": 0.58, "arsenic_ppm": 3.0, "cobalt_ppm": 9.5, "score_porphyry": 4.3989479331441848, "rank_porphyry": 39, "dist_to_fault_km": 1.26, "dist_to_terrane_boundary_km": 3.18, "grid_id": "99_124", "year": 1984 }, "geometry": { "type": "Point", "coordinates": [ -122.31047, 53.86023 ] } },
{ "type": "Feature", "properties": { "sample_id": "ID093G855129", "latitude": 53.43759, "longitude": -123.90441, "rock_class": "volcanic rocks", "rock_type": "basaltic volcanic rocks", "terrane": "Younger Volcanics", "terrane_name": "Stikinia", "era": "Cenozoic", "copper_ppm": 45.34, "gold_ppm": 0.0018999999759999999, "molybdenum_ppm": 10.23, "arsenic_ppm": 18.0, "cobalt_ppm": 56.8, "score_porphyry": 1.3353650104025763, "rank_porphyry": 897, "dist_to_fault_km": 22.83, "dist_to_terrane_boundary_km": 11.15, "grid_id": "93_113", "year": 1985 }, "geometry": { "type": "Point", "coordinates": [ -123.90441, 53.43759 ] } },
{ "type": "Feature", "properties": { "sample_id": "ID093H841064", "latitude": 53.8481, "longitude": -121.99786, "rock_class": "volcanic rocks", "rock_type": "basaltic volcanic rocks", "terrane": "Slide Mountain", "terrane_name": "Slide Mountain", "era": "Paleozoic", "copper_ppm": 12.83, "gold_ppm": 2.405699951, "molybdenum_ppm": 0.27, "arsenic_ppm": 2.2999999519999998, "cobalt_ppm": 9.0, "score_porphyry": 5.5210623627824695, "rank_porphyry": 30, "dist_to_fault_km": 3.82, "dist_to_terrane_boundary_km": 10.08, "grid_id": "99_126", "year": 1984 }, "geometry": { "type": "Point", "coordinates": [ -121.99786, 53.8481 ] } },
{ "type": "Feature", "properties": { "sample_id": "ID093H841245", "latitude": 53.07333, "longitude": -121.55141, "rock_class": "metamorphic rocks", "rock_type": "metasediments", "terrane": "North America - basinal strata", "terrane_name": "North America - basinal strata", "era": "Proterozoic to Paleozoic", "copper_ppm": 47.95, "gold_ppm": 1.345699951, "molybdenum_ppm": 0.99, "arsenic_ppm": 33.5, "cobalt_ppm": 21.0, "score_porphyry": 4.802704739616023, "rank_porphyry": 35, "dist_to_fault_km": 0.51, "dist_to_terrane_boundary_km": 5.78, "grid_id": "90_129", "year": 1984 }, "geometry": { "type": "Point", "coordinates": [ -121.55141, 53.07333 ] } },
{ "type": "Feature", "properties": { "sample_id": "ID093H841290", "latitude": 53.00678, "longitude": -121.22238, "rock_class": "sedimentary rocks", "rock_type": "undivided sedimentary rocks", "terrane": "Cassiar", "terrane_name": "Cassiar", "era": "Paleozoic", "copper_ppm": 84.44, "gold_ppm": 0.0044000000950000003, "molybdenum_ppm": 7.68, "arsenic_ppm": 18.10000038, "cobalt_ppm": 15.6, "score_porphyry": 1.3027840762442162, "rank_porphyry": 958, "dist_to_fault_km": 1.06, "dist_to_terrane_boundary_km": 2.17, "grid_id": "89_131", "year": 1984 }, "geometry": { "type": "Point", "coordinates": [ -121.22238, 53.00678 ] } },
{ "type": "Feature", "properties": { "sample_id": "ID093H841291", "latitude": 53.03204, "longitude": -121.21719, "rock_class": "sedimentary rocks", "rock_type": "undivided sedimentary rocks", "terrane": "Cassiar", "terrane_name": "Cassiar", "era": "Proterozoic to Paleozoic", "copper_ppm": 66.63, "gold_ppm": 0.0029000000950000003, "molybdenum_ppm": 13.71, "arsenic_ppm": 13.80000019, "cobalt_ppm": 10.1, "score_porphyry": 1.2960411992305292, "rank_porphyry": 968, "dist_to_fault_km": 1.9, "dist_to_terrane_boundary_km": 2.03, "grid_id": "90_131", "year": 1984 }, "geometry": { "type": "Point", "coordinates": [ -121.21719, 53.03204 ] } },
{ "type": "Feature", "properties": { "sample_id": "ID093H855306", "latitude": 53.5484768, "longitude": -120.9414254, "rock_class": "sedimentary rocks", "rock_type": "limestone, marble, calcareous sedimentary rocks", "terrane": "Cassiar", "terrane_name": "Cassiar", "era": "Paleozoic", "copper_ppm": 76.1, "gold_ppm": 0.0006, "molybdenum_ppm": 9.88, "arsenic_ppm": 13.1, "cobalt_ppm": 18.0, "score_porphyry": 1.3174999973457495, "rank_porphyry": 934, "dist_to_fault_km": 0.06, "dist_to_terrane_boundary_km": 13.83, "grid_id": "96_133", "year": 1985 }, "geometry": { "type": "Point", "coordinates": [ -120.941425400000014, 53.5484768 ] } },
{ "type": "Feature", "properties": { "sample_id": "ID093H855349", "latitude": 53.35877558, "longitude": -120.0744809, "rock_class": "sedimentary rocks", "rock_type": "mudstone, siltstone, shale fine clastic sedimentary rocks", "terrane": "North America - platformal strata", "terrane_name": "North America - platformal strata", "era": "Proterozoic", "copper_ppm": 49.96, "gold_ppm": 2.2406, "molybdenum_ppm": 0.26, "arsenic_ppm": 21.1, "cobalt_ppm": 16.9, "score_porphyry": 6.1648048188022093, "rank_porphyry": 23, "dist_to_fault_km": 1.28, "dist_to_terrane_boundary_km": 7.09, "grid_id": "94_139", "year": 1985 }, "geometry": { "type": "Point", "coordinates": [ -120.074481823299251, 53.358777082130352 ] } },
{ "type": "Feature", "properties": { "sample_id": "ID093H855460", "latitude": 53.36308943, "longitude": -120.2198657, "rock_class": "sedimentary rocks", "rock_type": "coarse clastic sedimentary rocks", "terrane": "North America - platformal strata", "terrane_name": "North America - platformal strata", "era": "Proterozoic", "copper_ppm": 22.99, "gold_ppm": 0.7529, "molybdenum_ppm": 0.33, "arsenic_ppm": 12.1, "cobalt_ppm": 13.3, "score_porphyry": 2.6982310024247158, "rank_porphyry": 118, "dist_to_fault_km": 1.19, "dist_to_terrane_boundary_km": 1.1, "grid_id": "94_138", "year": 1985 }, "geometry": { "type": "Point", "coordinates": [ -120.219865700000014, 53.363089429999981 ] } },
{ "type": "Feature", "properties": { "sample_id": "ID093J851618", "latitude": 54.91831, "longitude": -123.18355, "rock_class": "sedimentary rocks", "rock_type": "mudstone, siltstone, shale fine clastic sedimentary rocks", "terrane": "Quesnellia", "terrane_name": "Quesnellia", "era": "Mesozoic", "copper_ppm": 94.97, "gold_ppm": 0.0025, "molybdenum_ppm": 16.66, "arsenic_ppm": 11.60000038, "cobalt_ppm": 20.8, "score_porphyry": 1.6269821515751384, "rank_porphyry": 485, "dist_to_fault_km": 0.78, "dist_to_terrane_boundary_km": 8.21, "grid_id": "110_118", "year": 1985 }, "geometry": { "type": "Point", "coordinates": [ -123.18355, 54.91831 ] } },
{ "type": "Feature", "properties": { "sample_id": "ID093K021336", "latitude": 54.61947, "longitude": -125.51964, "rock_class": "volcanic rocks", "rock_type": "basaltic volcanic rocks", "terrane": "Cache Creek", "terrane_name": "Cache Creek", "era": "Paleozoic to Mesozoic", "copper_ppm": 122.18, "gold_ppm": null, "molybdenum_ppm": 7.82, "arsenic_ppm": 9.300000191000001, "cobalt_ppm": 15.5, "score_porphyry": 1.4144510734830344, "rank_porphyry": 746, "dist_to_fault_km": 1.09, "dist_to_terrane_boundary_km": 0.39, "grid_id": "106_103", "year": 2002 }, "geometry": { "type": "Point", "coordinates": [ -125.51964, 54.61947 ] } },
{ "type": "Feature", "properties": { "sample_id": "ID093K023131", "latitude": 54.98848, "longitude": -125.53694, "rock_class": "intrusive rocks", "rock_type": "granodioritic intrusive rocks", "terrane": "Post Accretionary", "terrane_name": "Cache Creek", "era": "Mesozoic", "copper_ppm": 32.41, "gold_ppm": null, "molybdenum_ppm": 110.77, "arsenic_ppm": 308.2999878, "cobalt_ppm": 34.5, "score_porphyry": 2.3038253086995879, "rank_porphyry": 177, "dist_to_fault_km": 3.75, "dist_to_terrane_boundary_km": 12.81, "grid_id": "111_102", "year": 2002 }, "geometry": { "type": "Point", "coordinates": [ -125.53694, 54.98848 ] } },
{ "type": "Feature", "properties": { "sample_id": "ID093K023133", "latitude": 54.95034, "longitude": -125.62864, "rock_class": "metamorphic rocks", "rock_type": "greenstone, greenschist metamorphic rocks", "terrane": "Cache Creek", "terrane_name": "Cache Creek", "era": "Paleozoic to Mesozoic", "copper_ppm": 80.38, "gold_ppm": null, "molybdenum_ppm": 14.55, "arsenic_ppm": 19.0, "cobalt_ppm": 27.3, "score_porphyry": 1.6128843276934008, "rank_porphyry": 500, "dist_to_fault_km": 1.32, "dist_to_terrane_boundary_km": 5.86, "grid_id": "110_102", "year": 2002 }, "geometry": { "type": "Point", "coordinates": [ -125.62864, 54.95034 ] } },
{ "type": "Feature", "properties": { "sample_id": "ID093K023155", "latitude": 54.94975, "longitude": -125.66202, "rock_class": "metamorphic rocks", "rock_type": "serpentinite ultramafic rocks", "terrane": "Cache Creek", "terrane_name": "Cache Creek", "era": "Paleozoic to Mesozoic", "copper_ppm": 45.45, "gold_ppm": null, "molybdenum_ppm": 11.36, "arsenic_ppm": 17.89999962, "cobalt_ppm": 42.4, "score_porphyry": 1.3400893735506276, "rank_porphyry": 888, "dist_to_fault_km": 0.11, "dist_to_terrane_boundary_km": 3.83, "grid_id": "110_102", "year": 2002 }, "geometry": { "type": "Point", "coordinates": [ -125.66202, 54.94975 ] } },
{ "type": "Feature", "properties": { "sample_id": "ID093K023213", "latitude": 54.86327, "longitude": -125.53716, "rock_class": "metamorphic rocks", "rock_type": "greenstone, greenschist metamorphic rocks", "terrane": "Cache Creek", "terrane_name": "Cache Creek", "era": "Paleozoic to Mesozoic", "copper_ppm": 58.71, "gold_ppm": null, "molybdenum_ppm": 13.53, "arsenic_ppm": 18.70000076, "cobalt_ppm": 21.1, "score_porphyry": 1.4006766849537988, "rank_porphyry": 782, "dist_to_fault_km": 0.03, "dist_to_terrane_boundary_km": 8.82, "grid_id": "109_102", "year": 2002 }, "geometry": { "type": "Point", "coordinates": [ -125.53716, 54.86327 ] } },
{ "type": "Feature", "properties": { "sample_id": "ID093K023242", "latitude": 54.85857, "longitude": -125.57332, "rock_class": "metamorphic rocks", "rock_type": "greenstone, greenschist metamorphic rocks", "terrane": "Cache Creek", "terrane_name": "Cache Creek", "era": "Paleozoic to Mesozoic", "copper_ppm": 103.35, "gold_ppm": null, "molybdenum_ppm": 58.03, "arsenic_ppm": 8.100000381, "cobalt_ppm": 29.5, "score_porphyry": 2.1746259012847706, "rank_porphyry": 214, "dist_to_fault_km": 0.32, "dist_to_terrane_boundary_km": 6.45, "grid_id": "109_102", "year": 2002 }, "geometry": { "type": "Point", "coordinates": [ -125.57332, 54.85857 ] } },
{ "type": "Feature", "properties": { "sample_id": "ID093K023248", "latitude": 54.68387, "longitude": -125.52514, "rock_class": "sedimentary rocks", "rock_type": "undivided sedimentary rocks", "terrane": "Cache Creek", "terrane_name": "Cache Creek", "era": "Mesozoic", "copper_ppm": 74.34, "gold_ppm": null, "molybdenum_ppm": 26.64, "arsenic_ppm": 12.69999981, "cobalt_ppm": 16.5, "score_porphyry": 1.6761513219238191, "rank_porphyry": 450, "dist_to_fault_km": 0.87, "dist_to_terrane_boundary_km": 4.34, "grid_id": "107_103", "year": 2002 }, "geometry": { "type": "Point", "coordinates": [ -125.52514, 54.68387 ] } },
{ "type": "Feature", "properties": { "sample_id": "ID093L861109", "latitude": 54.95358, "longitude": -126.29132, "rock_class": "sedimentary and volcanic rocks", "rock_type": "siltstone", "terrane": "Stikinia", "terrane_name": "Stikinia", "era": "Mesozoic", "copper_ppm": 1017.04, "gold_ppm": 0.045, "molybdenum_ppm": 2.56, "arsenic_ppm": 9.300000191000001, "cobalt_ppm": 12.3, "score_porphyry": 2.1707451766827268, "rank_porphyry": 215, "dist_to_fault_km": 1.3, "dist_to_terrane_boundary_km": 34.39, "grid_id": "110_98", "year": 1986 }, "geometry": { "type": "Point", "coordinates": [ -126.29132, 54.95358 ] } },
{ "type": "Feature", "properties": { "sample_id": "ID093L861117", "latitude": 54.73193, "longitude": -126.57524, "rock_class": "sedimentary rocks", "rock_type": "undivided sedimentary rocks", "terrane": "Stikinia", "terrane_name": "Stikinia", "era": "Mesozoic", "copper_ppm": 17.33, "gold_ppm": 0.53, "molybdenum_ppm": 1.35, "arsenic_ppm": 19.60000038, "cobalt_ppm": 9.6, "score_porphyry": 2.116278992251809, "rank_porphyry": 233, "dist_to_fault_km": 0.76, "dist_to_terrane_boundary_km": 59.29, "grid_id": "108_96", "year": 1986 }, "geometry": { "type": "Point", "coordinates": [ -126.57524, 54.73193 ] } },
{ "type": "Feature", "properties": { "sample_id": "ID093L861139", "latitude": 54.30659, "longitude": -126.63411, "rock_class": "volcanic rocks", "rock_type": "calc-alkaline volcanic rocks", "terrane": "Stikinia", "terrane_name": "Stikinia", "era": "Mesozoic", "copper_ppm": 28.09, "gold_ppm": 5.4, "molybdenum_ppm": 1.17, "arsenic_ppm": 165.1000061, "cobalt_ppm": 15.1, "score_porphyry": 9.6944793088259278, "rank_porphyry": 7, "dist_to_fault_km": 0.74, "dist_to_terrane_boundary_km": 78.38, "grid_id": "103_95", "year": 1986 }, "geometry": { "type": "Point", "coordinates": [ -126.63411, 54.30659 ] } },
{ "type": "Feature", "properties": { "sample_id": "ID093L861265", "latitude": 54.91378, "longitude": -126.81255, "rock_class": "sedimentary rocks", "rock_type": "undivided clastic rocks", "terrane": "Stikinia", "terrane_name": "Stikinia", "era": "Mesozoic", "copper_ppm": 53.71, "gold_ppm": 0.61, "molybdenum_ppm": 1.32, "arsenic_ppm": 47.0, "cobalt_ppm": 16.4, "score_porphyry": 3.0364831889748176, "rank_porphyry": 80, "dist_to_fault_km": 0.26, "dist_to_terrane_boundary_km": 68.0, "grid_id": "110_94", "year": 1986 }, "geometry": { "type": "Point", "coordinates": [ -126.81255, 54.91378 ] } },
{ "type": "Feature", "properties": { "sample_id": "ID093L861266", "latitude": 54.79774, "longitude": -126.95224, "rock_class": "sedimentary rocks", "rock_type": "undivided sedimentary rocks", "terrane": "Overlap", "terrane_name": "Stikinia", "era": "Cenozoic", "copper_ppm": 253.07, "gold_ppm": 0.002, "molybdenum_ppm": 4.41, "arsenic_ppm": 27.10000038, "cobalt_ppm": 29.6, "score_porphyry": 1.7500576706322639, "rank_porphyry": 395, "dist_to_fault_km": 1.76, "dist_to_terrane_boundary_km": 79.67, "grid_id": "108_93", "year": 1986 }, "geometry": { "type": "Point", "coordinates": [ -126.95224, 54.79774 ] } },
{ "type": "Feature", "properties": { "sample_id": "ID093L861556", "latitude": 54.35696, "longitude": -127.15071, "rock_class": "volcanic rocks", "rock_type": "calc-alkaline volcanic rocks", "terrane": "Stikinia", "terrane_name": "Stikinia", "era": "Mesozoic", "copper_ppm": 77.85, "gold_ppm": 0.112, "molybdenum_ppm": 0.73, "arsenic_ppm": 104.4000015, "cobalt_ppm": 17.4, "score_porphyry": 1.3424907938794475, "rank_porphyry": 883, "dist_to_fault_km": 0.35, "dist_to_terrane_boundary_km": 71.61, "grid_id": "104_92", "year": 1986 }, "geometry": { "type": "Point", "coordinates": [ -127.15071, 54.35696 ] } },
{ "type": "Feature", "properties": { "sample_id": "ID093L861582", "latitude": 54.56473, "longitude": -127.83579, "rock_class": "intrusive rocks", "rock_type": "granodioritic intrusive rocks", "terrane": "Post Accretionary", "terrane_name": "Stikinia", "era": "Mesozoic", "copper_ppm": 182.68, "gold_ppm": 0.004, "molybdenum_ppm": 8.23, "arsenic_ppm": 2.4000000950000002, "cobalt_ppm": 37.8, "score_porphyry": 1.6415947209695645, "rank_porphyry": 475, "dist_to_fault_km": 4.02, "dist_to_terrane_boundary_km": 56.9, "grid_id": "106_88", "year": 1986 }, "geometry": { "type": "Point", "coordinates": [ -127.83579, 54.56473 ] } },
{ "type": "Feature", "properties": { "sample_id": "ID093L861694", "latitude": 54.53339, "longitude": -127.10198, "rock_class": "volcanic rocks", "rock_type": "calc-alkaline volcanic rocks", "terrane": "Stikinia", "terrane_name": "Stikinia", "era": "Mesozoic", "copper_ppm": 494.57, "gold_ppm": 0.019, "molybdenum_ppm": 9.56, "arsenic_ppm": 24.10000038, "cobalt_ppm": 34.6, "score_porphyry": 2.4111232865217089, "rank_porphyry": 160, "dist_to_fault_km": 0.29, "dist_to_terrane_boundary_km": 89.31, "grid_id": "105_92", "year": 1986 }, "geometry": { "type": "Point", "coordinates": [ -127.10198, 54.53339 ] } },
{ "type": "Feature", "properties": { "sample_id": "ID093L861695", "latitude": 54.55692, "longitude": -127.12687, "rock_class": "sedimentary rocks", "rock_type": "coarse clastic sedimentary rocks", "terrane": "Overlap", "terrane_name": "Stikinia", "era": "Mesozoic", "copper_ppm": 230.56, "gold_ppm": 0.004, "molybdenum_ppm": 3.4, "arsenic_ppm": 25.89999962, "cobalt_ppm": 28.1, "score_porphyry": 1.6241223509458216, "rank_porphyry": 489, "dist_to_fault_km": 0.62, "dist_to_terrane_boundary_km": 90.46, "grid_id": "106_92", "year": 1986 }, "geometry": { "type": "Point", "coordinates": [ -127.12687, 54.55692 ] } },
{ "type": "Feature", "properties": { "sample_id": "ID093L861696", "latitude": 54.54517, "longitude": -127.11923, "rock_class": "volcanic rocks", "rock_type": "calc-alkaline volcanic rocks", "terrane": "Stikinia", "terrane_name": "Stikinia", "era": "Mesozoic", "copper_ppm": 869.53, "gold_ppm": 0.007, "molybdenum_ppm": 4.62, "arsenic_ppm": 58.5, "cobalt_ppm": 60.1, "score_porphyry": 2.5490218959024409, "rank_porphyry": 138, "dist_to_fault_km": 0.16, "dist_to_terrane_boundary_km": 89.7, "grid_id": "106_92", "year": 1986 }, "geometry": { "type": "Point", "coordinates": [ -127.11923, 54.54517 ] } },
{ "type": "Feature", "properties": { "sample_id": "ID093L861724", "latitude": 54.52748, "longitude": -127.82131, "rock_class": "intrusive rocks", "rock_type": "granodioritic intrusive rocks", "terrane": "Post Accretionary", "terrane_name": "Stikinia", "era": "Mesozoic", "copper_ppm": 67.45, "gold_ppm": 0.15, "molybdenum_ppm": 5.04, "arsenic_ppm": 1.3999999759999999, "cobalt_ppm": 18.1, "score_porphyry": 1.5413262811275601, "rank_porphyry": 578, "dist_to_fault_km": 1.63, "dist_to_terrane_boundary_km": 57.33, "grid_id": "105_88", "year": 1986 }, "geometry": { "type": "Point", "coordinates": [ -127.82131, 54.52748 ] } },
{ "type": "Feature", "properties": { "sample_id": "ID093L861739", "latitude": 54.67027, "longitude": -127.93047, "rock_class": "volcanic rocks", "rock_type": "calc-alkaline volcanic rocks", "terrane": "Stikinia", "terrane_name": "Stikinia", "era": "Mesozoic", "copper_ppm": 127.1, "gold_ppm": 0.01, "molybdenum_ppm": 10.25, "arsenic_ppm": 1.3999999759999999, "cobalt_ppm": 18.1, "score_porphyry": 1.4220839179370748, "rank_porphyry": 737, "dist_to_fault_km": 3.18, "dist_to_terrane_boundary_km": 53.57, "grid_id": "107_87", "year": 1986 }, "geometry": { "type": "Point", "coordinates": [ -127.93047, 54.67027 ] } },
{ "type": "Feature", "properties": { "sample_id": "ID093L861789", "latitude": 54.8601, "longitude": -127.24659, "rock_class": "volcanic rocks", "rock_type": "andesite", "terrane": "Stikinia", "terrane_name": "Stikinia", "era": "Mesozoic", "copper_ppm": 137.62, "gold_ppm": 0.009, "molybdenum_ppm": 56.08, "arsenic_ppm": 23.29999924, "cobalt_ppm": 8.0, "score_porphyry": 2.1925875783092805, "rank_porphyry": 206, "dist_to_fault_km": 1.23, "dist_to_terrane_boundary_km": 96.39, "grid_id": "109_92", "year": 1986 }, "geometry": { "type": "Point", "coordinates": [ -127.24659, 54.8601 ] } },
{ "type": "Feature", "properties": { "sample_id": "ID093L861812", "latitude": 54.36038, "longitude": -127.01155, "rock_class": "volcanic rocks", "rock_type": "calc-alkaline volcanic rocks", "terrane": "Stikinia", "terrane_name": "Stikinia", "era": "Mesozoic", "copper_ppm": 51.38, "gold_ppm": 0.26, "molybdenum_ppm": 0.68, "arsenic_ppm": 18.29999924, "cobalt_ppm": 20.8, "score_porphyry": 1.6186989101356535, "rank_porphyry": 493, "dist_to_fault_km": 0.43, "dist_to_terrane_boundary_km": 77.55, "grid_id": "104_93", "year": 1986 }, "geometry": { "type": "Point", "coordinates": [ -127.01155, 54.36038 ] } },
{ "type": "Feature", "properties": { "sample_id": "ID093L861853", "latitude": 54.46757, "longitude": -127.20466, "rock_class": "volcanic rocks", "rock_type": "calc-alkaline volcanic rocks", "terrane": "Stikinia", "terrane_name": "Stikinia", "era": "Mesozoic", "copper_ppm": 523.35, "gold_ppm": 0.021, "molybdenum_ppm": 11.22, "arsenic_ppm": 18.5, "cobalt_ppm": 25.8, "score_porphyry": 2.4260715622984272, "rank_porphyry": 157, "dist_to_fault_km": 0.38, "dist_to_terrane_boundary_km": 79.46, "grid_id": "105_92", "year": 1986 }, "geometry": { "type": "Point", "coordinates": [ -127.20466, 54.46757 ] } },
{ "type": "Feature", "properties": { "sample_id": "ID093M831008", "latitude": 55.52457, "longitude": -127.63988, "rock_class": "sedimentary rocks", "rock_type": "undivided sedimentary rocks", "terrane": "Overlap", "terrane_name": "Stikinia", "era": "Mesozoic", "copper_ppm": 54.62, "gold_ppm": 0.01770000076, "molybdenum_ppm": 15.62, "arsenic_ppm": 79.30000305, "cobalt_ppm": 11.8, "score_porphyry": 1.5304180609518148, "rank_porphyry": 587, "dist_to_fault_km": 11.58, "dist_to_terrane_boundary_km": 103.95, "grid_id": "117_89", "year": 1983 }, "geometry": { "type": "Point", "coordinates": [ -127.63988, 55.52457 ] } },
{ "type": "Feature", "properties": { "sample_id": "ID093M831078", "latitude": 55.09378, "longitude": -127.87806, "rock_class": "sedimentary rocks", "rock_type": "undivided sedimentary rocks", "terrane": "Overlap", "terrane_name": "Stikinia", "era": "Mesozoic", "copper_ppm": 38.29, "gold_ppm": 3.112699951, "molybdenum_ppm": 1.25, "arsenic_ppm": 7.5999999049999998, "cobalt_ppm": 14.9, "score_porphyry": 7.3358617770944674, "rank_porphyry": 15, "dist_to_fault_km": 11.6, "dist_to_terrane_boundary_km": 84.58, "grid_id": "112_88", "year": 1983 }, "geometry": { "type": "Point", "coordinates": [ -127.87806, 55.09378 ] } },
{ "type": "Feature", "properties": { "sample_id": "ID093M831097", "latitude": 55.13393, "longitude": -127.63767, "rock_class": "sedimentary rocks", "rock_type": "undivided sedimentary rocks", "terrane": "Overlap", "terrane_name": "Stikinia", "era": "Mesozoic", "copper_ppm": 1265.86, "gold_ppm": 0.1671000061, "molybdenum_ppm": 66.04, "arsenic_ppm": 240.1000061, "cobalt_ppm": 48.7, "score_porphyry": 4.5248383321562855, "rank_porphyry": 38, "dist_to_fault_km": 1.1, "dist_to_terrane_boundary_km": 98.2, "grid_id": "112_89", "year": 1983 }, "geometry": { "type": "Point", "coordinates": [ -127.63767, 55.13393 ] } },
{ "type": "Feature", "properties": { "sample_id": "ID093M831098", "latitude": 55.14246, "longitude": -127.64019, "rock_class": "sedimentary rocks", "rock_type": "undivided sedimentary rocks", "terrane": "Overlap", "terrane_name": "Stikinia", "era": "Mesozoic", "copper_ppm": 84.69, "gold_ppm": 0.0030999999049999998, "molybdenum_ppm": 8.77, "arsenic_ppm": 81.30000305, "cobalt_ppm": 13.0, "score_porphyry": 1.4664125081952124, "rank_porphyry": 671, "dist_to_fault_km": 1.08, "dist_to_terrane_boundary_km": 98.76, "grid_id": "112_89", "year": 1983 }, "geometry": { "type": "Point", "coordinates": [ -127.64019, 55.14246 ] } },
{ "type": "Feature", "properties": { "sample_id": "ID093M831115", "latitude": 55.42556, "longitude": -127.35953, "rock_class": "sedimentary rocks", "rock_type": "sandstone", "terrane": "Overlap", "terrane_name": "Stikinia", "era": "Mesozoic", "copper_ppm": 54.26, "gold_ppm": 0.0011000000240000002, "molybdenum_ppm": 14.21, "arsenic_ppm": 37.29999924, "cobalt_ppm": 11.0, "score_porphyry": 1.3222368155767485, "rank_porphyry": 925, "dist_to_fault_km": 6.41, "dist_to_terrane_boundary_km": 90.01, "grid_id": "115_91", "year": 1983 }, "geometry": { "type": "Point", "coordinates": [ -127.35953, 55.42556 ] } },
{ "type": "Feature", "properties": { "sample_id": "ID093M831126", "latitude": 55.48156, "longitude": -127.52224, "rock_class": "sedimentary rocks", "rock_type": "undivided sedimentary rocks", "terrane": "Overlap", "terrane_name": "Stikinia", "era": "Mesozoic", "copper_ppm": 90.56, "gold_ppm": 0.01210000038, "molybdenum_ppm": 16.99, "arsenic_ppm": 140.5, "cobalt_ppm": 14.2, "score_porphyry": 1.8494854753595198, "rank_porphyry": 329, "dist_to_fault_km": 8.39, "dist_to_terrane_boundary_km": 99.34, "grid_id": "116_90", "year": 1983 }, "geometry": { "type": "Point", "coordinates": [ -127.52224, 55.48156 ] } },
{ "type": "Feature", "properties": { "sample_id": "ID093M831172", "latitude": 55.5827, "longitude": -127.5285, "rock_class": "sedimentary rocks", "rock_type": "sandstone", "terrane": "Overlap", "terrane_name": "Stikinia", "era": "Mesozoic", "copper_ppm": 73.37, "gold_ppm": 0.0060999999050000003, "molybdenum_ppm": 7.74, "arsenic_ppm": 12.60000038, "cobalt_ppm": 24.6, "score_porphyry": 1.2926550377046113, "rank_porphyry": 972, "dist_to_fault_km": 2.03, "dist_to_terrane_boundary_km": 94.98, "grid_id": "117_90", "year": 1983 }, "geometry": { "type": "Point", "coordinates": [ -127.5285, 55.5827 ] } },
{ "type": "Feature", "properties": { "sample_id": "ID093M831178", "latitude": 55.65999, "longitude": -127.62774, "rock_class": "sedimentary rocks", "rock_type": "undivided sedimentary rocks", "terrane": "Overlap", "terrane_name": "Stikinia", "era": "Mesozoic", "copper_ppm": 50.44, "gold_ppm": 0.0055999999049999999, "molybdenum_ppm": 10.39, "arsenic_ppm": 109.1999969, "cobalt_ppm": 12.4, "score_porphyry": 1.3301558531674018, "rank_porphyry": 908, "dist_to_fault_km": 7.76, "dist_to_terrane_boundary_km": 98.06, "grid_id": "118_89", "year": 1983 }, "geometry": { "type": "Point", "coordinates": [ -127.62774, 55.65999 ] } },
{ "type": "Feature", "properties": { "sample_id": "ID093M831240", "latitude": 55.92166, "longitude": -127.52597, "rock_class": "sedimentary rocks", "rock_type": "undivided sedimentary rocks", "terrane": "Overlap", "terrane_name": "Stikinia", "era": "Mesozoic", "copper_ppm": 145.57, "gold_ppm": 0.0017000000479999999, "molybdenum_ppm": 7.17, "arsenic_ppm": 5.5, "cobalt_ppm": 10.5, "score_porphyry": 1.3317811146555911, "rank_porphyry": 905, "dist_to_fault_km": 21.61, "dist_to_terrane_boundary_km": 84.29, "grid_id": "121_90", "year": 1983 }, "geometry": { "type": "Point", "coordinates": [ -127.52597, 55.92166 ] } },
{ "type": "Feature", "properties": { "sample_id": "ID093M831243", "latitude": 55.9168, "longitude": -127.56536, "rock_class": "sedimentary rocks", "rock_type": "undivided sedimentary rocks", "terrane": "Overlap", "terrane_name": "Stikinia", "era": "Mesozoic", "copper_ppm": 314.85, "gold_ppm": 0.0012999999520000001, "molybdenum_ppm": 37.55, "arsenic_ppm": 26.60000038, "cobalt_ppm": 12.2, "score_porphyry": 2.4564719587366377, "rank_porphyry": 152, "dist_to_fault_km": 23.1, "dist_to_terrane_boundary_km": 86.81, "grid_id": "121_90", "year": 1983 }, "geometry": { "type": "Point", "coordinates": [ -127.56536, 55.9168 ] } },
{ "type": "Feature", "properties": { "sample_id": "ID093M831244", "latitude": 55.90768, "longitude": -127.5553, "rock_class": "sedimentary rocks", "rock_type": "undivided sedimentary rocks", "terrane": "Overlap", "terrane_name": "Stikinia", "era": "Mesozoic", "copper_ppm": 116.17, "gold_ppm": 0.0020999999049999998, "molybdenum_ppm": 18.46, "arsenic_ppm": 5.0999999049999998, "cobalt_ppm": 17.2, "score_porphyry": 1.6448535166719283, "rank_porphyry": 472, "dist_to_fault_km": 23.75, "dist_to_terrane_boundary_km": 86.4, "grid_id": "121_90", "year": 1983 }, "geometry": { "type": "Point", "coordinates": [ -127.5553, 55.90768 ] } },
{ "type": "Feature", "properties": { "sample_id": "ID093M831251", "latitude": 55.86232, "longitude": -127.4768, "rock_class": "sedimentary rocks", "rock_type": "undivided sedimentary rocks", "terrane": "Overlap", "terrane_name": "Stikinia", "era": "Mesozoic", "copper_ppm": 200.25, "gold_ppm": 0.0075, "molybdenum_ppm": 15.9, "arsenic_ppm": 53.90000153, "cobalt_ppm": 16.7, "score_porphyry": 2.0870039095941708, "rank_porphyry": 243, "dist_to_fault_km": 26.24, "dist_to_terrane_boundary_km": 82.66, "grid_id": "120_90", "year": 1983 }, "geometry": { "type": "Point", "coordinates": [ -127.4768, 55.86232 ] } },
{ "type": "Feature", "properties": { "sample_id": "ID093M831253", "latitude": 55.85063, "longitude": -127.49837, "rock_class": "sedimentary rocks", "rock_type": "undivided sedimentary rocks", "terrane": "Overlap", "terrane_name": "Stikinia", "era": "Mesozoic", "copper_ppm": 66.14, "gold_ppm": 0.006699999809000001, "molybdenum_ppm": 6.94, "arsenic_ppm": 86.30000305, "cobalt_ppm": 13.1, "score_porphyry": 1.3006127035799648, "rank_porphyry": 961, "dist_to_fault_km": 26.53, "dist_to_terrane_boundary_km": 84.25, "grid_id": "120_90", "year": 1983 }, "geometry": { "type": "Point", "coordinates": [ -127.49837, 55.85063 ] } },
{ "type": "Feature", "properties": { "sample_id": "ID093M831266", "latitude": 55.74515, "longitude": -127.48164, "rock_class": "sedimentary rocks", "rock_type": "undivided sedimentary rocks", "terrane": "Overlap", "terrane_name": "Stikinia", "era": "Mesozoic", "copper_ppm": 172.27, "gold_ppm": 0.0015, "molybdenum_ppm": 12.45, "arsenic_ppm": 71.40000153, "cobalt_ppm": 13.8, "score_porphyry": 1.8979468802579649, "rank_porphyry": 306, "dist_to_fault_km": 15.03, "dist_to_terrane_boundary_km": 86.41, "grid_id": "119_90", "year": 1983 }, "geometry": { "type": "Point", "coordinates": [ -127.48164, 55.74515 ] } },
{ "type": "Feature", "properties": { "sample_id": "ID093M831267", "latitude": 55.75555, "longitude": -127.44869, "rock_class": "sedimentary rocks", "rock_type": "undivided sedimentary rocks", "terrane": "Overlap", "terrane_name": "Stikinia", "era": "Mesozoic", "copper_ppm": 504.65, "gold_ppm": 0.00069999998799999993, "molybdenum_ppm": 50.03, "arsenic_ppm": 19.79999924, "cobalt_ppm": 15.7, "score_porphyry": 2.7877954251972992, "rank_porphyry": 101, "dist_to_fault_km": 16.68, "dist_to_terrane_boundary_km": 84.09, "grid_id": "119_90", "year": 1983 }, "geometry": { "type": "Point", "coordinates": [ -127.44869, 55.75555 ] } },
{ "type": "Feature", "properties": { "sample_id": "ID093M831268", "latitude": 55.75555, "longitude": -127.44869, "rock_class": "sedimentary rocks", "rock_type": "undivided sedimentary rocks", "terrane": "Overlap", "terrane_name": "Stikinia", "era": "Mesozoic", "copper_ppm": 441.42, "gold_ppm": 0.00060000002399999996, "molybdenum_ppm": 45.47, "arsenic_ppm": 18.79999924, "cobalt_ppm": 14.4, "score_porphyry": 2.6708339135326331, "rank_porphyry": 122, "dist_to_fault_km": 16.68, "dist_to_terrane_boundary_km": 84.09, "grid_id": "119_90", "year": 1983 }, "geometry": { "type": "Point", "coordinates": [ -127.44869, 55.75555 ] } },
{ "type": "Feature", "properties": { "sample_id": "ID093M831307", "latitude": 55.97805, "longitude": -127.42537, "rock_class": "sedimentary rocks", "rock_type": "undivided sedimentary rocks", "terrane": "Overlap", "terrane_name": "Stikinia", "era": "Mesozoic", "copper_ppm": 194.45, "gold_ppm": 0.0011000000240000002, "molybdenum_ppm": 21.16, "arsenic_ppm": 5.199999809, "cobalt_ppm": 11.9, "score_porphyry": 1.8623834134184396, "rank_porphyry": 324, "dist_to_fault_km": 13.92, "dist_to_terrane_boundary_km": 76.86, "grid_id": "122_91", "year": 1983 }, "geometry": { "type": "Point", "coordinates": [ -127.42537, 55.97805 ] } },
{ "type": "Feature", "properties": { "sample_id": "ID093M831311", "latitude": 55.94585, "longitude": -127.37422, "rock_class": "sedimentary rocks", "rock_type": "undivided sedimentary rocks", "terrane": "Overlap", "terrane_name": "Stikinia", "era": "Mesozoic", "copper_ppm": 43.14, "gold_ppm": 0.0030999999049999998, "molybdenum_ppm": 11.34, "arsenic_ppm": 83.0, "cobalt_ppm": 15.0, "score_porphyry": 1.282786841684356, "rank_porphyry": 998, "dist_to_fault_km": 17.5, "dist_to_terrane_boundary_km": 74.48, "grid_id": "121_91", "year": 1983 }, "geometry": { "type": "Point", "coordinates": [ -127.37422, 55.94585 ] } },
{ "type": "Feature", "properties": { "sample_id": "ID093M831358", "latitude": 55.34939, "longitude": -127.88131, "rock_class": "sedimentary rocks", "rock_type": "sandstone", "terrane": "Overlap", "terrane_name": "Stikinia", "era": "Mesozoic", "copper_ppm": 76.87, "gold_ppm": 0.007800000191, "molybdenum_ppm": 8.79, "arsenic_ppm": 47.70000076, "cobalt_ppm": 19.1, "score_porphyry": 1.4565614395071407, "rank_porphyry": 685, "dist_to_fault_km": 1.85, "dist_to_terrane_boundary_km": 106.67, "grid_id": "115_88", "year": 1983 }, "geometry": { "type": "Point", "coordinates": [ -127.88131, 55.34939 ] } },
{ "type": "Feature", "properties": { "sample_id": "ID093M831366", "latitude": 55.39659, "longitude": -127.86994, "rock_class": "sedimentary rocks", "rock_type": "sandstone", "terrane": "Overlap", "terrane_name": "Stikinia", "era": "Mesozoic", "copper_ppm": 73.97, "gold_ppm": 0.007300000191, "molybdenum_ppm": 5.42, "arsenic_ppm": 104.9000015, "cobalt_ppm": 20.7, "score_porphyry": 1.3680378379662241, "rank_porphyry": 832, "dist_to_fault_km": 0.08, "dist_to_terrane_boundary_km": 110.3, "grid_id": "115_88", "year": 1983 }, "geometry": { "type": "Point", "coordinates": [ -127.86994, 55.39659 ] } },
{ "type": "Feature", "properties": { "sample_id": "ID093M831390", "latitude": 55.09556, "longitude": -127.63455, "rock_class": "sedimentary rocks", "rock_type": "undivided sedimentary rocks", "terrane": "Overlap", "terrane_name": "Stikinia", "era": "Mesozoic", "copper_ppm": 118.8, "gold_ppm": 0.005699999809000001, "molybdenum_ppm": 4.07, "arsenic_ppm": 62.90000153, "cobalt_ppm": 48.7, "score_porphyry": 1.5753729901571856, "rank_porphyry": 541, "dist_to_fault_km": 0.5, "dist_to_terrane_boundary_km": 95.36, "grid_id": "112_89", "year": 1983 }, "geometry": { "type": "Point", "coordinates": [ -127.63455, 55.09556 ] } },
{ "type": "Feature", "properties": { "sample_id": "ID093M831391", "latitude": 55.1179, "longitude": -127.66023, "rock_class": "volcanic rocks", "rock_type": "andesite", "terrane": "Overlap", "terrane_name": "Stikinia", "era": "Mesozoic", "copper_ppm": 565.86, "gold_ppm": 0.02320000076, "molybdenum_ppm": 13.03, "arsenic_ppm": 66.90000153, "cobalt_ppm": 19.3, "score_porphyry": 2.6070070469152422, "rank_porphyry": 126, "dist_to_fault_km": 0.57, "dist_to_terrane_boundary_km": 95.92, "grid_id": "112_89", "year": 1983 }, "geometry": { "type": "Point", "coordinates": [ -127.66023, 55.1179 ] } },
{ "type": "Feature", "properties": { "sample_id": "ID093M831416", "latitude": 55.20794, "longitude": -127.58001, "rock_class": "intrusive rocks", "rock_type": "granodiorite", "terrane": "Post Accretionary", "terrane_name": "Stikinia", "era": "Mesozoic", "copper_ppm": 117.75, "gold_ppm": 0.0018999999759999999, "molybdenum_ppm": 10.48, "arsenic_ppm": 12.30000019, "cobalt_ppm": 9.0, "score_porphyry": 1.419806378901701, "rank_porphyry": 742, "dist_to_fault_km": 2.39, "dist_to_terrane_boundary_km": 106.68, "grid_id": "113_89", "year": 1983 }, "geometry": { "type": "Point", "coordinates": [ -127.58001, 55.20794 ] } },
{ "type": "Feature", "properties": { "sample_id": "ID093M831420", "latitude": 55.15277, "longitude": -127.46982, "rock_class": "volcanic rocks", "rock_type": "andesite", "terrane": "Overlap", "terrane_name": "Stikinia", "era": "Mesozoic", "copper_ppm": 109.77, "gold_ppm": 0.0029000000950000003, "molybdenum_ppm": 6.85, "arsenic_ppm": 68.69999695, "cobalt_ppm": 12.7, "score_porphyry": 1.4753352353044178, "rank_porphyry": 659, "dist_to_fault_km": 3.59, "dist_to_terrane_boundary_km": 104.27, "grid_id": "112_90", "year": 1983 }, "geometry": { "type": "Point", "coordinates": [ -127.46982, 55.15277 ] } },
{ "type": "Feature", "properties": { "sample_id": "ID093M831424", "latitude": 55.149, "longitude": -127.51606, "rock_class": "volcanic rocks", "rock_type": "andesite", "terrane": "Overlap", "terrane_name": "Stikinia", "era": "Mesozoic", "copper_ppm": 180.1, "gold_ppm": 0.01760000038, "molybdenum_ppm": 11.83, "arsenic_ppm": 91.59999847, "cobalt_ppm": 11.1, "score_porphyry": 1.9687106434349293, "rank_porphyry": 280, "dist_to_fault_km": 0.63, "dist_to_terrane_boundary_km": 104.94, "grid_id": "112_90", "year": 1983 }, "geometry": { "type": "Point", "coordinates": [ -127.51606, 55.149 ] } },
{ "type": "Feature", "properties": { "sample_id": "ID093M831425", "latitude": 55.13052, "longitude": -127.51936, "rock_class": "volcanic rocks", "rock_type": "andesite", "terrane": "Overlap", "terrane_name": "Stikinia", "era": "Mesozoic", "copper_ppm": 205.67, "gold_ppm": 0.003, "molybdenum_ppm": 17.5, "arsenic_ppm": 31.79999924, "cobalt_ppm": 12.8, "score_porphyry": 2.0135878231968429, "rank_porphyry": 265, "dist_to_fault_km": 0.28, "dist_to_terrane_boundary_km": 103.4, "grid_id": "112_90", "year": 1983 }, "geometry": { "type": "Point", "coordinates": [ -127.51936, 55.13052 ] } },
{ "type": "Feature", "properties": { "sample_id": "ID093M831426", "latitude": 55.13052, "longitude": -127.51936, "rock_class": "volcanic rocks", "rock_type": "andesite", "terrane": "Overlap", "terrane_name": "Stikinia", "era": "Mesozoic", "copper_ppm": 216.92, "gold_ppm": 0.0029000000950000003, "molybdenum_ppm": 16.38, "arsenic_ppm": 29.60000038, "cobalt_ppm": 12.1, "score_porphyry": 1.9962622220667956, "rank_porphyry": 269, "dist_to_fault_km": 0.28, "dist_to_terrane_boundary_km": 103.4, "grid_id": "112_90", "year": 1983 }, "geometry": { "type": "Point", "coordinates": [ -127.51936, 55.13052 ] } },
{ "type": "Feature", "properties": { "sample_id": "ID093M831449", "latitude": 55.17187, "longitude": -127.2774, "rock_class": "intrusive rocks", "rock_type": "granodiorite", "terrane": "Post Accretionary", "terrane_name": "Stikinia", "era": "Mesozoic", "copper_ppm": 169.83, "gold_ppm": 0.007199999809, "molybdenum_ppm": 25.22, "arsenic_ppm": 125.0, "cobalt_ppm": 21.9, "score_porphyry": 2.3150223151477558, "rank_porphyry": 174, "dist_to_fault_km": 1.62, "dist_to_terrane_boundary_km": 92.18, "grid_id": "113_91", "year": 1983 }, "geometry": { "type": "Point", "coordinates": [ -127.2774, 55.17187 ] } },
{ "type": "Feature", "properties": { "sample_id": "ID093M831482", "latitude": 55.4066, "longitude": -127.13472, "rock_class": "sedimentary rocks", "rock_type": "undivided sedimentary rocks", "terrane": "Overlap", "terrane_name": "Stikinia", "era": "Mesozoic", "copper_ppm": 345.81, "gold_ppm": 0.0125, "molybdenum_ppm": 20.27, "arsenic_ppm": 63.90000153, "cobalt_ppm": 20.7, "score_porphyry": 2.501210802509926, "rank_porphyry": 148, "dist_to_fault_km": 10.59, "dist_to_terrane_boundary_km": 76.16, "grid_id": "115_92", "year": 1983 }, "geometry": { "type": "Point", "coordinates": [ -127.13472, 55.4066 ] } },
{ "type": "Feature", "properties": { "sample_id": "ID093M831752", "latitude": 55.81657, "longitude": -127.0114, "rock_class": "sedimentary rocks", "rock_type": "undivided sedimentary rocks", "terrane": "Overlap", "terrane_name": "Stikinia", "era": "Mesozoic", "copper_ppm": 33.74, "gold_ppm": 0.11, "molybdenum_ppm": 3.44, "arsenic_ppm": 33.29999924, "cobalt_ppm": 29.3, "score_porphyry": 1.2999708940243329, "rank_porphyry": 962, "dist_to_fault_km": 7.88, "dist_to_terrane_boundary_km": 55.95, "grid_id": "120_93", "year": 1983 }, "geometry": { "type": "Point", "coordinates": [ -127.0114, 55.81657 ] } },
{ "type": "Feature", "properties": { "sample_id": "ID093M831783", "latitude": 55.9634, "longitude": -126.98667, "rock_class": "sedimentary rocks", "rock_type": "undivided sedimentary rocks", "terrane": "Overlap", "terrane_name": "Stikinia", "era": "Mesozoic", "copper_ppm": 74.1, "gold_ppm": 0.0070999999050000004, "molybdenum_ppm": 12.45, "arsenic_ppm": 39.90000153, "cobalt_ppm": 14.7, "score_porphyry": 1.4978007808767784, "rank_porphyry": 625, "dist_to_fault_km": 0.18, "dist_to_terrane_boundary_km": 50.43, "grid_id": "121_93", "year": 1983 }, "geometry": { "type": "Point", "coordinates": [ -126.98667, 55.9634 ] } },
{ "type": "Feature", "properties": { "sample_id": "ID093M833013", "latitude": 55.98867, "longitude": -126.82376, "rock_class": "volcanic rocks", "rock_type": "undivided volcanic rocks", "terrane": "Stikinia", "terrane_name": "Stikinia", "era": "Mesozoic", "copper_ppm": 19.14, "gold_ppm": 0.5319000244000001, "molybdenum_ppm": 1.12, "arsenic_ppm": 12.10000038, "cobalt_ppm": 10.6, "score_porphyry": 2.0936618010257146, "rank_porphyry": 238, "dist_to_fault_km": 2.13, "dist_to_terrane_boundary_km": 39.92, "grid_id": "122_94", "year": 1983 }, "geometry": { "type": "Point", "coordinates": [ -126.82376, 55.98867 ] } },
{ "type": "Feature", "properties": { "sample_id": "ID093M833037", "latitude": 55.36397, "longitude": -126.93599, "rock_class": "intrusive rocks", "rock_type": "granodiorite", "terrane": "Post Accretionary", "terrane_name": "Stikinia", "era": "Mesozoic", "copper_ppm": 273.61, "gold_ppm": 0.01380000019, "molybdenum_ppm": 12.46, "arsenic_ppm": 59.90000153, "cobalt_ppm": 20.3, "score_porphyry": 2.2141038216348878, "rank_porphyry": 198, "dist_to_fault_km": 0.21, "dist_to_terrane_boundary_km": 64.7, "grid_id": "115_94", "year": 1983 }, "geometry": { "type": "Point", "coordinates": [ -126.93599, 55.36397 ] } },
{ "type": "Feature", "properties": { "sample_id": "ID093N831114", "latitude": 55.93743, "longitude": -125.26624, "rock_class": "sedimentary rocks", "rock_type": "mudstone/laminite fine clastic sedimentary rocks", "terrane": "Quesnellia", "terrane_name": "Quesnellia", "era": "Mesozoic", "copper_ppm": 198.99, "gold_ppm": 0.009199999809, "molybdenum_ppm": 2.17, "arsenic_ppm": 8.699999809, "cobalt_ppm": 43.4, "score_porphyry": 1.4243893263018139, "rank_porphyry": 732, "dist_to_fault_km": 2.93, "dist_to_terrane_boundary_km": 14.27, "grid_id": "121_104", "year": 1983 }, "geometry": { "type": "Point", "coordinates": [ -125.26624, 55.93743 ] } },
{ "type": "Feature", "properties": { "sample_id": "ID093N831115", "latitude": 55.94762, "longitude": -125.28881, "rock_class": "intrusive rocks", "rock_type": "quartz monzonitic to monzogranitic intrusive rocks", "terrane": "Quesnellia", "terrane_name": "Quesnellia", "era": "Mesozoic", "copper_ppm": 509.29, "gold_ppm": 0.02029999924, "molybdenum_ppm": 8.89, "arsenic_ppm": 10.39999962, "cobalt_ppm": 21.2, "score_porphyry": 2.2383061220021974, "rank_porphyry": 189, "dist_to_fault_km": 3.52, "dist_to_terrane_boundary_km": 14.83, "grid_id": "121_104", "year": 1983 }, "geometry": { "type": "Point", "coordinates": [ -125.28881, 55.94762 ] } },
{ "type": "Feature", "properties": { "sample_id": "ID093N831120", "latitude": 55.95303, "longitude": -125.3588, "rock_class": "intrusive rocks", "rock_type": "quartz monzonitic to monzogranitic intrusive rocks", "terrane": "Quesnellia", "terrane_name": "Quesnellia", "era": "Mesozoic", "copper_ppm": 200.8, "gold_ppm": 0.005699999809000001, "molybdenum_ppm": 4.53, "arsenic_ppm": 3.2999999519999998, "cobalt_ppm": 14.0, "score_porphyry": 1.3487239160165696, "rank_porphyry": 868, "dist_to_fault_km": 0.39, "dist_to_terrane_boundary_km": 18.18, "grid_id": "121_103", "year": 1983 }, "geometry": { "type": "Point", "coordinates": [ -125.3588, 55.95303 ] } },
{ "type": "Feature", "properties": { "sample_id": "ID093N831125", "latitude": 55.90333, "longitude": -125.3504, "rock_class": "intrusive rocks", "rock_type": "quartz monzonitic to monzogranitic intrusive rocks", "terrane": "Quesnellia", "terrane_name": "Quesnellia", "era": "Mesozoic", "copper_ppm": 364.9, "gold_ppm": 0.004, "molybdenum_ppm": 0.86, "arsenic_ppm": 4.800000191, "cobalt_ppm": 19.8, "score_porphyry": 1.275947441977092, "rank_porphyry": 1009, "dist_to_fault_km": 0.03, "dist_to_terrane_boundary_km": 16.76, "grid_id": "121_104", "year": 1983 }, "geometry": { "type": "Point", "coordinates": [ -125.3504, 55.90333 ] } },
{ "type": "Feature", "properties": { "sample_id": "ID093N831175", "latitude": 55.12945, "longitude": -124.0148, "rock_class": "sedimentary rocks", "rock_type": "undivided sedimentary rocks", "terrane": "Overlap", "terrane_name": "Quesnellia", "era": "Cenozoic", "copper_ppm": 426.13, "gold_ppm": 0.01889999962, "molybdenum_ppm": 5.16, "arsenic_ppm": 3.7000000480000002, "cobalt_ppm": 10.4, "score_porphyry": 1.7552692067676334, "rank_porphyry": 391, "dist_to_fault_km": 0.32, "dist_to_terrane_boundary_km": 20.37, "grid_id": "112_112", "year": 1983 }, "geometry": { "type": "Point", "coordinates": [ -124.0148, 55.12945 ] } },
{ "type": "Feature", "properties": { "sample_id": "ID093N831215", "latitude": 55.06923, "longitude": -124.58065, "rock_class": "volcanic rocks", "rock_type": "volcaniclastic rocks", "terrane": "Quesnellia", "terrane_name": "Quesnellia", "era": "Mesozoic", "copper_ppm": 322.72, "gold_ppm": 0.01080000019, "molybdenum_ppm": 6.33, "arsenic_ppm": 6.300000191, "cobalt_ppm": 2.4, "score_porphyry": 1.4882039150899131, "rank_porphyry": 640, "dist_to_fault_km": 11.32, "dist_to_terrane_boundary_km": 22.71, "grid_id": "111_109", "year": 1983 }, "geometry": { "type": "Point", "coordinates": [ -124.58065, 55.06923 ] } },
{ "type": "Feature", "properties": { "sample_id": "ID093N831235", "latitude": 55.06466, "longitude": -124.82538, "rock_class": "sedimentary rocks", "rock_type": "undivided sedimentary rocks", "terrane": "Quesnellia", "terrane_name": "Quesnellia", "era": "Mesozoic", "copper_ppm": 116.1, "gold_ppm": 0.06780000305, "molybdenum_ppm": 15.34, "arsenic_ppm": 11.5, "cobalt_ppm": 11.2, "score_porphyry": 1.8959534531528659, "rank_porphyry": 307, "dist_to_fault_km": 11.84, "dist_to_terrane_boundary_km": 12.47, "grid_id": "111_107", "year": 1983 }, "geometry": { "type": "Point", "coordinates": [ -124.82538, 55.06466 ] } },
{ "type": "Feature", "properties": { "sample_id": "ID093N831243", "latitude": 55.08028, "longitude": -124.76973, "rock_class": "sedimentary rocks", "rock_type": "undivided sedimentary rocks", "terrane": "Quesnellia", "terrane_name": "Quesnellia", "era": "Mesozoic", "copper_ppm": 64.7, "gold_ppm": 0.0035999999049999998, "molybdenum_ppm": 16.93, "arsenic_ppm": 15.60000038, "cobalt_ppm": 10.6, "score_porphyry": 1.3832091403707214, "rank_porphyry": 807, "dist_to_fault_km": 14.05, "dist_to_terrane_boundary_km": 16.1, "grid_id": "112_107", "year": 1983 }, "geometry": { "type": "Point", "coordinates": [ -124.76973, 55.08028 ] } },
{ "type": "Feature", "properties": { "sample_id": "ID093N831311", "latitude": 55.9644, "longitude": -125.88394, "rock_class": "sedimentary rocks", "rock_type": "argillite, greywacke, wacke, conglomerate turbidites", "terrane": "Cache Creek", "terrane_name": "Quesnellia", "era": "Mesozoic", "copper_ppm": 251.92, "gold_ppm": 0.03259999847, "molybdenum_ppm": 0.78, "arsenic_ppm": 3.0999999049999998, "cobalt_ppm": 33.0, "score_porphyry": 1.2824012960545921, "rank_porphyry": 999, "dist_to_fault_km": 0.09, "dist_to_terrane_boundary_km": 0.04, "grid_id": "121_100", "year": 1983 }, "geometry": { "type": "Point", "coordinates": [ -125.88394, 55.9644 ] } },
{ "type": "Feature", "properties": { "sample_id": "ID093N831344", "latitude": 55.28344, "longitude": -124.54644, "rock_class": "sedimentary rocks", "rock_type": "undivided sedimentary rocks", "terrane": "Quesnellia", "terrane_name": "Quesnellia", "era": "Mesozoic", "copper_ppm": 145.43, "gold_ppm": 0.06680000305, "molybdenum_ppm": 1.54, "arsenic_ppm": 10.80000019, "cobalt_ppm": 15.3, "score_porphyry": 1.3147283159335978, "rank_porphyry": 941, "dist_to_fault_km": 0.09, "dist_to_terrane_boundary_km": 37.56, "grid_id": "114_109", "year": 1983 }, "geometry": { "type": "Point", "coordinates": [ -124.54644, 55.28344 ] } },
{ "type": "Feature", "properties": { "sample_id": "ID093N831353", "latitude": 55.29468, "longitude": -124.88984, "rock_class": "intrusive rocks", "rock_type": "quartz monzonitic to monzogranitic intrusive rocks", "terrane": "Quesnellia", "terrane_name": "Quesnellia", "era": "Mesozoic", "copper_ppm": 64.55, "gold_ppm": 0.01130000019, "molybdenum_ppm": 23.39, "arsenic_ppm": 5.800000191, "cobalt_ppm": 19.5, "score_porphyry": 1.547644997830486, "rank_porphyry": 574, "dist_to_fault_km": 10.19, "dist_to_terrane_boundary_km": 21.17, "grid_id": "114_107", "year": 1983 }, "geometry": { "type": "Point", "coordinates": [ -124.88984, 55.29468 ] } },
{ "type": "Feature", "properties": { "sample_id": "ID093N831652", "latitude": 55.96436, "longitude": -124.79429, "rock_class": "metamorphic rocks", "rock_type": "mudstone, siltstone, shale fine clastic sedimentary rocks", "terrane": "Cassiar", "terrane_name": "Quesnellia", "era": "Paleozoic", "copper_ppm": 146.45, "gold_ppm": 0.0070999999050000004, "molybdenum_ppm": 11.18, "arsenic_ppm": 6.800000191, "cobalt_ppm": 16.6, "score_porphyry": 1.6113449043670587, "rank_porphyry": 505, "dist_to_fault_km": 0.25, "dist_to_terrane_boundary_km": 0.31, "grid_id": "121_107", "year": 1983 }, "geometry": { "type": "Point", "coordinates": [ -124.79429, 55.96436 ] } },
{ "type": "Feature", "properties": { "sample_id": "ID093N831665", "latitude": 55.90334, "longitude": -124.9063, "rock_class": "volcanic rocks", "rock_type": "volcaniclastic rocks", "terrane": "Quesnellia", "terrane_name": "Quesnellia", "era": "Paleozoic", "copper_ppm": 90.58, "gold_ppm": 0.0022999999519999997, "molybdenum_ppm": 8.04, "arsenic_ppm": 19.60000038, "cobalt_ppm": 24.8, "score_porphyry": 1.4261344877086464, "rank_porphyry": 726, "dist_to_fault_km": 0.9, "dist_to_terrane_boundary_km": 9.28, "grid_id": "121_106", "year": 1983 }, "geometry": { "type": "Point", "coordinates": [ -124.9063, 55.90334 ] } },
{ "type": "Feature", "properties": { "sample_id": "ID093N831666", "latitude": 55.90334, "longitude": -124.9063, "rock_class": "volcanic rocks", "rock_type": "volcaniclastic rocks", "terrane": "Quesnellia", "terrane_name": "Quesnellia", "era": "Paleozoic", "copper_ppm": 98.16, "gold_ppm": 0.0025, "molybdenum_ppm": 9.94, "arsenic_ppm": 23.60000038, "cobalt_ppm": 26.5, "score_porphyry": 1.5672387369500367, "rank_porphyry": 546, "dist_to_fault_km": 0.9, "dist_to_terrane_boundary_km": 9.28, "grid_id": "121_106", "year": 1983 }, "geometry": { "type": "Point", "coordinates": [ -124.9063, 55.90334 ] } },
{ "type": "Feature", "properties": { "sample_id": "ID093N831675", "latitude": 55.6807, "longitude": -124.779, "rock_class": "volcanic rocks", "rock_type": "volcaniclastic rocks", "terrane": "Quesnellia", "terrane_name": "Quesnellia", "era": "Mesozoic", "copper_ppm": 108.97, "gold_ppm": 0.0065, "molybdenum_ppm": 14.21, "arsenic_ppm": 85.5, "cobalt_ppm": 26.3, "score_porphyry": 1.8924358203716969, "rank_porphyry": 309, "dist_to_fault_km": 0.06, "dist_to_terrane_boundary_km": 21.74, "grid_id": "118_107", "year": 1983 }, "geometry": { "type": "Point", "coordinates": [ -124.779, 55.6807 ] } },
{ "type": "Feature", "properties": { "sample_id": "ID093N831697", "latitude": 55.71019, "longitude": -125.23608, "rock_class": "volcanic rocks", "rock_type": "undivided volcanic rocks", "terrane": "Quesnellia", "terrane_name": "Quesnellia", "era": "Mesozoic", "copper_ppm": 358.75, "gold_ppm": 0.04740000153, "molybdenum_ppm": 9.84, "arsenic_ppm": 9.199999809, "cobalt_ppm": 31.1, "score_porphyry": 2.2999498419678241, "rank_porphyry": 179, "dist_to_fault_km": 0.08, "dist_to_terrane_boundary_km": 13.87, "grid_id": "119_104", "year": 1983 }, "geometry": { "type": "Point", "coordinates": [ -125.23608, 55.71019 ] } },
{ "type": "Feature", "properties": { "sample_id": "ID093N831698", "latitude": 55.73516, "longitude": -125.22664, "rock_class": "volcanic rocks", "rock_type": "volcaniclastic rocks", "terrane": "Quesnellia", "terrane_name": "Quesnellia", "era": "Mesozoic", "copper_ppm": 153.37, "gold_ppm": 0.01989999962, "molybdenum_ppm": 3.61, "arsenic_ppm": 11.5, "cobalt_ppm": 39.1, "score_porphyry": 1.5135086852973474, "rank_porphyry": 607, "dist_to_fault_km": 0.03, "dist_to_terrane_boundary_km": 15.16, "grid_id": "119_104", "year": 1983 }, "geometry": { "type": "Point", "coordinates": [ -125.22664, 55.73516 ] } },
{ "type": "Feature", "properties": { "sample_id": "ID093N831773", "latitude": 55.64056, "longitude": -125.14285, "rock_class": "volcanic rocks", "rock_type": "volcaniclastic rocks", "terrane": "Quesnellia", "terrane_name": "Quesnellia", "era": "Mesozoic", "copper_ppm": 113.85, "gold_ppm": 0.03290000153, "molybdenum_ppm": 2.94, "arsenic_ppm": 13.89999962, "cobalt_ppm": 19.8, "score_porphyry": 1.282895732539624, "rank_porphyry": 997, "dist_to_fault_km": 1.21, "dist_to_terrane_boundary_km": 17.53, "grid_id": "118_105", "year": 1983 }, "geometry": { "type": "Point", "coordinates": [ -125.14285, 55.64056 ] } },
{ "type": "Feature", "properties": { "sample_id": "ID093N831778", "latitude": 55.64189, "longitude": -125.21985, "rock_class": "volcanic rocks", "rock_type": "undivided volcanic rocks", "terrane": "Quesnellia", "terrane_name": "Quesnellia", "era": "Mesozoic", "copper_ppm": 77.31, "gold_ppm": 0.4803999939, "molybdenum_ppm": 1.12, "arsenic_ppm": 9.5, "cobalt_ppm": 16.2, "score_porphyry": 2.5856448171791859, "rank_porphyry": 132, "dist_to_fault_km": 0.16, "dist_to_terrane_boundary_km": 12.89, "grid_id": "118_104", "year": 1983 }, "geometry": { "type": "Point", "coordinates": [ -125.21985, 55.64189 ] } },
{ "type": "Feature", "properties": { "sample_id": "ID093N831834", "latitude": 55.38798, "longitude": -125.33583, "rock_class": "volcanic rocks", "rock_type": "basaltic volcanic rocks", "terrane": "Cache Creek", "terrane_name": "Cache Creek", "era": "Paleozoic to Mesozoic", "copper_ppm": 365.38, "gold_ppm": 0.025, "molybdenum_ppm": 3.06, "arsenic_ppm": 140.0, "cobalt_ppm": 13.9, "score_porphyry": 1.957749490879076, "rank_porphyry": 288, "dist_to_fault_km": 0.79, "dist_to_terrane_boundary_km": 2.8, "grid_id": "115_104", "year": 1983 }, "geometry": { "type": "Point", "coordinates": [ -125.33583, 55.38798 ] } },
{ "type": "Feature", "properties": { "sample_id": "ID093N831910", "latitude": 55.01181, "longitude": -125.63307, "rock_class": "sedimentary rocks", "rock_type": "mudstone, siltstone, shale fine clastic sedimentary rocks", "terrane": "Cache Creek", "terrane_name": "Cache Creek", "era": "Paleozoic to Mesozoic", "copper_ppm": 56.09, "gold_ppm": 0.006199999809, "molybdenum_ppm": 49.87, "arsenic_ppm": 82.30000305, "cobalt_ppm": 19.8, "score_porphyry": 2.0109032413126915, "rank_porphyry": 266, "dist_to_fault_km": 0.61, "dist_to_terrane_boundary_km": 7.92, "grid_id": "111_102", "year": 1983 }, "geometry": { "type": "Point", "coordinates": [ -125.63307, 55.01181 ] } },
{ "type": "Feature", "properties": { "sample_id": "ID093N833147", "latitude": 55.42263, "longitude": -125.70801, "rock_class": "sedimentary rocks", "rock_type": "undivided sedimentary rocks", "terrane": "Cache Creek", "terrane_name": "Cache Creek", "era": "Mesozoic", "copper_ppm": 129.34, "gold_ppm": 0.004800000191, "molybdenum_ppm": 2.8, "arsenic_ppm": 50.09999847, "cobalt_ppm": 38.5, "score_porphyry": 1.4326692122596552, "rank_porphyry": 719, "dist_to_fault_km": 3.13, "dist_to_terrane_boundary_km": 9.26, "grid_id": "115_101", "year": 1983 }, "geometry": { "type": "Point", "coordinates": [ -125.70801, 55.42263 ] } },
{ "type": "Feature", "properties": { "sample_id": "ID093N833177", "latitude": 55.73017, "longitude": -125.62766, "rock_class": "sedimentary rocks", "rock_type": "mudstone, siltstone, shale fine clastic sedimentary rocks", "terrane": "Cache Creek", "terrane_name": "Cache Creek", "era": "Paleozoic to Mesozoic", "copper_ppm": 49.55, "gold_ppm": 0.2358999939, "molybdenum_ppm": 2.73, "arsenic_ppm": 4.0, "cobalt_ppm": 10.7, "score_porphyry": 1.5641129081907201, "rank_porphyry": 554, "dist_to_fault_km": 6.82, "dist_to_terrane_boundary_km": 8.49, "grid_id": "119_102", "year": 1983 }, "geometry": { "type": "Point", "coordinates": [ -125.62766, 55.73017 ] } },
{ "type": "Feature", "properties": { "sample_id": "ID093N833228", "latitude": 55.51317, "longitude": -125.21104, "rock_class": "intrusive rocks", "rock_type": "quartz monzonitic to monzogranitic intrusive rocks", "terrane": "Quesnellia", "terrane_name": "Quesnellia", "era": "Mesozoic", "copper_ppm": 153.61, "gold_ppm": 0.01380000019, "molybdenum_ppm": 30.52, "arsenic_ppm": 1.7999999520000001, "cobalt_ppm": 8.7, "score_porphyry": 1.8216283879722766, "rank_porphyry": 351, "dist_to_fault_km": 3.58, "dist_to_terrane_boundary_km": 8.9, "grid_id": "116_104", "year": 1983 }, "geometry": { "type": "Point", "coordinates": [ -125.21104, 55.51317 ] } },
{ "type": "Feature", "properties": { "sample_id": "ID093O071219", "latitude": 55.68933, "longitude": -122.89887, "rock_class": "sedimentary rocks", "rock_type": "mudstone, siltstone, shale fine clastic sedimentary rocks", "terrane": "North America - platformal strata", "terrane_name": "North America - platformal strata", "era": "Mesozoic", "copper_ppm": 37.32, "gold_ppm": null, "molybdenum_ppm": 30.67, "arsenic_ppm": 19.5, "cobalt_ppm": 7.0, "score_porphyry": 1.3257001952484551, "rank_porphyry": 917, "dist_to_fault_km": 0.77, "dist_to_terrane_boundary_km": 27.05, "grid_id": "119_119", "year": 2007 }, "geometry": { "type": "Point", "coordinates": [ -122.89887, 55.68933 ] } },
{ "type": "Feature", "properties": { "sample_id": "ID093O071298", "latitude": 55.91197, "longitude": -122.94833, "rock_class": "sedimentary rocks", "rock_type": "limestone, marble, calcareous sedimentary rocks", "terrane": "North America - platformal strata", "terrane_name": "North America - platformal strata", "era": "Mesozoic", "copper_ppm": 31.6, "gold_ppm": null, "molybdenum_ppm": 43.3, "arsenic_ppm": 17.29999924, "cobalt_ppm": 4.8, "score_porphyry": 1.3137073298857951, "rank_porphyry": 943, "dist_to_fault_km": 1.74, "dist_to_terrane_boundary_km": 37.52, "grid_id": "121_119", "year": 2007 }, "geometry": { "type": "Point", "coordinates": [ -122.94833, 55.91197 ] } },
{ "type": "Feature", "properties": { "sample_id": "ID094C971053", "latitude": 56.07103, "longitude": -124.99225, "rock_class": "sedimentary rocks", "rock_type": "mudstone, siltstone, shale fine clastic sedimentary rocks", "terrane": "Cassiar", "terrane_name": "Quesnellia", "era": "Paleozoic", "copper_ppm": 61.24, "gold_ppm": 0.008, "molybdenum_ppm": 14.93, "arsenic_ppm": 16.39999962, "cobalt_ppm": 14.7, "score_porphyry": 1.3933668357583782, "rank_porphyry": 789, "dist_to_fault_km": 0.11, "dist_to_terrane_boundary_km": 2.48, "grid_id": "123_106", "year": 1997 }, "geometry": { "type": "Point", "coordinates": [ -124.99225, 56.07103 ] } },
{ "type": "Feature", "properties": { "sample_id": "ID094C971108", "latitude": 56.24683, "longitude": -125.58324, "rock_class": "volcanic rocks", "rock_type": "calc-alkaline volcanic rocks", "terrane": "Quesnellia", "terrane_name": "Quesnellia", "era": "Mesozoic", "copper_ppm": 156.38, "gold_ppm": 0.05820000076, "molybdenum_ppm": 0.83, "arsenic_ppm": 35.5, "cobalt_ppm": 22.4, "score_porphyry": 1.3626135669823947, "rank_porphyry": 837, "dist_to_fault_km": 6.97, "dist_to_terrane_boundary_km": 14.2, "grid_id": "125_102", "year": 1997 }, "geometry": { "type": "Point", "coordinates": [ -125.58324, 56.24683 ] } },
{ "type": "Feature", "properties": { "sample_id": "ID094C971393", "latitude": 56.18048, "longitude": -125.6875, "rock_class": "intrusive rocks", "rock_type": "quartz monzonitic to monzogranitic intrusive rocks", "terrane": "Quesnellia", "terrane_name": "Quesnellia", "era": "Mesozoic", "copper_ppm": 213.9, "gold_ppm": 0.0055999999049999999, "molybdenum_ppm": 7.51, "arsenic_ppm": 1.1000000240000001, "cobalt_ppm": 16.2, "score_porphyry": 1.4934768960095899, "rank_porphyry": 633, "dist_to_fault_km": 15.37, "dist_to_terrane_boundary_km": 23.81, "grid_id": "124_101", "year": 1997 }, "geometry": { "type": "Point", "coordinates": [ -125.6875, 56.18048 ] } },
{ "type": "Feature", "properties": { "sample_id": "ID094C971492", "latitude": 56.07766, "longitude": -125.40554, "rock_class": "intrusive rocks", "rock_type": "quartz monzonitic to monzogranitic intrusive rocks", "terrane": "Quesnellia", "terrane_name": "Quesnellia", "era": "Mesozoic", "copper_ppm": 234.72, "gold_ppm": 0.004699999809000001, "molybdenum_ppm": 2.1, "arsenic_ppm": 11.19999981, "cobalt_ppm": 12.9, "score_porphyry": 1.2849522909473088, "rank_porphyry": 994, "dist_to_fault_km": 1.53, "dist_to_terrane_boundary_km": 15.95, "grid_id": "123_103", "year": 1997 }, "geometry": { "type": "Point", "coordinates": [ -125.40554, 56.07766 ] } },
{ "type": "Feature", "properties": { "sample_id": "ID094C973006", "latitude": 56.11056, "longitude": -125.46346, "rock_class": "intrusive rocks", "rock_type": "quartz monzonitic to monzogranitic intrusive rocks", "terrane": "Quesnellia", "terrane_name": "Quesnellia", "era": "Mesozoic", "copper_ppm": 192.97, "gold_ppm": 0.004300000191, "molybdenum_ppm": 4.31, "arsenic_ppm": 12.60000038, "cobalt_ppm": 11.9, "score_porphyry": 1.4019432346710936, "rank_porphyry": 777, "dist_to_fault_km": 6.39, "dist_to_terrane_boundary_km": 17.31, "grid_id": "123_103", "year": 1997 }, "geometry": { "type": "Point", "coordinates": [ -125.46346, 56.11056 ] } },
{ "type": "Feature", "properties": { "sample_id": "ID094C973009", "latitude": 56.11704, "longitude": -125.43801, "rock_class": "intrusive rocks", "rock_type": "quartz monzonitic to monzogranitic intrusive rocks", "terrane": "Quesnellia", "terrane_name": "Quesnellia", "era": "Mesozoic", "copper_ppm": 127.75, "gold_ppm": 0.004, "molybdenum_ppm": 6.26, "arsenic_ppm": 24.0, "cobalt_ppm": 11.6, "score_porphyry": 1.3961010927304136, "rank_porphyry": 785, "dist_to_fault_km": 5.4, "dist_to_terrane_boundary_km": 15.59, "grid_id": "123_103", "year": 1997 }, "geometry": { "type": "Point", "coordinates": [ -125.43801, 56.11704 ] } },
{ "type": "Feature", "properties": { "sample_id": "ID094C973033", "latitude": 56.44855, "longitude": -125.9374, "rock_class": "intrusive rocks", "rock_type": "gabbroic to dioritic intrusive rocks", "terrane": "Quesnellia", "terrane_name": "Quesnellia", "era": "Mesozoic", "copper_ppm": 244.93, "gold_ppm": 0.01280000019, "molybdenum_ppm": 1.47, "arsenic_ppm": 5.699999809, "cobalt_ppm": 29.0, "score_porphyry": 1.3300473351463939, "rank_porphyry": 909, "dist_to_fault_km": 3.51, "dist_to_terrane_boundary_km": 18.36, "grid_id": "127_100", "year": 1997 }, "geometry": { "type": "Point", "coordinates": [ -125.9374, 56.44855 ] } },
{ "type": "Feature", "properties": { "sample_id": "ID094C973036", "latitude": 56.4991, "longitude": -125.91882, "rock_class": "sedimentary rocks", "rock_type": "mudstone/laminite fine clastic sedimentary rocks", "terrane": "Quesnellia", "terrane_name": "Quesnellia", "era": "Mesozoic", "copper_ppm": 265.28, "gold_ppm": 0.01879999924, "molybdenum_ppm": 2.16, "arsenic_ppm": 5.5999999049999998, "cobalt_ppm": 56.9, "score_porphyry": 1.6067414963766173, "rank_porphyry": 510, "dist_to_fault_km": 4.41, "dist_to_terrane_boundary_km": 12.72, "grid_id": "127_100", "year": 1997 }, "geometry": { "type": "Point", "coordinates": [ -125.91882, 56.4991 ] } },
{ "type": "Feature", "properties": { "sample_id": "ID094C973076", "latitude": 56.45015, "longitude": -125.96004, "rock_class": "intrusive rocks", "rock_type": "gabbroic to dioritic intrusive rocks", "terrane": "Quesnellia", "terrane_name": "Quesnellia", "era": "Mesozoic", "copper_ppm": 243.11, "gold_ppm": 0.02389999962, "molybdenum_ppm": 2.26, "arsenic_ppm": 1.6000000240000001, "cobalt_ppm": 18.6, "score_porphyry": 1.3135394547588053, "rank_porphyry": 945, "dist_to_fault_km": 2.11, "dist_to_terrane_boundary_km": 18.74, "grid_id": "127_100", "year": 1997 }, "geometry": { "type": "Point", "coordinates": [ -125.96004, 56.45015 ] } },
{ "type": "Feature", "properties": { "sample_id": "ID094C973080", "latitude": 56.56559, "longitude": -125.91429, "rock_class": "sedimentary rocks", "rock_type": "mudstone/laminite fine clastic sedimentary rocks", "terrane": "Quesnellia", "terrane_name": "Quesnellia", "era": "Mesozoic", "copper_ppm": 88.55, "gold_ppm": 0.0032999999519999997, "molybdenum_ppm": 10.78, "arsenic_ppm": 162.3000031, "cobalt_ppm": 24.4, "score_porphyry": 1.7380779039796386, "rank_porphyry": 407, "dist_to_fault_km": 0.72, "dist_to_terrane_boundary_km": 5.8, "grid_id": "128_100", "year": 1997 }, "geometry": { "type": "Point", "coordinates": [ -125.91429, 56.56559 ] } },
{ "type": "Feature", "properties": { "sample_id": "ID094C973082", "latitude": 56.53153, "longitude": -125.88032, "rock_class": "sedimentary rocks", "rock_type": "mudstone/laminite fine clastic sedimentary rocks", "terrane": "Quesnellia", "terrane_name": "Quesnellia", "era": "Mesozoic", "copper_ppm": 93.33, "gold_ppm": 0.0039000000950000003, "molybdenum_ppm": 9.06, "arsenic_ppm": 184.1999969, "cobalt_ppm": 19.6, "score_porphyry": 1.6791087765898669, "rank_porphyry": 445, "dist_to_fault_km": 0.27, "dist_to_terrane_boundary_km": 8.46, "grid_id": "128_100", "year": 1997 }, "geometry": { "type": "Point", "coordinates": [ -125.88032, 56.53153 ] } },
{ "type": "Feature", "properties": { "sample_id": "ID094C973083", "latitude": 56.50323, "longitude": -125.91866, "rock_class": "sedimentary rocks", "rock_type": "mudstone/laminite fine clastic sedimentary rocks", "terrane": "Quesnellia", "terrane_name": "Quesnellia", "era": "Mesozoic", "copper_ppm": 692.35, "gold_ppm": 0.02379999924, "molybdenum_ppm": 13.65, "arsenic_ppm": 18.39999962, "cobalt_ppm": 46.5, "score_porphyry": 2.738117077676228, "rank_porphyry": 115, "dist_to_fault_km": 4.11, "dist_to_terrane_boundary_km": 12.3, "grid_id": "127_100", "year": 1997 }, "geometry": { "type": "Point", "coordinates": [ -125.91866, 56.50323 ] } },
{ "type": "Feature", "properties": { "sample_id": "ID094C973089", "latitude": 56.51442, "longitude": -125.78819, "rock_class": "sedimentary rocks", "rock_type": "mudstone/laminite fine clastic sedimentary rocks", "terrane": "Quesnellia", "terrane_name": "Quesnellia", "era": "Mesozoic", "copper_ppm": 99.08, "gold_ppm": 0.0027000000480000004, "molybdenum_ppm": 8.1, "arsenic_ppm": 224.1999969, "cobalt_ppm": 22.0, "score_porphyry": 1.7011286958884488, "rank_porphyry": 435, "dist_to_fault_km": 1.03, "dist_to_terrane_boundary_km": 7.98, "grid_id": "128_101", "year": 1997 }, "geometry": { "type": "Point", "coordinates": [ -125.78819, 56.51442 ] } },
{ "type": "Feature", "properties": { "sample_id": "ID094C973093", "latitude": 56.52238, "longitude": -125.80013, "rock_class": "sedimentary rocks", "rock_type": "mudstone/laminite fine clastic sedimentary rocks", "terrane": "Quesnellia", "terrane_name": "Quesnellia", "era": "Mesozoic", "copper_ppm": 99.83, "gold_ppm": 0.0032000000480000004, "molybdenum_ppm": 8.22, "arsenic_ppm": 293.7000122, "cobalt_ppm": 22.7, "score_porphyry": 1.7456178317666455, "rank_porphyry": 397, "dist_to_fault_km": 0.87, "dist_to_terrane_boundary_km": 7.45, "grid_id": "128_101", "year": 1997 }, "geometry": { "type": "Point", "coordinates": [ -125.80013, 56.52238 ] } },
{ "type": "Feature", "properties": { "sample_id": "ID094C973094", "latitude": 56.52238, "longitude": -125.80013, "rock_class": "sedimentary rocks", "rock_type": "mudstone/laminite fine clastic sedimentary rocks", "terrane": "Quesnellia", "terrane_name": "Quesnellia", "era": "Mesozoic", "copper_ppm": 94.19, "gold_ppm": 0.0029000000950000003, "molybdenum_ppm": 7.88, "arsenic_ppm": 227.3999939, "cobalt_ppm": 21.0, "score_porphyry": 1.6634848449601662, "rank_porphyry": 458, "dist_to_fault_km": 0.87, "dist_to_terrane_boundary_km": 7.45, "grid_id": "128_101", "year": 1997 }, "geometry": { "type": "Point", "coordinates": [ -125.80013, 56.52238 ] } },
{ "type": "Feature", "properties": { "sample_id": "ID094C973096", "latitude": 56.19028, "longitude": -125.57101, "rock_class": "intrusive rocks", "rock_type": "quartz monzonitic to monzogranitic intrusive rocks", "terrane": "Quesnellia", "terrane_name": "Quesnellia", "era": "Mesozoic", "copper_ppm": 215.32, "gold_ppm": 0.0016000000240000002, "molybdenum_ppm": 6.29, "arsenic_ppm": 3.2000000480000002, "cobalt_ppm": 13.2, "score_porphyry": 1.455033432369246, "rank_porphyry": 689, "dist_to_fault_km": 8.92, "dist_to_terrane_boundary_km": 17.4, "grid_id": "124_102", "year": 1997 }, "geometry": { "type": "Point", "coordinates": [ -125.57101, 56.19028 ] } },
{ "type": "Feature", "properties": { "sample_id": "ID094C973097", "latitude": 56.17497, "longitude": -125.59438, "rock_class": "intrusive rocks", "rock_type": "quartz monzonitic to monzogranitic intrusive rocks", "terrane": "Quesnellia", "terrane_name": "Quesnellia", "era": "Mesozoic", "copper_ppm": 144.07, "gold_ppm": 0.06090000153, "molybdenum_ppm": 4.34, "arsenic_ppm": 1.3999999759999999, "cobalt_ppm": 19.1, "score_porphyry": 1.442108725340389, "rank_porphyry": 707, "dist_to_fault_km": 11.15, "dist_to_terrane_boundary_km": 19.58, "grid_id": "124_102", "year": 1997 }, "geometry": { "type": "Point", "coordinates": [ -125.59438, 56.17497 ] } },
{ "type": "Feature", "properties": { "sample_id": "ID094C973098", "latitude": 56.15707, "longitude": -125.53574, "rock_class": "intrusive rocks", "rock_type": "quartz monzonitic to monzogranitic intrusive rocks", "terrane": "Quesnellia", "terrane_name": "Quesnellia", "era": "Mesozoic", "copper_ppm": 133.67, "gold_ppm": 0.0064000000950000004, "molybdenum_ppm": 6.07, "arsenic_ppm": 23.70000076, "cobalt_ppm": 22.5, "score_porphyry": 1.5278500573444009, "rank_porphyry": 590, "dist_to_fault_km": 10.4, "dist_to_terrane_boundary_km": 17.89, "grid_id": "124_102", "year": 1997 }, "geometry": { "type": "Point", "coordinates": [ -125.53574, 56.15707 ] } },
{ "type": "Feature", "properties": { "sample_id": "ID094C973099", "latitude": 56.15884, "longitude": -125.49456, "rock_class": "intrusive rocks", "rock_type": "quartz monzonitic to monzogranitic intrusive rocks", "terrane": "Quesnellia", "terrane_name": "Quesnellia", "era": "Mesozoic", "copper_ppm": 170.55, "gold_ppm": 0.006300000191, "molybdenum_ppm": 5.66, "arsenic_ppm": 10.0, "cobalt_ppm": 20.9, "score_porphyry": 1.5163482889736803, "rank_porphyry": 602, "dist_to_fault_km": 7.98, "dist_to_terrane_boundary_km": 15.73, "grid_id": "124_103", "year": 1997 }, "geometry": { "type": "Point", "coordinates": [ -125.49456, 56.15884 ] } },
{ "type": "Feature", "properties": { "sample_id": "ID094C973100", "latitude": 56.17089, "longitude": -125.48843, "rock_class": "intrusive rocks", "rock_type": "quartz monzonitic to monzogranitic intrusive rocks", "terrane": "Quesnellia", "terrane_name": "Quesnellia", "era": "Mesozoic", "copper_ppm": 157.47, "gold_ppm": 0.001, "molybdenum_ppm": 8.54, "arsenic_ppm": 4.9000000950000002, "cobalt_ppm": 12.3, "score_porphyry": 1.4396622936016039, "rank_porphyry": 714, "dist_to_fault_km": 7.09, "dist_to_terrane_boundary_km": 14.62, "grid_id": "124_103", "year": 1997 }, "geometry": { "type": "Point", "coordinates": [ -125.48843, 56.17089 ] } },
{ "type": "Feature", "properties": { "sample_id": "ID094C973105", "latitude": 56.14771, "longitude": -125.53414, "rock_class": "intrusive rocks", "rock_type": "quartz monzonitic to monzogranitic intrusive rocks", "terrane": "Quesnellia", "terrane_name": "Quesnellia", "era": "Mesozoic", "copper_ppm": 214.1, "gold_ppm": 0.01519999981, "molybdenum_ppm": 10.65, "arsenic_ppm": 9.0, "cobalt_ppm": 16.3, "score_porphyry": 1.8277769309834362, "rank_porphyry": 345, "dist_to_fault_km": 10.72, "dist_to_terrane_boundary_km": 18.44, "grid_id": "123_102", "year": 1997 }, "geometry": { "type": "Point", "coordinates": [ -125.53414, 56.14771 ] } },
{ "type": "Feature", "properties": { "sample_id": "ID094C973106", "latitude": 56.14771, "longitude": -125.53414, "rock_class": "intrusive rocks", "rock_type": "quartz monzonitic to monzogranitic intrusive rocks", "terrane": "Quesnellia", "terrane_name": "Quesnellia", "era": "Mesozoic", "copper_ppm": 191.76, "gold_ppm": 0.008300000191000001, "molybdenum_ppm": 8.04, "arsenic_ppm": 6.699999809, "cobalt_ppm": 15.3, "score_porphyry": 1.6076805131624081, "rank_porphyry": 508, "dist_to_fault_km": 10.72, "dist_to_terrane_boundary_km": 18.44, "grid_id": "123_102", "year": 1997 }, "geometry": { "type": "Point", "coordinates": [ -125.53414, 56.14771 ] } },
{ "type": "Feature", "properties": { "sample_id": "ID094C973119", "latitude": 56.53147, "longitude": -125.62592, "rock_class": "sedimentary rocks", "rock_type": "mudstone, siltstone, shale fine clastic sedimentary rocks", "terrane": "Cassiar", "terrane_name": "Cassiar", "era": "Proterozoic", "copper_ppm": 87.32, "gold_ppm": 0.0017000000479999999, "molybdenum_ppm": 7.42, "arsenic_ppm": 25.5, "cobalt_ppm": 37.9, "score_porphyry": 1.4787421462382238, "rank_porphyry": 651, "dist_to_fault_km": 0.31, "dist_to_terrane_boundary_km": 0.29, "grid_id": "128_102", "year": 1997 }, "geometry": { "type": "Point", "coordinates": [ -125.62592, 56.53147 ] } },
{ "type": "Feature", "properties": { "sample_id": "ID094C973132", "latitude": 56.62271, "longitude": -125.92745, "rock_class": "sedimentary rocks", "rock_type": "mudstone, siltstone, shale fine clastic sedimentary rocks", "terrane": "Cassiar", "terrane_name": "Quesnellia", "era": "Proterozoic", "copper_ppm": 91.34, "gold_ppm": 0.01030000019, "molybdenum_ppm": 6.23, "arsenic_ppm": 38.40000153, "cobalt_ppm": 17.5, "score_porphyry": 1.3912283234347742, "rank_porphyry": 792, "dist_to_fault_km": 0.88, "dist_to_terrane_boundary_km": 0.75, "grid_id": "129_100", "year": 1997 }, "geometry": { "type": "Point", "coordinates": [ -125.92745, 56.62271 ] } },
{ "type": "Feature", "properties": { "sample_id": "ID094D961251", "latitude": 56.34801, "longitude": -126.34798, "rock_class": "volcanic rocks", "rock_type": "basalt", "terrane": "Stikinia", "terrane_name": "Stikinia", "era": "Mesozoic", "copper_ppm": 145.06, "gold_ppm": 0.0013999999759999999, "molybdenum_ppm": 6.03, "arsenic_ppm": 18.39999962, "cobalt_ppm": 28.0, "score_porphyry": 1.549833732800683, "rank_porphyry": 571, "dist_to_fault_km": 0.1, "dist_to_terrane_boundary_km": 6.1, "grid_id": "126_97", "year": 1996 }, "geometry": { "type": "Point", "coordinates": [ -126.34798, 56.34801 ] } },
{ "type": "Feature", "properties": { "sample_id": "ID094D961253", "latitude": 56.31998, "longitude": -126.25171, "rock_class": "sedimentary and volcanic rocks", "rock_type": "sandstone", "terrane": "Stikinia", "terrane_name": "Stikinia", "era": "Mesozoic", "copper_ppm": 227.35, "gold_ppm": 0.004300000191, "molybdenum_ppm": 4.13, "arsenic_ppm": 82.69999695, "cobalt_ppm": 31.7, "score_porphyry": 1.818731207293091, "rank_porphyry": 353, "dist_to_fault_km": 1.38, "dist_to_terrane_boundary_km": 0.25, "grid_id": "125_98", "year": 1996 }, "geometry": { "type": "Point", "coordinates": [ -126.25171, 56.31998 ] } },
{ "type": "Feature", "properties": { "sample_id": "ID094D961256", "latitude": 56.38306, "longitude": -126.27344, "rock_class": "sedimentary rocks", "rock_type": "argillite", "terrane": "Stikinia", "terrane_name": "Stikinia", "era": "Paleozoic", "copper_ppm": 200.34, "gold_ppm": 0.0020999999049999998, "molybdenum_ppm": 18.2, "arsenic_ppm": 29.70000076, "cobalt_ppm": 29.2, "score_porphyry": 2.1444062147457856, "rank_porphyry": 221, "dist_to_fault_km": 0.74, "dist_to_terrane_boundary_km": 0.9, "grid_id": "126_98", "year": 1996 }, "geometry": { "type": "Point", "coordinates": [ -126.27344, 56.38306 ] } },
{ "type": "Feature", "properties": { "sample_id": "ID094D961257", "latitude": 56.3984, "longitude": -126.3251, "rock_class": "sedimentary and volcanic rocks", "rock_type": "sandstone", "terrane": "Stikinia", "terrane_name": "Stikinia", "era": "Mesozoic", "copper_ppm": 200.08, "gold_ppm": 0.0025, "molybdenum_ppm": 10.53, "arsenic_ppm": 22.0, "cobalt_ppm": 27.5, "score_porphyry": 1.907028987990214, "rank_porphyry": 301, "dist_to_fault_km": 1.22, "dist_to_terrane_boundary_km": 3.46, "grid_id": "126_97", "year": 1996 }, "geometry": { "type": "Point", "coordinates": [ -126.3251, 56.3984 ] } },
{ "type": "Feature", "properties": { "sample_id": "ID094D961269", "latitude": 56.28606, "longitude": -126.52801, "rock_class": "sedimentary rocks", "rock_type": "undivided sedimentary rocks", "terrane": "Overlap", "terrane_name": "Stikinia", "era": "Mesozoic", "copper_ppm": 149.86, "gold_ppm": 0.0017999999520000001, "molybdenum_ppm": 14.47, "arsenic_ppm": 17.5, "cobalt_ppm": 24.4, "score_porphyry": 1.8443471791492092, "rank_porphyry": 334, "dist_to_fault_km": 0.42, "dist_to_terrane_boundary_km": 17.41, "grid_id": "125_96", "year": 1996 }, "geometry": { "type": "Point", "coordinates": [ -126.52801, 56.28606 ] } },
{ "type": "Feature", "properties": { "sample_id": "ID094D961282", "latitude": 56.28921, "longitude": -126.27496, "rock_class": "sedimentary and volcanic rocks", "rock_type": "sandstone", "terrane": "Stikinia", "terrane_name": "Stikinia", "era": "Mesozoic", "copper_ppm": 146.91, "gold_ppm": 0.0022000000480000004, "molybdenum_ppm": 4.2, "arsenic_ppm": 16.70000076, "cobalt_ppm": 29.3, "score_porphyry": 1.4405249353869629, "rank_porphyry": 711, "dist_to_fault_km": 0.38, "dist_to_terrane_boundary_km": 1.77, "grid_id": "125_98", "year": 1996 }, "geometry": { "type": "Point", "coordinates": [ -126.27496, 56.28921 ] } },
{ "type": "Feature", "properties": { "sample_id": "ID094D961287", "latitude": 56.39343, "longitude": -126.53999, "rock_class": "sedimentary rocks", "rock_type": "undivided clastic rocks", "terrane": "Stikinia", "terrane_name": "Stikinia", "era": "Mesozoic", "copper_ppm": 156.86, "gold_ppm": 0.0032000000480000004, "molybdenum_ppm": 9.89, "arsenic_ppm": 15.89999962, "cobalt_ppm": 23.2, "score_porphyry": 1.7172829360377455, "rank_porphyry": 421, "dist_to_fault_km": 1.2, "dist_to_terrane_boundary_km": 16.3, "grid_id": "126_96", "year": 1996 }, "geometry": { "type": "Point", "coordinates": [ -126.53999, 56.39343 ] } },
{ "type": "Feature", "properties": { "sample_id": "ID094D961292", "latitude": 56.33935, "longitude": -126.27931, "rock_class": "sedimentary and volcanic rocks", "rock_type": "sandstone", "terrane": "Stikinia", "terrane_name": "Stikinia", "era": "Mesozoic", "copper_ppm": 181.23, "gold_ppm": 0.0025999999049999998, "molybdenum_ppm": 8.19, "arsenic_ppm": 22.0, "cobalt_ppm": 31.3, "score_porphyry": 1.7971231223202446, "rank_porphyry": 363, "dist_to_fault_km": 2.9, "dist_to_terrane_boundary_km": 1.89, "grid_id": "126_98", "year": 1996 }, "geometry": { "type": "Point", "coordinates": [ -126.27931, 56.33935 ] } },
{ "type": "Feature", "properties": { "sample_id": "ID094D961294", "latitude": 56.40199, "longitude": -126.3546, "rock_class": "volcanic rocks", "rock_type": "basalt", "terrane": "Stikinia", "terrane_name": "Stikinia", "era": "Mesozoic", "copper_ppm": 152.9, "gold_ppm": 0.006699999809000001, "molybdenum_ppm": 2.98, "arsenic_ppm": 63.90000153, "cobalt_ppm": 24.8, "score_porphyry": 1.4843955631656094, "rank_porphyry": 641, "dist_to_fault_km": 0.61, "dist_to_terrane_boundary_km": 5.08, "grid_id": "126_97", "year": 1996 }, "geometry": { "type": "Point", "coordinates": [ -126.3546, 56.40199 ] } },
{ "type": "Feature", "properties": { "sample_id": "ID094D961304", "latitude": 56.48387, "longitude": -126.09203, "rock_class": "volcanic rocks", "rock_type": "undivided volcanic rocks", "terrane": "Quesnellia", "terrane_name": "Quesnellia", "era": "Mesozoic", "copper_ppm": 270.11, "gold_ppm": 0.05309999847000001, "molybdenum_ppm": 1.86, "arsenic_ppm": 24.39999962, "cobalt_ppm": 38.4, "score_porphyry": 1.8132243517845754, "rank_porphyry": 358, "dist_to_fault_km": 0.89, "dist_to_terrane_boundary_km": 13.01, "grid_id": "127_99", "year": 1996 }, "geometry": { "type": "Point", "coordinates": [ -126.09203, 56.48387 ] } },
{ "type": "Feature", "properties": { "sample_id": "ID094D961308", "latitude": 56.47866, "longitude": -126.0098, "rock_class": "volcanic rocks", "rock_type": "undivided volcanic rocks", "terrane": "Quesnellia", "terrane_name": "Quesnellia", "era": "Mesozoic", "copper_ppm": 117.84, "gold_ppm": 0.06569999695000001, "molybdenum_ppm": 3.04, "arsenic_ppm": 3.4000000950000002, "cobalt_ppm": 30.5, "score_porphyry": 1.4094556549748167, "rank_porphyry": 753, "dist_to_fault_km": 2.09, "dist_to_terrane_boundary_km": 17.05, "grid_id": "127_99", "year": 1996 }, "geometry": { "type": "Point", "coordinates": [ -126.0098, 56.47866 ] } },
{ "type": "Feature", "properties": { "sample_id": "ID094D961315", "latitude": 56.56141, "longitude": -126.06915, "rock_class": "volcanic rocks", "rock_type": "undivided volcanic rocks", "terrane": "Quesnellia", "terrane_name": "Quesnellia", "era": "Mesozoic", "copper_ppm": 184.4, "gold_ppm": 0.006800000191, "molybdenum_ppm": 3.31, "arsenic_ppm": 7.300000191, "cobalt_ppm": 31.2, "score_porphyry": 1.4240410377780082, "rank_porphyry": 733, "dist_to_fault_km": 4.14, "dist_to_terrane_boundary_km": 11.29, "grid_id": "128_99", "year": 1996 }, "geometry": { "type": "Point", "coordinates": [ -126.06915, 56.56141 ] } },
{ "type": "Feature", "properties": { "sample_id": "ID094D961316", "latitude": 56.52558, "longitude": -126.06908, "rock_class": "volcanic rocks", "rock_type": "undivided volcanic rocks", "terrane": "Quesnellia", "terrane_name": "Quesnellia", "era": "Mesozoic", "copper_ppm": 225.41, "gold_ppm": 0.01319999981, "molybdenum_ppm": 5.32, "arsenic_ppm": 2.5, "cobalt_ppm": 31.7, "score_porphyry": 1.6069504188643962, "rank_porphyry": 509, "dist_to_fault_km": 2.9, "dist_to_terrane_boundary_km": 14.6, "grid_id": "128_99", "year": 1996 }, "geometry": { "type": "Point", "coordinates": [ -126.06908, 56.52558 ] } },
{ "type": "Feature", "properties": { "sample_id": "ID094D961328", "latitude": 56.47049, "longitude": -126.24787, "rock_class": "volcanic rocks", "rock_type": "undivided volcanic rocks", "terrane": "Quesnellia", "terrane_name": "Quesnellia", "era": "Mesozoic", "copper_ppm": 134.44, "gold_ppm": 0.031, "molybdenum_ppm": 0.81, "arsenic_ppm": 74.0, "cobalt_ppm": 33.5, "score_porphyry": 1.3057599913219005, "rank_porphyry": 954, "dist_to_fault_km": 3.69, "dist_to_terrane_boundary_km": 3.4, "grid_id": "127_98", "year": 1996 }, "geometry": { "type": "Point", "coordinates": [ -126.24787, 56.47049 ] } },
{ "type": "Feature", "properties": { "sample_id": "ID094D961333", "latitude": 56.48236, "longitude": -126.10402, "rock_class": "volcanic rocks", "rock_type": "undivided volcanic rocks", "terrane": "Quesnellia", "terrane_name": "Quesnellia", "era": "Mesozoic", "copper_ppm": 343.86, "gold_ppm": 0.0215, "molybdenum_ppm": 2.54, "arsenic_ppm": 11.80000019, "cobalt_ppm": 59.4, "score_porphyry": 1.8580601319576664, "rank_porphyry": 326, "dist_to_fault_km": 0.15, "dist_to_terrane_boundary_km": 12.26, "grid_id": "127_99", "year": 1996 }, "geometry": { "type": "Point", "coordinates": [ -126.10402, 56.48236 ] } },
{ "type": "Feature", "properties": { "sample_id": "ID094D961347", "latitude": 56.52775, "longitude": -126.06655, "rock_class": "volcanic rocks", "rock_type": "undivided volcanic rocks", "terrane": "Quesnellia", "terrane_name": "Quesnellia", "era": "Mesozoic", "copper_ppm": 137.47, "gold_ppm": 0.005, "molybdenum_ppm": 7.19, "arsenic_ppm": 0.69999998799999996, "cobalt_ppm": 23.2, "score_porphyry": 1.3153506265959787, "rank_porphyry": 939, "dist_to_fault_km": 2.69, "dist_to_terrane_boundary_km": 14.31, "grid_id": "128_99", "year": 1996 }, "geometry": { "type": "Point", "coordinates": [ -126.06655, 56.52775 ] } },
{ "type": "Feature", "properties": { "sample_id": "ID094D961348", "latitude": 56.54942, "longitude": -126.16019, "rock_class": "intrusive rocks", "rock_type": "quartz dioritic intrusive rocks", "terrane": "Quesnellia", "terrane_name": "Quesnellia", "era": "Mesozoic", "copper_ppm": 187.85, "gold_ppm": 0.0775, "molybdenum_ppm": 3.42, "arsenic_ppm": 4.699999809, "cobalt_ppm": 28.9, "score_porphyry": 1.7266114149103047, "rank_porphyry": 415, "dist_to_fault_km": 1.11, "dist_to_terrane_boundary_km": 11.08, "grid_id": "128_99", "year": 1996 }, "geometry": { "type": "Point", "coordinates": [ -126.16019, 56.54942 ] } },
{ "type": "Feature", "properties": { "sample_id": "ID094D961350", "latitude": 56.56709, "longitude": -126.18369, "rock_class": "volcanic rocks", "rock_type": "undivided volcanic rocks", "terrane": "Quesnellia", "terrane_name": "Quesnellia", "era": "Mesozoic", "copper_ppm": 332.41, "gold_ppm": 0.05059999847, "molybdenum_ppm": 4.62, "arsenic_ppm": 6.0, "cobalt_ppm": 52.8, "score_porphyry": 2.0779848841427047, "rank_porphyry": 247, "dist_to_fault_km": 0.08, "dist_to_terrane_boundary_km": 10.26, "grid_id": "128_98", "year": 1996 }, "geometry": { "type": "Point", "coordinates": [ -126.18369, 56.56709 ] } },
{ "type": "Feature", "properties": { "sample_id": "ID094D961497", "latitude": 56.23474, "longitude": -127.23627, "rock_class": "sedimentary rocks", "rock_type": "undivided clastic rocks", "terrane": "Overlap", "terrane_name": "Stikinia", "era": "Mesozoic", "copper_ppm": 200.6, "gold_ppm": 0.0018999999759999999, "molybdenum_ppm": 76.13, "arsenic_ppm": 16.10000038, "cobalt_ppm": 16.4, "score_porphyry": 2.5247498934387953, "rank_porphyry": 143, "dist_to_fault_km": 7.69, "dist_to_terrane_boundary_km": 61.42, "grid_id": "124_92", "year": 1996 }, "geometry": { "type": "Point", "coordinates": [ -127.23627, 56.23474 ] } },
{ "type": "Feature", "properties": { "sample_id": "ID094D963122", "latitude": 56.09061, "longitude": -127.11904, "rock_class": "volcanic rocks", "rock_type": "undivided volcanic rocks", "terrane": "Stikinia", "terrane_name": "Stikinia", "era": "Mesozoic", "copper_ppm": 80.95, "gold_ppm": 0.02739999962, "molybdenum_ppm": 9.15, "arsenic_ppm": 125.4000015, "cobalt_ppm": 12.5, "score_porphyry": 1.6184084484678429, "rank_porphyry": 494, "dist_to_fault_km": 10.71, "dist_to_terrane_boundary_km": 55.81, "grid_id": "123_93", "year": 1996 }, "geometry": { "type": "Point", "coordinates": [ -127.11904, 56.09061 ] } },
{ "type": "Feature", "properties": { "sample_id": "ID094D963123", "latitude": 56.09061, "longitude": -127.11904, "rock_class": "volcanic rocks", "rock_type": "undivided volcanic rocks", "terrane": "Stikinia", "terrane_name": "Stikinia", "era": "Mesozoic", "copper_ppm": 82.07, "gold_ppm": 0.07569999695, "molybdenum_ppm": 9.17, "arsenic_ppm": 131.1000061, "cobalt_ppm": 13.2, "score_porphyry": 1.8671017361234727, "rank_porphyry": 319, "dist_to_fault_km": 10.71, "dist_to_terrane_boundary_km": 55.81, "grid_id": "123_93", "year": 1996 }, "geometry": { "type": "Point", "coordinates": [ -127.11904, 56.09061 ] } },
{ "type": "Feature", "properties": { "sample_id": "ID094D963129", "latitude": 56.0968, "longitude": -127.23893, "rock_class": "sedimentary rocks", "rock_type": "undivided clastic rocks", "terrane": "Stikinia", "terrane_name": "Stikinia", "era": "Mesozoic", "copper_ppm": 42.85, "gold_ppm": 0.0040999999050000003, "molybdenum_ppm": 16.24, "arsenic_ppm": 84.80000305, "cobalt_ppm": 14.1, "score_porphyry": 1.4065978443479086, "rank_porphyry": 767, "dist_to_fault_km": 7.53, "dist_to_terrane_boundary_km": 63.12, "grid_id": "123_92", "year": 1996 }, "geometry": { "type": "Point", "coordinates": [ -127.23893, 56.0968 ] } },
{ "type": "Feature", "properties": { "sample_id": "ID094D963172", "latitude": 56.14335, "longitude": -127.53348, "rock_class": "sedimentary rocks", "rock_type": "mudstone", "terrane": "Overlap", "terrane_name": "Stikinia", "era": "Mesozoic", "copper_ppm": 52.44, "gold_ppm": 0.2531000061, "molybdenum_ppm": 1.03, "arsenic_ppm": 13.80000019, "cobalt_ppm": 18.2, "score_porphyry": 1.6235681537188098, "rank_porphyry": 490, "dist_to_fault_km": 7.69, "dist_to_terrane_boundary_km": 80.77, "grid_id": "123_90", "year": 1996 }, "geometry": { "type": "Point", "coordinates": [ -127.53348, 56.14335 ] } },
{ "type": "Feature", "properties": { "sample_id": "ID094D963189", "latitude": 56.20235, "longitude": -127.1551, "rock_class": "sedimentary rocks", "rock_type": "undivided clastic rocks", "terrane": "Overlap", "terrane_name": "Stikinia", "era": "Mesozoic", "copper_ppm": 93.85, "gold_ppm": 0.0027999999519999997, "molybdenum_ppm": 4.17, "arsenic_ppm": 57.70000076, "cobalt_ppm": 21.5, "score_porphyry": 1.3127301944883087, "rank_porphyry": 946, "dist_to_fault_km": 7.62, "dist_to_terrane_boundary_km": 56.76, "grid_id": "124_92", "year": 1996 }, "geometry": { "type": "Point", "coordinates": [ -127.1551, 56.20235 ] } },
{ "type": "Feature", "properties": { "sample_id": "ID094D963382", "latitude": 56.69814, "longitude": -126.14773, "rock_class": "volcanic rocks", "rock_type": "undivided volcanic rocks", "terrane": "Quesnellia", "terrane_name": "Quesnellia", "era": "Mesozoic", "copper_ppm": 141.13, "gold_ppm": 0.004199999809, "molybdenum_ppm": 2.77, "arsenic_ppm": 4.699999809, "cobalt_ppm": 52.3, "score_porphyry": 1.2892993750146771, "rank_porphyry": 981, "dist_to_fault_km": 2.03, "dist_to_terrane_boundary_km": 3.62, "grid_id": "130_99", "year": 1996 }, "geometry": { "type": "Point", "coordinates": [ -126.14773, 56.69814 ] } },
{ "type": "Feature", "properties": { "sample_id": "ID094D963427", "latitude": 56.75449, "longitude": -126.34055, "rock_class": "volcanic rocks", "rock_type": "undivided volcanic rocks", "terrane": "Quesnellia", "terrane_name": "Quesnellia", "era": "Mesozoic", "copper_ppm": 2825.95, "gold_ppm": 0.0075, "molybdenum_ppm": 1.85, "arsenic_ppm": 5.5999999049999998, "cobalt_ppm": 46.5, "score_porphyry": 2.54545115620548, "rank_porphyry": 140, "dist_to_fault_km": 5.13, "dist_to_terrane_boundary_km": 5.15, "grid_id": "130_97", "year": 1996 }, "geometry": { "type": "Point", "coordinates": [ -126.34055, 56.75449 ] } },
{ "type": "Feature", "properties": { "sample_id": "ID094D965137", "latitude": 56.68521, "longitude": -127.02927, "rock_class": "sedimentary rocks", "rock_type": "sandstone", "terrane": "Overlap", "terrane_name": "Stikinia", "era": "Mesozoic", "copper_ppm": 31.9, "gold_ppm": 2.651699951, "molybdenum_ppm": 0.33, "arsenic_ppm": 2.0, "cobalt_ppm": 14.4, "score_porphyry": 6.3446769635730504, "rank_porphyry": 21, "dist_to_fault_km": 2.5, "dist_to_terrane_boundary_km": 37.64, "grid_id": "129_93", "year": 1996 }, "geometry": { "type": "Point", "coordinates": [ -127.02927, 56.68521 ] } },
{ "type": "Feature", "properties": { "sample_id": "ID094D965192", "latitude": 56.61978, "longitude": -126.87176, "rock_class": "volcanic rocks", "rock_type": "andesite", "terrane": "Stikinia", "terrane_name": "Stikinia", "era": "Mesozoic", "copper_ppm": 444.01, "gold_ppm": 0.01019999981, "molybdenum_ppm": 5.5, "arsenic_ppm": 51.79999924, "cobalt_ppm": 23.1, "score_porphyry": 2.1391676139520404, "rank_porphyry": 222, "dist_to_fault_km": 0.09, "dist_to_terrane_boundary_km": 29.71, "grid_id": "129_94", "year": 1996 }, "geometry": { "type": "Point", "coordinates": [ -126.87176, 56.61978 ] } },
{ "type": "Feature", "properties": { "sample_id": "ID094E961048", "latitude": 57.3501, "longitude": -127.04929, "rock_class": "volcanic and sedimentary rocks", "rock_type": "andesite", "terrane": "Stikinia", "terrane_name": "Stikinia", "era": "Mesozoic", "copper_ppm": 90.28, "gold_ppm": 0.043, "molybdenum_ppm": 5.68, "arsenic_ppm": 6.0, "cobalt_ppm": 27.5, "score_porphyry": 1.4093356983242105, "rank_porphyry": 756, "dist_to_fault_km": 0.14, "dist_to_terrane_boundary_km": 21.18, "grid_id": "137_93", "year": 1996 }, "geometry": { "type": "Point", "coordinates": [ -127.04929, 57.3501 ] } },
{ "type": "Feature", "properties": { "sample_id": "ID094E961062", "latitude": 57.39378, "longitude": -127.02046, "rock_class": "intrusive rocks", "rock_type": "intrusive rocks, undivided", "terrane": "Stikinia", "terrane_name": "Stikinia", "era": "Mesozoic", "copper_ppm": 130.73, "gold_ppm": 0.0075999999049999999, "molybdenum_ppm": 5.94, "arsenic_ppm": 9.5, "cobalt_ppm": 28.0, "score_porphyry": 1.4643701338905237, "rank_porphyry": 676, "dist_to_fault_km": 0.17, "dist_to_terrane_boundary_km": 16.89, "grid_id": "137_93", "year": 1996 }, "geometry": { "type": "Point", "coordinates": [ -127.02046, 57.39378 ] } },
{ "type": "Feature", "properties": { "sample_id": "ID094E961080", "latitude": 57.34855, "longitude": -127.03704, "rock_class": "volcanic rocks", "rock_type": "andesitic volcanic rocks", "terrane": "Stikinia", "terrane_name": "Stikinia", "era": "Mesozoic", "copper_ppm": 110.29, "gold_ppm": 0.01879999924, "molybdenum_ppm": 7.28, "arsenic_ppm": 8.899999619000001, "cobalt_ppm": 32.6, "score_porphyry": 1.5316127817502057, "rank_porphyry": 586, "dist_to_fault_km": 0.02, "dist_to_terrane_boundary_km": 20.68, "grid_id": "137_93", "year": 1996 }, "geometry": { "type": "Point", "coordinates": [ -127.03704, 57.34855 ] } },
{ "type": "Feature", "properties": { "sample_id": "ID094E961095", "latitude": 57.59167, "longitude": -127.47043, "rock_class": "volcanic and sedimentary rocks", "rock_type": "andesite", "terrane": "Stikinia", "terrane_name": "Stikinia", "era": "Mesozoic", "copper_ppm": 698.5, "gold_ppm": 0.03970000076, "molybdenum_ppm": 9.87, "arsenic_ppm": 8.800000191000001, "cobalt_ppm": 37.7, "score_porphyry": 2.5945596890859179, "rank_porphyry": 130, "dist_to_fault_km": 0.23, "dist_to_terrane_boundary_km": 22.28, "grid_id": "140_91", "year": 1996 }, "geometry": { "type": "Point", "coordinates": [ -127.47043, 57.59167 ] } },
{ "type": "Feature", "properties": { "sample_id": "ID094E961106", "latitude": 57.56014, "longitude": -127.17642, "rock_class": "sedimentary rocks", "rock_type": "marine sedimentary and volcanic rocks", "terrane": "Stikinia", "terrane_name": "Stikinia", "era": "Mesozoic", "copper_ppm": 254.72, "gold_ppm": 0.0135, "molybdenum_ppm": 3.22, "arsenic_ppm": 6.300000191, "cobalt_ppm": 16.1, "score_porphyry": 1.4680823462778669, "rank_porphyry": 670, "dist_to_fault_km": 1.12, "dist_to_terrane_boundary_km": 11.34, "grid_id": "139_92", "year": 1996 }, "geometry": { "type": "Point", "coordinates": [ -127.17642, 57.56014 ] } },
{ "type": "Feature", "properties": { "sample_id": "ID094E961108", "latitude": 57.57067, "longitude": -127.2623, "rock_class": "volcanic rocks", "rock_type": "mafic lava", "terrane": "Stikinia", "terrane_name": "Stikinia", "era": "Mesozoic", "copper_ppm": 48.63, "gold_ppm": 0.2956000061, "molybdenum_ppm": 1.92, "arsenic_ppm": 12.10000038, "cobalt_ppm": 10.1, "score_porphyry": 1.7865257249203117, "rank_porphyry": 368, "dist_to_fault_km": 0.32, "dist_to_terrane_boundary_km": 13.67, "grid_id": "139_92", "year": 1996 }, "geometry": { "type": "Point", "coordinates": [ -127.2623, 57.57067 ] } },
{ "type": "Feature", "properties": { "sample_id": "ID094E961115", "latitude": 57.66196, "longitude": -127.37462, "rock_class": "volcanic and sedimentary rocks", "rock_type": "andesite", "terrane": "Stikinia", "terrane_name": "Stikinia", "era": "Mesozoic", "copper_ppm": 276.99, "gold_ppm": 0.007, "molybdenum_ppm": 1.07, "arsenic_ppm": 11.80000019, "cobalt_ppm": 26.5, "score_porphyry": 1.3407012047059002, "rank_porphyry": 886, "dist_to_fault_km": 1.17, "dist_to_terrane_boundary_km": 12.98, "grid_id": "140_91", "year": 1996 }, "geometry": { "type": "Point", "coordinates": [ -127.37462, 57.66196 ] } },
{ "type": "Feature", "properties": { "sample_id": "ID094E961131", "latitude": 57.6504, "longitude": -127.30251, "rock_class": "sedimentary rocks", "rock_type": "undivided sedimentary rocks", "terrane": "Stikinia", "terrane_name": "Stikinia", "era": "Paleozoic", "copper_ppm": 174.49, "gold_ppm": 0.02310000038, "molybdenum_ppm": 2.1, "arsenic_ppm": 24.5, "cobalt_ppm": 21.5, "score_porphyry": 1.4046432267104429, "rank_porphyry": 771, "dist_to_fault_km": 0.22, "dist_to_terrane_boundary_km": 10.34, "grid_id": "140_92", "year": 1996 }, "geometry": { "type": "Point", "coordinates": [ -127.30251, 57.6504 ] } },
{ "type": "Feature", "properties": { "sample_id": "ID094E961151", "latitude": 57.45349, "longitude": -126.98219, "rock_class": "sedimentary rocks", "rock_type": "marine sedimentary and volcanic rocks", "terrane": "Stikinia", "terrane_name": "Stikinia", "era": "Mesozoic", "copper_ppm": 215.22, "gold_ppm": 0.005699999809000001, "molybdenum_ppm": 1.31, "arsenic_ppm": 77.90000153, "cobalt_ppm": 20.6, "score_porphyry": 1.4107729696572227, "rank_porphyry": 750, "dist_to_fault_km": 1.16, "dist_to_terrane_boundary_km": 11.07, "grid_id": "138_94", "year": 1996 }, "geometry": { "type": "Point", "coordinates": [ -126.98219, 57.45349 ] } },
{ "type": "Feature", "properties": { "sample_id": "ID094E961152", "latitude": 57.45349, "longitude": -126.98219, "rock_class": "sedimentary rocks", "rock_type": "marine sedimentary and volcanic rocks", "terrane": "Stikinia", "terrane_name": "Stikinia", "era": "Mesozoic", "copper_ppm": 228.01, "gold_ppm": 0.3197000122, "molybdenum_ppm": 1.25, "arsenic_ppm": 65.90000153, "cobalt_ppm": 20.1, "score_porphyry": 2.7545036897700461, "rank_porphyry": 109, "dist_to_fault_km": 1.16, "dist_to_terrane_boundary_km": 11.07, "grid_id": "138_94", "year": 1996 }, "geometry": { "type": "Point", "coordinates": [ -126.98219, 57.45349 ] } },
{ "type": "Feature", "properties": { "sample_id": "ID094E961177", "latitude": 57.77912, "longitude": -127.5882, "rock_class": "metamorphic rocks", "rock_type": "meta-volcanic and meta-sedimentary rocks", "terrane": "Stikinia", "terrane_name": "Stikinia", "era": "Paleozoic", "copper_ppm": 174.62, "gold_ppm": 0.01430000019, "molybdenum_ppm": 7.22, "arsenic_ppm": 11.80000019, "cobalt_ppm": 15.8, "score_porphyry": 1.6167001009038486, "rank_porphyry": 498, "dist_to_fault_km": 3.57, "dist_to_terrane_boundary_km": 13.01, "grid_id": "142_90", "year": 1996 }, "geometry": { "type": "Point", "coordinates": [ -127.5882, 57.77912 ] } },
{ "type": "Feature", "properties": { "sample_id": "ID094E961180", "latitude": 57.7929, "longitude": -127.46492, "rock_class": "intrusive rocks", "rock_type": "undivided intrusive rocks", "terrane": "Post Accretionary", "terrane_name": "Stikinia", "era": "Mesozoic", "copper_ppm": 106.93, "gold_ppm": 0.01989999962, "molybdenum_ppm": 3.34, "arsenic_ppm": 20.70000076, "cobalt_ppm": 49.1, "score_porphyry": 1.4255541145632802, "rank_porphyry": 728, "dist_to_fault_km": 5.71, "dist_to_terrane_boundary_km": 6.56, "grid_id": "142_91", "year": 1996 }, "geometry": { "type": "Point", "coordinates": [ -127.46492, 57.7929 ] } },
{ "type": "Feature", "properties": { "sample_id": "ID094E961243", "latitude": 57.8797, "longitude": -127.90348, "rock_class": "intrusive rocks", "rock_type": "monzodiorite", "terrane": "Post Accretionary", "terrane_name": "Stikinia", "era": "Mesozoic", "copper_ppm": 95.83, "gold_ppm": 0.0025, "molybdenum_ppm": 10.3, "arsenic_ppm": 4.5, "cobalt_ppm": 12.5, "score_porphyry": 1.2851779890013777, "rank_porphyry": 993, "dist_to_fault_km": 2.16, "dist_to_terrane_boundary_km": 15.66, "grid_id": "143_88", "year": 1996 }, "geometry": { "type": "Point", "coordinates": [ -127.90348, 57.8797 ] } },
{ "type": "Feature", "properties": { "sample_id": "ID094E961247", "latitude": 57.79932, "longitude": -127.72915, "rock_class": "metamorphic rocks", "rock_type": "meta-volcanic and meta-sedimentary rocks", "terrane": "Stikinia", "terrane_name": "Stikinia", "era": "Paleozoic", "copper_ppm": 134.77, "gold_ppm": 0.01069999981, "molybdenum_ppm": 7.33, "arsenic_ppm": 129.6000061, "cobalt_ppm": 18.2, "score_porphyry": 1.7550028049397004, "rank_porphyry": 392, "dist_to_fault_km": 0.05, "dist_to_terrane_boundary_km": 16.09, "grid_id": "142_89", "year": 1996 }, "geometry": { "type": "Point", "coordinates": [ -127.72915, 57.79932 ] } },
{ "type": "Feature", "properties": { "sample_id": "ID094E961286", "latitude": 57.95544, "longitude": -127.25709, "rock_class": "intrusive rocks", "rock_type": "granodioritic intrusive rocks", "terrane": "Quesnellia", "terrane_name": "Quesnellia", "era": "Mesozoic", "copper_ppm": 545.25, "gold_ppm": 0.009600000381, "molybdenum_ppm": 4.18, "arsenic_ppm": 0.89999997600000003, "cobalt_ppm": 19.1, "score_porphyry": 1.7599042995936838, "rank_porphyry": 385, "dist_to_fault_km": 8.92, "dist_to_terrane_boundary_km": 14.74, "grid_id": "144_92", "year": 1996 }, "geometry": { "type": "Point", "coordinates": [ -127.25709, 57.95544 ] } },
{ "type": "Feature", "properties": { "sample_id": "ID094E961292", "latitude": 57.43666, "longitude": -127.12529, "rock_class": "intrusive rocks", "rock_type": "undivided intrusive rocks", "terrane": "Post Accretionary", "terrane_name": "Stikinia", "era": "Mesozoic", "copper_ppm": 183.31, "gold_ppm": 0.038, "molybdenum_ppm": 2.33, "arsenic_ppm": 7.199999809, "cobalt_ppm": 9.7, "score_porphyry": 1.2750210101627042, "rank_porphyry": 1014, "dist_to_fault_km": 0.47, "dist_to_terrane_boundary_km": 19.24, "grid_id": "138_93", "year": 1996 }, "geometry": { "type": "Point", "coordinates": [ -127.12529, 57.43666 ] } },
{ "type": "Feature", "properties": { "sample_id": "ID094E961368", "latitude": 57.92438, "longitude": -127.37583, "rock_class": "intrusive rocks", "rock_type": "granodioritic intrusive rocks", "terrane": "Quesnellia", "terrane_name": "Quesnellia", "era": "Mesozoic", "copper_ppm": 260.75, "gold_ppm": 0.04179999924, "molybdenum_ppm": 8.22, "arsenic_ppm": 1.7999999520000001, "cobalt_ppm": 12.8, "score_porphyry": 1.7804329342906327, "rank_porphyry": 373, "dist_to_fault_km": 2.06, "dist_to_terrane_boundary_km": 7.21, "grid_id": "143_91", "year": 1996 }, "geometry": { "type": "Point", "coordinates": [ -127.37583, 57.92438 ] } },
{ "type": "Feature", "properties": { "sample_id": "ID094E961374", "latitude": 57.96078, "longitude": -127.2545, "rock_class": "intrusive rocks", "rock_type": "granodioritic intrusive rocks", "terrane": "Quesnellia", "terrane_name": "Quesnellia", "era": "Mesozoic", "copper_ppm": 813.17, "gold_ppm": 0.01289999962, "molybdenum_ppm": 48.19, "arsenic_ppm": 1.0, "cobalt_ppm": 8.2, "score_porphyry": 2.6975588689908205, "rank_porphyry": 119, "dist_to_fault_km": 8.33, "dist_to_terrane_boundary_km": 15.25, "grid_id": "144_92", "year": 1996 }, "geometry": { "type": "Point", "coordinates": [ -127.2545, 57.96078 ] } },
{ "type": "Feature", "properties": { "sample_id": "ID094E961389", "latitude": 57.48278, "longitude": -127.12358, "rock_class": "sedimentary rocks", "rock_type": "marine sedimentary and volcanic rocks", "terrane": "Stikinia", "terrane_name": "Stikinia", "era": "Mesozoic", "copper_ppm": 245.41, "gold_ppm": 0.01530000019, "molybdenum_ppm": 6.34, "arsenic_ppm": 12.10000038, "cobalt_ppm": 13.9, "score_porphyry": 1.7119517709741789, "rank_porphyry": 424, "dist_to_fault_km": 0.07, "dist_to_terrane_boundary_km": 16.45, "grid_id": "138_93", "year": 1996 }, "geometry": { "type": "Point", "coordinates": [ -127.12358, 57.48278 ] } },
{ "type": "Feature", "properties": { "sample_id": "ID094E961407", "latitude": 57.77072, "longitude": -126.91742, "rock_class": "intrusive rocks", "rock_type": "granodioritic intrusive rocks", "terrane": "Quesnellia", "terrane_name": "Quesnellia", "era": "Mesozoic", "copper_ppm": 2445.01, "gold_ppm": 0.006699999809000001, "molybdenum_ppm": 9.44, "arsenic_ppm": 3.7000000480000002, "cobalt_ppm": 305.3, "score_porphyry": 3.2771720557231072, "rank_porphyry": 67, "dist_to_fault_km": 8.39, "dist_to_terrane_boundary_km": 11.66, "grid_id": "142_94", "year": 1996 }, "geometry": { "type": "Point", "coordinates": [ -126.91742, 57.77072 ] } },
{ "type": "Feature", "properties": { "sample_id": "ID094E961419", "latitude": 57.70603, "longitude": -126.84264, "rock_class": "intrusive rocks", "rock_type": "granodioritic intrusive rocks", "terrane": "Quesnellia", "terrane_name": "Quesnellia", "era": "Mesozoic", "copper_ppm": 188.96, "gold_ppm": 0.009100000381, "molybdenum_ppm": 1.89, "arsenic_ppm": 19.5, "cobalt_ppm": 26.8, "score_porphyry": 1.3596533246931866, "rank_porphyry": 843, "dist_to_fault_km": 5.28, "dist_to_terrane_boundary_km": 10.44, "grid_id": "141_94", "year": 1996 }, "geometry": { "type": "Point", "coordinates": [ -126.84264, 57.70603 ] } },
{ "type": "Feature", "properties": { "sample_id": "ID094E961423", "latitude": 57.77228, "longitude": -127.06894, "rock_class": "intrusive rocks", "rock_type": "granodioritic intrusive rocks", "terrane": "Quesnellia", "terrane_name": "Quesnellia", "era": "Mesozoic", "copper_ppm": 300.63, "gold_ppm": 0.01460000038, "molybdenum_ppm": 5.94, "arsenic_ppm": 2.7999999519999998, "cobalt_ppm": 50.3, "score_porphyry": 1.8689354150454005, "rank_porphyry": 318, "dist_to_fault_km": 5.19, "dist_to_terrane_boundary_km": 8.95, "grid_id": "142_93", "year": 1996 }, "geometry": { "type": "Point", "coordinates": [ -127.06894, 57.77228 ] } },
{ "type": "Feature", "properties": { "sample_id": "ID094E961430", "latitude": 57.73721, "longitude": -126.90209, "rock_class": "intrusive rocks", "rock_type": "granodioritic intrusive rocks", "terrane": "Quesnellia", "terrane_name": "Quesnellia", "era": "Mesozoic", "copper_ppm": 252.66, "gold_ppm": 0.016, "molybdenum_ppm": 2.18, "arsenic_ppm": 18.29999924, "cobalt_ppm": 28.2, "score_porphyry": 1.5640096427877304, "rank_porphyry": 556, "dist_to_fault_km": 7.08, "dist_to_terrane_boundary_km": 12.31, "grid_id": "141_94", "year": 1996 }, "geometry": { "type": "Point", "coordinates": [ -126.90209, 57.73721 ] } },
{ "type": "Feature", "properties": { "sample_id": "ID094E961442", "latitude": 57.73093, "longitude": -127.05747, "rock_class": "intrusive rocks", "rock_type": "granodioritic intrusive rocks", "terrane": "Quesnellia", "terrane_name": "Quesnellia", "era": "Mesozoic", "copper_ppm": 159.75, "gold_ppm": 0.0045, "molybdenum_ppm": 6.29, "arsenic_ppm": 0.69999998799999996, "cobalt_ppm": 24.7, "score_porphyry": 1.3459068456933247, "rank_porphyry": 875, "dist_to_fault_km": 2.81, "dist_to_terrane_boundary_km": 6.72, "grid_id": "141_93", "year": 1996 }, "geometry": { "type": "Point", "coordinates": [ -127.05747, 57.73093 ] } },
{ "type": "Feature", "properties": { "sample_id": "ID094E961469", "latitude": 57.69939, "longitude": -126.60774, "rock_class": "intrusive rocks", "rock_type": "quartz monzonitic intrusive rocks", "terrane": "Post Accretionary", "terrane_name": "Cassiar", "era": "Mesozoic", "copper_ppm": 53.63, "gold_ppm": 0.001, "molybdenum_ppm": 15.77, "arsenic_ppm": 0.5, "cobalt_ppm": 65.9, "score_porphyry": 1.321127478111225, "rank_porphyry": 930, "dist_to_fault_km": 1.93, "dist_to_terrane_boundary_km": 2.2, "grid_id": "141_96", "year": 1996 }, "geometry": { "type": "Point", "coordinates": [ -126.60774, 57.69939 ] } },
{ "type": "Feature", "properties": { "sample_id": "ID094E963128", "latitude": 57.46884, "longitude": -126.92258, "rock_class": "sedimentary rocks", "rock_type": "marine sedimentary and volcanic rocks", "terrane": "Stikinia", "terrane_name": "Stikinia", "era": "Mesozoic", "copper_ppm": 299.52, "gold_ppm": 0.01510000038, "molybdenum_ppm": 3.9, "arsenic_ppm": 621.4000244, "cobalt_ppm": 29.6, "score_porphyry": 2.1768662342035041, "rank_porphyry": 211, "dist_to_fault_km": 1.81, "dist_to_terrane_boundary_km": 7.18, "grid_id": "138_94", "year": 1996 }, "geometry": { "type": "Point", "coordinates": [ -126.92258, 57.46884 ] } },
{ "type": "Feature", "properties": { "sample_id": "ID094E963195", "latitude": 57.32671, "longitude": -126.9446, "rock_class": "intrusive rocks", "rock_type": "undivided intrusive rocks", "terrane": "Post Accretionary", "terrane_name": "Stikinia", "era": "Mesozoic", "copper_ppm": 585.27, "gold_ppm": 0.18, "molybdenum_ppm": 6.07, "arsenic_ppm": 11.69999981, "cobalt_ppm": 17.5, "score_porphyry": 2.8716937722408558, "rank_porphyry": 92, "dist_to_fault_km": 0.02, "dist_to_terrane_boundary_km": 17.61, "grid_id": "137_94", "year": 1996 }, "geometry": { "type": "Point", "coordinates": [ -126.9446, 57.32671 ] } },
{ "type": "Feature", "properties": { "sample_id": "ID094E963198", "latitude": 57.29855, "longitude": -126.78175, "rock_class": "sedimentary rocks", "rock_type": "marine sedimentary and volcanic rocks", "terrane": "Stikinia", "terrane_name": "Stikinia", "era": "Mesozoic", "copper_ppm": 120.31, "gold_ppm": 0.01330000019, "molybdenum_ppm": 6.97, "arsenic_ppm": 8.199999809, "cobalt_ppm": 33.0, "score_porphyry": 1.5233527257954611, "rank_porphyry": 595, "dist_to_fault_km": 0.0, "dist_to_terrane_boundary_km": 11.49, "grid_id": "136_95", "year": 1996 }, "geometry": { "type": "Point", "coordinates": [ -126.78175, 57.29855 ] } },
{ "type": "Feature", "properties": { "sample_id": "ID094E963200", "latitude": 57.3258, "longitude": -126.74753, "rock_class": "sedimentary rocks", "rock_type": "marine sedimentary and volcanic rocks", "terrane": "Stikinia", "terrane_name": "Stikinia", "era": "Mesozoic", "copper_ppm": 217.0, "gold_ppm": 0.0060999999050000003, "molybdenum_ppm": 2.92, "arsenic_ppm": 3.9000000950000002, "cobalt_ppm": 22.6, "score_porphyry": 1.3464207131523298, "rank_porphyry": 873, "dist_to_fault_km": 2.98, "dist_to_terrane_boundary_km": 8.08, "grid_id": "137_95", "year": 1996 }, "geometry": { "type": "Point", "coordinates": [ -126.74753, 57.3258 ] } },
{ "type": "Feature", "properties": { "sample_id": "ID094E963209", "latitude": 57.26754, "longitude": -127.07278, "rock_class": "intrusive rocks", "rock_type": "undivided intrusive rocks", "terrane": "Post Accretionary", "terrane_name": "Stikinia", "era": "Mesozoic", "copper_ppm": 468.84, "gold_ppm": 1.1585, "molybdenum_ppm": 8.51, "arsenic_ppm": 32.29999924, "cobalt_ppm": 65.5, "score_porphyry": 6.2148786277572317, "rank_porphyry": 22, "dist_to_fault_km": 0.79, "dist_to_terrane_boundary_km": 27.74, "grid_id": "136_93", "year": 1996 }, "geometry": { "type": "Point", "coordinates": [ -127.07278, 57.26754 ] } },
{ "type": "Feature", "properties": { "sample_id": "ID094E963215", "latitude": 57.26424, "longitude": -126.87251, "rock_class": "sedimentary and volcanic rocks", "rock_type": "marine sedimentary and volcanic rocks", "terrane": "Stikinia", "terrane_name": "Stikinia", "era": "Mesozoic", "copper_ppm": 184.39, "gold_ppm": 0.01380000019, "molybdenum_ppm": 50.84, "arsenic_ppm": 14.10000038, "cobalt_ppm": 16.6, "score_porphyry": 2.380031210922942, "rank_porphyry": 167, "dist_to_fault_km": 0.62, "dist_to_terrane_boundary_km": 18.17, "grid_id": "136_94", "year": 1996 }, "geometry": { "type": "Point", "coordinates": [ -126.87251, 57.26424 ] } },
{ "type": "Feature", "properties": { "sample_id": "ID094E963216", "latitude": 57.27305, "longitude": -126.89381, "rock_class": "intrusive rocks", "rock_type": "undivided intrusive rocks", "terrane": "Post Accretionary", "terrane_name": "Stikinia", "era": "Mesozoic", "copper_ppm": 81.11, "gold_ppm": 0.01829999924, "molybdenum_ppm": 17.39, "arsenic_ppm": 8.399999619000001, "cobalt_ppm": 4.5, "score_porphyry": 1.3735574698717965, "rank_porphyry": 823, "dist_to_fault_km": 0.02, "dist_to_terrane_boundary_km": 18.67, "grid_id": "136_94", "year": 1996 }, "geometry": { "type": "Point", "coordinates": [ -126.89381, 57.27305 ] } },
{ "type": "Feature", "properties": { "sample_id": "ID094E963224", "latitude": 57.35638, "longitude": -126.97652, "rock_class": "intrusive rocks", "rock_type": "undivided intrusive rocks", "terrane": "Post Accretionary", "terrane_name": "Stikinia", "era": "Mesozoic", "copper_ppm": 100.91, "gold_ppm": 0.07159999847000001, "molybdenum_ppm": 7.28, "arsenic_ppm": 15.10000038, "cobalt_ppm": 28.4, "score_porphyry": 1.7698555281233657, "rank_porphyry": 380, "dist_to_fault_km": 0.1, "dist_to_terrane_boundary_km": 17.21, "grid_id": "137_94", "year": 1996 }, "geometry": { "type": "Point", "coordinates": [ -126.97652, 57.35638 ] } },
{ "type": "Feature", "properties": { "sample_id": "ID094E963232", "latitude": 57.30944, "longitude": -126.81108, "rock_class": "sedimentary and volcanic rocks", "rock_type": "marine sedimentary and volcanic rocks", "terrane": "Stikinia", "terrane_name": "Stikinia", "era": "Mesozoic", "copper_ppm": 76.35, "gold_ppm": 0.0074000000950000004, "molybdenum_ppm": 8.89, "arsenic_ppm": 7.300000191, "cobalt_ppm": 53.8, "score_porphyry": 1.4487957345661431, "rank_porphyry": 699, "dist_to_fault_km": 0.68, "dist_to_terrane_boundary_km": 12.27, "grid_id": "136_95", "year": 1996 }, "geometry": { "type": "Point", "coordinates": [ -126.81108, 57.30944 ] } },
{ "type": "Feature", "properties": { "sample_id": "ID094E963234", "latitude": 57.32479, "longitude": -126.75861, "rock_class": "sedimentary rocks", "rock_type": "marine sedimentary and volcanic rocks", "terrane": "Stikinia", "terrane_name": "Stikinia", "era": "Mesozoic", "copper_ppm": 309.04, "gold_ppm": 0.01410000038, "molybdenum_ppm": 4.7, "arsenic_ppm": 5.9000000950000002, "cobalt_ppm": 14.6, "score_porphyry": 1.6527776824840164, "rank_porphyry": 467, "dist_to_fault_km": 2.89, "dist_to_terrane_boundary_km": 8.7, "grid_id": "137_95", "year": 1996 }, "geometry": { "type": "Point", "coordinates": [ -126.75861, 57.32479 ] } },
{ "type": "Feature", "properties": { "sample_id": "ID094E963242", "latitude": 57.3494, "longitude": -126.77729, "rock_class": "sedimentary rocks", "rock_type": "marine sedimentary and volcanic rocks", "terrane": "Stikinia", "terrane_name": "Stikinia", "era": "Mesozoic", "copper_ppm": 91.55, "gold_ppm": 0.06730000305, "molybdenum_ppm": 5.26, "arsenic_ppm": 14.30000019, "cobalt_ppm": 13.1, "score_porphyry": 1.4612602489559892, "rank_porphyry": 682, "dist_to_fault_km": 2.62, "dist_to_terrane_boundary_km": 8.07, "grid_id": "137_95", "year": 1996 }, "geometry": { "type": "Point", "coordinates": [ -126.77729, 57.3494 ] } },
{ "type": "Feature", "properties": { "sample_id": "ID094E963272", "latitude": 57.24394, "longitude": -127.00975, "rock_class": "volcanic and sedimentary rocks", "rock_type": "andesite", "terrane": "Stikinia", "terrane_name": "Stikinia", "era": "Mesozoic", "copper_ppm": 33.6, "gold_ppm": 0.5312000122, "molybdenum_ppm": 0.57, "arsenic_ppm": 4.800000191, "cobalt_ppm": 8.2, "score_porphyry": 2.092930150844154, "rank_porphyry": 239, "dist_to_fault_km": 0.44, "dist_to_terrane_boundary_km": 26.27, "grid_id": "136_93", "year": 1996 }, "geometry": { "type": "Point", "coordinates": [ -127.00975, 57.24394 ] } },
{ "type": "Feature", "properties": { "sample_id": "ID094E963387", "latitude": 57.23424, "longitude": -126.75334, "rock_class": "sedimentary and volcanic rocks", "rock_type": "marine sedimentary and volcanic rocks", "terrane": "Stikinia", "terrane_name": "Stikinia", "era": "Mesozoic", "copper_ppm": 88.71, "gold_ppm": 0.007300000191, "molybdenum_ppm": 9.58, "arsenic_ppm": 6.800000191, "cobalt_ppm": 46.6, "score_porphyry": 1.5100002405329707, "rank_porphyry": 614, "dist_to_fault_km": 2.77, "dist_to_terrane_boundary_km": 10.89, "grid_id": "136_95", "year": 1996 }, "geometry": { "type": "Point", "coordinates": [ -126.75334, 57.23424 ] } },
{ "type": "Feature", "properties": { "sample_id": "ID094E963388", "latitude": 57.25203, "longitude": -126.68615, "rock_class": "intrusive rocks", "rock_type": "intrusive rocks, undivided", "terrane": "Quesnellia", "terrane_name": "Stikinia", "era": "Mesozoic", "copper_ppm": 741.94, "gold_ppm": 0.01239999962, "molybdenum_ppm": 3.63, "arsenic_ppm": 5.699999809, "cobalt_ppm": 10.7, "score_porphyry": 1.9049265686029628, "rank_porphyry": 304, "dist_to_fault_km": 0.07, "dist_to_terrane_boundary_km": 6.98, "grid_id": "136_95", "year": 1996 }, "geometry": { "type": "Point", "coordinates": [ -126.68615, 57.25203 ] } },
{ "type": "Feature", "properties": { "sample_id": "ID094E963392", "latitude": 57.36544, "longitude": -126.64635, "rock_class": "sedimentary rocks", "rock_type": "marine sedimentary and volcanic rocks", "terrane": "Stikinia", "terrane_name": "Stikinia", "era": "Mesozoic", "copper_ppm": 216.77, "gold_ppm": 0.0045999999049999999, "molybdenum_ppm": 9.0, "arsenic_ppm": 20.39999962, "cobalt_ppm": 11.5, "score_porphyry": 1.7437174015121557, "rank_porphyry": 401, "dist_to_fault_km": 0.35, "dist_to_terrane_boundary_km": 0.57, "grid_id": "137_96", "year": 1996 }, "geometry": { "type": "Point", "coordinates": [ -126.64635, 57.36544 ] } },
{ "type": "Feature", "properties": { "sample_id": "ID094E963418", "latitude": 57.13939, "longitude": -126.97015, "rock_class": "volcanic rocks", "rock_type": "mafic lava", "terrane": "Stikinia", "terrane_name": "Stikinia", "era": "Mesozoic", "copper_ppm": 666.96, "gold_ppm": 0.02539999962, "molybdenum_ppm": 1.09, "arsenic_ppm": 4.0, "cobalt_ppm": 13.7, "score_porphyry": 1.6210392218085623, "rank_porphyry": 491, "dist_to_fault_km": 3.09, "dist_to_terrane_boundary_km": 23.46, "grid_id": "135_94", "year": 1996 }, "geometry": { "type": "Point", "coordinates": [ -126.97015, 57.13939 ] } },
{ "type": "Feature", "properties": { "sample_id": "ID094E965052", "latitude": 57.08535, "longitude": -126.74436, "rock_class": "volcanic rocks", "rock_type": "undivided volcanic rocks", "terrane": "Stikinia", "terrane_name": "Stikinia", "era": "Mesozoic", "copper_ppm": 76.28, "gold_ppm": 0.1511999969, "molybdenum_ppm": 8.26, "arsenic_ppm": 13.89999962, "cobalt_ppm": 5.1, "score_porphyry": 1.7554401861458417, "rank_porphyry": 390, "dist_to_fault_km": 1.73, "dist_to_terrane_boundary_km": 11.18, "grid_id": "134_95", "year": 1996 }, "geometry": { "type": "Point", "coordinates": [ -126.74436, 57.08535 ] } },
{ "type": "Feature", "properties": { "sample_id": "ID094E965060", "latitude": 57.07476, "longitude": -126.78993, "rock_class": "volcanic rocks", "rock_type": "undivided volcanic rocks", "terrane": "Stikinia", "terrane_name": "Stikinia", "era": "Mesozoic", "copper_ppm": 3090.07, "gold_ppm": 0.051, "molybdenum_ppm": 64.7, "arsenic_ppm": 4.5, "cobalt_ppm": 141.5, "score_porphyry": 4.1918929638936957, "rank_porphyry": 43, "dist_to_fault_km": 1.54, "dist_to_terrane_boundary_km": 14.14, "grid_id": "134_95", "year": 1996 }, "geometry": { "type": "Point", "coordinates": [ -126.78993, 57.07476 ] } },
{ "type": "Feature", "properties": { "sample_id": "ID094E965068", "latitude": 57.02289, "longitude": -126.74404, "rock_class": "volcanic rocks", "rock_type": "undivided volcanic rocks", "terrane": "Stikinia", "terrane_name": "Stikinia", "era": "Mesozoic", "copper_ppm": 99.78, "gold_ppm": 0.01629999924, "molybdenum_ppm": 4.69, "arsenic_ppm": 52.09999847, "cobalt_ppm": 16.1, "score_porphyry": 1.3844052296123142, "rank_porphyry": 804, "dist_to_fault_km": 1.27, "dist_to_terrane_boundary_km": 12.78, "grid_id": "133_95", "year": 1996 }, "geometry": { "type": "Point", "coordinates": [ -126.74404, 57.02289 ] } },
{ "type": "Feature", "properties": { "sample_id": "ID094L951007", "latitude": 58.80848, "longitude": -127.11819, "rock_class": "sedimentary rocks", "rock_type": "mudstone/laminite fine clastic sedimentary rocks", "terrane": "North America - basinal strata", "terrane_name": "North America - basinal strata", "era": "Paleozoic", "copper_ppm": 74.77, "gold_ppm": 0.00010000000150000001, "molybdenum_ppm": 18.64, "arsenic_ppm": 19.70000076, "cobalt_ppm": 7.6, "score_porphyry": 1.4356162573673303, "rank_porphyry": 718, "dist_to_fault_km": 2.77, "dist_to_terrane_boundary_km": 4.93, "grid_id": "153_93", "year": 1995 }, "geometry": { "type": "Point", "coordinates": [ -127.11819, 58.80848 ] } },
{ "type": "Feature", "properties": { "sample_id": "ID094L951008", "latitude": 58.80848, "longitude": -127.11819, "rock_class": "sedimentary rocks", "rock_type": "mudstone/laminite fine clastic sedimentary rocks", "terrane": "North America - basinal strata", "terrane_name": "North America - basinal strata", "era": "Paleozoic", "copper_ppm": 67.13, "gold_ppm": 0.0005, "molybdenum_ppm": 16.57, "arsenic_ppm": 19.39999962, "cobalt_ppm": 8.2, "score_porphyry": 1.3566950190054099, "rank_porphyry": 853, "dist_to_fault_km": 2.77, "dist_to_terrane_boundary_km": 4.93, "grid_id": "153_93", "year": 1995 }, "geometry": { "type": "Point", "coordinates": [ -127.11819, 58.80848 ] } },
{ "type": "Feature", "properties": { "sample_id": "ID094L951011", "latitude": 58.82632, "longitude": -126.99217, "rock_class": "sedimentary rocks", "rock_type": "mudstone, siltstone, shale fine clastic sedimentary rocks", "terrane": "North America - basinal strata", "terrane_name": "North America - basinal strata", "era": "Paleozoic", "copper_ppm": 85.41, "gold_ppm": 0.0037999999519999998, "molybdenum_ppm": 19.16, "arsenic_ppm": 70.5, "cobalt_ppm": 12.3, "score_porphyry": 1.7312731351571162, "rank_porphyry": 411, "dist_to_fault_km": 0.4, "dist_to_terrane_boundary_km": 12.02, "grid_id": "153_94", "year": 1995 }, "geometry": { "type": "Point", "coordinates": [ -126.99217, 58.82632 ] } },
{ "type": "Feature", "properties": { "sample_id": "ID094L951026", "latitude": 58.56029, "longitude": -126.59424, "rock_class": "sedimentary rocks", "rock_type": "quartzite, quartz arenite sedimentary rocks", "terrane": "North America - basinal strata", "terrane_name": "North America - basinal strata", "era": "Paleozoic", "copper_ppm": 107.41, "gold_ppm": 0.0022000000480000004, "molybdenum_ppm": 17.58, "arsenic_ppm": 15.5, "cobalt_ppm": 10.7, "score_porphyry": 1.6177456353333943, "rank_porphyry": 496, "dist_to_fault_km": 0.62, "dist_to_terrane_boundary_km": 15.0, "grid_id": "150_96", "year": 1995 }, "geometry": { "type": "Point", "coordinates": [ -126.59424, 58.56029 ] } },
{ "type": "Feature", "properties": { "sample_id": "ID094L951027", "latitude": 58.56029, "longitude": -126.59424, "rock_class": "sedimentary rocks", "rock_type": "quartzite, quartz arenite sedimentary rocks", "terrane": "North America - basinal strata", "terrane_name": "North America - basinal strata", "era": "Paleozoic", "copper_ppm": 106.14, "gold_ppm": 0.0022000000480000004, "molybdenum_ppm": 17.82, "arsenic_ppm": 15.30000019, "cobalt_ppm": 10.0, "score_porphyry": 1.6051221898531063, "rank_porphyry": 512, "dist_to_fault_km": 0.62, "dist_to_terrane_boundary_km": 15.0, "grid_id": "150_96", "year": 1995 }, "geometry": { "type": "Point", "coordinates": [ -126.59424, 58.56029 ] } },
{ "type": "Feature", "properties": { "sample_id": "ID094L951029", "latitude": 58.56187, "longitude": -126.63452, "rock_class": "sedimentary rocks", "rock_type": "mudstone/laminite fine clastic sedimentary rocks", "terrane": "North America - basinal strata", "terrane_name": "North America - basinal strata", "era": "Paleozoic", "copper_ppm": 103.34, "gold_ppm": 0.0022000000480000004, "molybdenum_ppm": 17.69, "arsenic_ppm": 22.10000038, "cobalt_ppm": 32.0, "score_porphyry": 1.8228329711984657, "rank_porphyry": 350, "dist_to_fault_km": 0.39, "dist_to_terrane_boundary_km": 13.09, "grid_id": "150_96", "year": 1995 }, "geometry": { "type": "Point", "coordinates": [ -126.63452, 58.56187 ] } },
{ "type": "Feature", "properties": { "sample_id": "ID094L951030", "latitude": 58.55898, "longitude": -126.65638, "rock_class": "sedimentary rocks", "rock_type": "fine clastic sedimentary rocks", "terrane": "North America - basinal strata", "terrane_name": "North America - basinal strata", "era": "Paleozoic", "copper_ppm": 86.14, "gold_ppm": 0.005800000191, "molybdenum_ppm": 8.39, "arsenic_ppm": 15.60000038, "cobalt_ppm": 11.3, "score_porphyry": 1.2810240180592842, "rank_porphyry": 1003, "dist_to_fault_km": 0.41, "dist_to_terrane_boundary_km": 11.83, "grid_id": "150_96", "year": 1995 }, "geometry": { "type": "Point", "coordinates": [ -126.65638, 58.55898 ] } },
{ "type": "Feature", "properties": { "sample_id": "ID094L951035", "latitude": 58.79523, "longitude": -127.0566, "rock_class": "sedimentary rocks", "rock_type": "mudstone, siltstone, shale fine clastic sedimentary rocks", "terrane": "North America - basinal strata", "terrane_name": "North America - basinal strata", "era": "Paleozoic", "copper_ppm": 57.39, "gold_ppm": 0.0018999999759999999, "molybdenum_ppm": 38.1, "arsenic_ppm": 28.39999962, "cobalt_ppm": 20.6, "score_porphyry": 1.7951111159916378, "rank_porphyry": 365, "dist_to_fault_km": 3.4, "dist_to_terrane_boundary_km": 6.98, "grid_id": "153_93", "year": 1995 }, "geometry": { "type": "Point", "coordinates": [ -127.0566, 58.79523 ] } },
{ "type": "Feature", "properties": { "sample_id": "ID094L951036", "latitude": 58.79691, "longitude": -127.02179, "rock_class": "sedimentary rocks", "rock_type": "mudstone, siltstone, shale fine clastic sedimentary rocks", "terrane": "North America - basinal strata", "terrane_name": "North America - basinal strata", "era": "Paleozoic", "copper_ppm": 72.22, "gold_ppm": 0.00069999998799999993, "molybdenum_ppm": 13.34, "arsenic_ppm": 24.29999924, "cobalt_ppm": 6.0, "score_porphyry": 1.2852160926343092, "rank_porphyry": 992, "dist_to_fault_km": 1.44, "dist_to_terrane_boundary_km": 8.74, "grid_id": "153_94", "year": 1995 }, "geometry": { "type": "Point", "coordinates": [ -127.02179, 58.79691 ] } },
{ "type": "Feature", "properties": { "sample_id": "ID094L951037", "latitude": 58.84543, "longitude": -126.99221, "rock_class": "sedimentary rocks", "rock_type": "mudstone/laminite fine clastic sedimentary rocks", "terrane": "North America - basinal strata", "terrane_name": "North America - basinal strata", "era": "Paleozoic", "copper_ppm": 63.35, "gold_ppm": 0.0027000000480000004, "molybdenum_ppm": 12.52, "arsenic_ppm": 50.40000153, "cobalt_ppm": 35.0, "score_porphyry": 1.5800225919253448, "rank_porphyry": 535, "dist_to_fault_km": 0.62, "dist_to_terrane_boundary_km": 13.25, "grid_id": "154_94", "year": 1995 }, "geometry": { "type": "Point", "coordinates": [ -126.99221, 58.84543 ] } },
{ "type": "Feature", "properties": { "sample_id": "ID094L951048", "latitude": 58.66044, "longitude": -126.83457, "rock_class": "sedimentary rocks", "rock_type": "mudstone, siltstone, shale fine clastic sedimentary rocks", "terrane": "North America - basinal strata", "terrane_name": "North America - basinal strata", "era": "Paleozoic", "copper_ppm": 71.27, "gold_ppm": 0.0027000000480000004, "molybdenum_ppm": 10.62, "arsenic_ppm": 20.20000076, "cobalt_ppm": 15.6, "score_porphyry": 1.3428775290714134, "rank_porphyry": 882, "dist_to_fault_km": 1.25, "dist_to_terrane_boundary_km": 8.87, "grid_id": "151_95", "year": 1995 }, "geometry": { "type": "Point", "coordinates": [ -126.83457, 58.66044 ] } },
{ "type": "Feature", "properties": { "sample_id": "ID094L951060", "latitude": 58.62432, "longitude": -126.72643, "rock_class": "sedimentary rocks", "rock_type": "quartzite, quartz arenite sedimentary rocks", "terrane": "North America - basinal strata", "terrane_name": "North America - basinal strata", "era": "Paleozoic", "copper_ppm": 59.0, "gold_ppm": 0.0020999999049999998, "molybdenum_ppm": 15.29, "arsenic_ppm": 16.39999962, "cobalt_ppm": 9.0, "score_porphyry": 1.2758946916946701, "rank_porphyry": 1011, "dist_to_fault_km": 0.09, "dist_to_terrane_boundary_km": 12.13, "grid_id": "151_95", "year": 1995 }, "geometry": { "type": "Point", "coordinates": [ -126.72643, 58.62432 ] } },
{ "type": "Feature", "properties": { "sample_id": "ID094L951073", "latitude": 58.67108, "longitude": -126.77437, "rock_class": "sedimentary rocks", "rock_type": "mudstone/laminite fine clastic sedimentary rocks", "terrane": "North America - basinal strata", "terrane_name": "North America - basinal strata", "era": "Paleozoic", "copper_ppm": 67.12, "gold_ppm": 0.0029000000950000003, "molybdenum_ppm": 15.5, "arsenic_ppm": 19.79999924, "cobalt_ppm": 18.6, "score_porphyry": 1.4809694731286198, "rank_porphyry": 645, "dist_to_fault_km": 0.85, "dist_to_terrane_boundary_km": 12.46, "grid_id": "152_95", "year": 1995 }, "geometry": { "type": "Point", "coordinates": [ -126.77437, 58.67108 ] } },
{ "type": "Feature", "properties": { "sample_id": "ID094L951075", "latitude": 58.64627, "longitude": -126.89961, "rock_class": "sedimentary rocks", "rock_type": "fine clastic sedimentary rocks", "terrane": "North America - basinal strata", "terrane_name": "North America - basinal strata", "era": "Paleozoic", "copper_ppm": 143.07, "gold_ppm": 0.00069999998799999993, "molybdenum_ppm": 14.82, "arsenic_ppm": 17.5, "cobalt_ppm": 14.5, "score_porphyry": 1.7386910471485768, "rank_porphyry": 406, "dist_to_fault_km": 0.4, "dist_to_terrane_boundary_km": 4.87, "grid_id": "151_94", "year": 1995 }, "geometry": { "type": "Point", "coordinates": [ -126.89961, 58.64627 ] } },
{ "type": "Feature", "properties": { "sample_id": "ID094L951076", "latitude": 58.6337, "longitude": -126.82139, "rock_class": "sedimentary rocks", "rock_type": "fine clastic sedimentary rocks", "terrane": "North America - basinal strata", "terrane_name": "North America - basinal strata", "era": "Paleozoic", "copper_ppm": 83.88, "gold_ppm": 0.0025, "molybdenum_ppm": 12.61, "arsenic_ppm": 11.30000019, "cobalt_ppm": 11.5, "score_porphyry": 1.3684863006612904, "rank_porphyry": 830, "dist_to_fault_km": 0.12, "dist_to_terrane_boundary_km": 7.96, "grid_id": "151_95", "year": 1995 }, "geometry": { "type": "Point", "coordinates": [ -126.82139, 58.6337 ] } },
{ "type": "Feature", "properties": { "sample_id": "ID094L951091", "latitude": 58.6207, "longitude": -126.74478, "rock_class": "sedimentary rocks", "rock_type": "mudstone/laminite fine clastic sedimentary rocks", "terrane": "North America - basinal strata", "terrane_name": "North America - basinal strata", "era": "Paleozoic", "copper_ppm": 62.71, "gold_ppm": 0.0032999999519999997, "molybdenum_ppm": 10.7, "arsenic_ppm": 55.20000076, "cobalt_ppm": 14.1, "score_porphyry": 1.3767651461844532, "rank_porphyry": 815, "dist_to_fault_km": 0.48, "dist_to_terrane_boundary_km": 11.01, "grid_id": "151_95", "year": 1995 }, "geometry": { "type": "Point", "coordinates": [ -126.74478, 58.6207 ] } },
{ "type": "Feature", "properties": { "sample_id": "ID094L951095", "latitude": 58.63497, "longitude": -126.75482, "rock_class": "sedimentary rocks", "rock_type": "mudstone, siltstone, shale fine clastic sedimentary rocks", "terrane": "North America - basinal strata", "terrane_name": "North America - basinal strata", "era": "Paleozoic", "copper_ppm": 68.79, "gold_ppm": 0.0035999999049999998, "molybdenum_ppm": 13.31, "arsenic_ppm": 14.69999981, "cobalt_ppm": 24.0, "score_porphyry": 1.4539507326653405, "rank_porphyry": 692, "dist_to_fault_km": 1.17, "dist_to_terrane_boundary_km": 11.34, "grid_id": "151_95", "year": 1995 }, "geometry": { "type": "Point", "coordinates": [ -126.75482, 58.63497 ] } },
{ "type": "Feature", "properties": { "sample_id": "ID094L951105", "latitude": 58.7112, "longitude": -126.83411, "rock_class": "sedimentary rocks", "rock_type": "mudstone/laminite fine clastic sedimentary rocks", "terrane": "North America - basinal strata", "terrane_name": "North America - basinal strata", "era": "Paleozoic", "copper_ppm": 50.24, "gold_ppm": 0.0025, "molybdenum_ppm": 17.4, "arsenic_ppm": 52.29999924, "cobalt_ppm": 11.7, "score_porphyry": 1.4137265441485107, "rank_porphyry": 747, "dist_to_fault_km": 0.58, "dist_to_terrane_boundary_km": 12.14, "grid_id": "152_95", "year": 1995 }, "geometry": { "type": "Point", "coordinates": [ -126.83411, 58.7112 ] } },
{ "type": "Feature", "properties": { "sample_id": "ID094L951108", "latitude": 58.66256, "longitude": -126.7724, "rock_class": "sedimentary rocks", "rock_type": "mudstone/laminite fine clastic sedimentary rocks", "terrane": "North America - basinal strata", "terrane_name": "North America - basinal strata", "era": "Paleozoic", "copper_ppm": 75.31, "gold_ppm": 0.0027000000480000004, "molybdenum_ppm": 11.3, "arsenic_ppm": 16.79999924, "cobalt_ppm": 12.6, "score_porphyry": 1.3357448599605637, "rank_porphyry": 896, "dist_to_fault_km": 0.19, "dist_to_terrane_boundary_km": 12.07, "grid_id": "151_95", "year": 1995 }, "geometry": { "type": "Point", "coordinates": [ -126.7724, 58.66256 ] } },
{ "type": "Feature", "properties": { "sample_id": "ID094L951140", "latitude": 58.88762, "longitude": -127.07139, "rock_class": "sedimentary rocks", "rock_type": "mudstone, siltstone, shale fine clastic sedimentary rocks", "terrane": "North America - basinal strata", "terrane_name": "North America - basinal strata", "era": "Paleozoic", "copper_ppm": 56.53, "gold_ppm": 0.001, "molybdenum_ppm": 14.68, "arsenic_ppm": 38.09999847, "cobalt_ppm": 9.1, "score_porphyry": 1.3232326665083869, "rank_porphyry": 923, "dist_to_fault_km": 0.16, "dist_to_terrane_boundary_km": 12.22, "grid_id": "154_93", "year": 1995 }, "geometry": { "type": "Point", "coordinates": [ -127.07139, 58.88762 ] } },
{ "type": "Feature", "properties": { "sample_id": "ID094L951150", "latitude": 58.76255, "longitude": -126.78516, "rock_class": "sedimentary rocks", "rock_type": "mudstone, siltstone, shale fine clastic sedimentary rocks", "terrane": "North America - basinal strata", "terrane_name": "North America - basinal strata", "era": "Paleozoic", "copper_ppm": 104.06, "gold_ppm": 0.004699999809000001, "molybdenum_ppm": 9.23, "arsenic_ppm": 13.0, "cobalt_ppm": 10.1, "score_porphyry": 1.3573939189436601, "rank_porphyry": 851, "dist_to_fault_km": 1.5, "dist_to_terrane_boundary_km": 17.74, "grid_id": "153_95", "year": 1995 }, "geometry": { "type": "Point", "coordinates": [ -126.78516, 58.76255 ] } },
{ "type": "Feature", "properties": { "sample_id": "ID094L951164", "latitude": 58.89729, "longitude": -127.02405, "rock_class": "sedimentary rocks", "rock_type": "fine clastic sedimentary rocks", "terrane": "North America - basinal strata", "terrane_name": "North America - basinal strata", "era": "Paleozoic", "copper_ppm": 63.35, "gold_ppm": 0.0025, "molybdenum_ppm": 23.39, "arsenic_ppm": 33.70000076, "cobalt_ppm": 30.7, "score_porphyry": 1.7444448887662527, "rank_porphyry": 400, "dist_to_fault_km": 1.61, "dist_to_terrane_boundary_km": 15.07, "grid_id": "154_94", "year": 1995 }, "geometry": { "type": "Point", "coordinates": [ -127.02405, 58.89729 ] } },
{ "type": "Feature", "properties": { "sample_id": "ID094L951168", "latitude": 58.95113, "longitude": -127.01663, "rock_class": "sedimentary rocks", "rock_type": "limestone, slate, siltstone, argillite", "terrane": "North America - basinal strata", "terrane_name": "North America - basinal strata", "era": "Paleozoic", "copper_ppm": 67.45, "gold_ppm": 0.0025, "molybdenum_ppm": 112.54, "arsenic_ppm": 44.29999924, "cobalt_ppm": 72.1, "score_porphyry": 2.5469618619636933, "rank_porphyry": 139, "dist_to_fault_km": 5.51, "dist_to_terrane_boundary_km": 18.88, "grid_id": "155_94", "year": 1995 }, "geometry": { "type": "Point", "coordinates": [ -127.01663, 58.95113 ] } },
{ "type": "Feature", "properties": { "sample_id": "ID094L951169", "latitude": 58.9419, "longitude": -127.15374, "rock_class": "sedimentary rocks", "rock_type": "fine clastic sedimentary rocks", "terrane": "North America - basinal strata", "terrane_name": "North America - basinal strata", "era": "Paleozoic", "copper_ppm": 27.04, "gold_ppm": 0.0115, "molybdenum_ppm": 23.23, "arsenic_ppm": 89.30000305, "cobalt_ppm": 28.4, "score_porphyry": 1.4970310479965752, "rank_porphyry": 628, "dist_to_fault_km": 4.07, "dist_to_terrane_boundary_km": 12.0, "grid_id": "155_93", "year": 1995 }, "geometry": { "type": "Point", "coordinates": [ -127.15374, 58.9419 ] } },
{ "type": "Feature", "properties": { "sample_id": "ID094L951170", "latitude": 58.9419, "longitude": -127.15374, "rock_class": "sedimentary rocks", "rock_type": "fine clastic sedimentary rocks", "terrane": "North America - basinal strata", "terrane_name": "North America - basinal strata", "era": "Paleozoic", "copper_ppm": 22.59, "gold_ppm": 0.0011000000240000002, "molybdenum_ppm": 21.23, "arsenic_ppm": 83.69999695, "cobalt_ppm": 25.7, "score_porphyry": 1.3101090095303332, "rank_porphyry": 948, "dist_to_fault_km": 4.07, "dist_to_terrane_boundary_km": 12.0, "grid_id": "155_93", "year": 1995 }, "geometry": { "type": "Point", "coordinates": [ -127.15374, 58.9419 ] } },
{ "type": "Feature", "properties": { "sample_id": "ID094L951172", "latitude": 58.98916, "longitude": -127.03641, "rock_class": "sedimentary rocks", "rock_type": "limestone, slate, siltstone, argillite", "terrane": "North America - basinal strata", "terrane_name": "North America - basinal strata", "era": "Paleozoic", "copper_ppm": 56.86, "gold_ppm": 0.0022999999519999997, "molybdenum_ppm": 16.34, "arsenic_ppm": 24.5, "cobalt_ppm": 18.7, "score_porphyry": 1.445654326973342, "rank_porphyry": 702, "dist_to_fault_km": 8.58, "dist_to_terrane_boundary_km": 19.0, "grid_id": "155_94", "year": 1995 }, "geometry": { "type": "Point", "coordinates": [ -127.03641, 58.98916 ] } },
{ "type": "Feature", "properties": { "sample_id": "ID094L951175", "latitude": 58.99605, "longitude": -127.2258, "rock_class": "sedimentary rocks", "rock_type": "fine clastic sedimentary rocks", "terrane": "North America - basinal strata", "terrane_name": "North America - basinal strata", "era": "Paleozoic", "copper_ppm": 114.77, "gold_ppm": 0.002, "molybdenum_ppm": 11.21, "arsenic_ppm": 22.5, "cobalt_ppm": 10.4, "score_porphyry": 1.5157874178213495, "rank_porphyry": 603, "dist_to_fault_km": 11.38, "dist_to_terrane_boundary_km": 12.41, "grid_id": "155_92", "year": 1995 }, "geometry": { "type": "Point", "coordinates": [ -127.2258, 58.99605 ] } },
{ "type": "Feature", "properties": { "sample_id": "ID094L951203", "latitude": 58.63382, "longitude": -126.74382, "rock_class": "sedimentary rocks", "rock_type": "mudstone, siltstone, shale fine clastic sedimentary rocks", "terrane": "North America - basinal strata", "terrane_name": "North America - basinal strata", "era": "Paleozoic", "copper_ppm": 61.55, "gold_ppm": 0.0039000000950000003, "molybdenum_ppm": 12.45, "arsenic_ppm": 14.60000038, "cobalt_ppm": 20.9, "score_porphyry": 1.3574953207570206, "rank_porphyry": 849, "dist_to_fault_km": 0.63, "dist_to_terrane_boundary_km": 11.82, "grid_id": "151_95", "year": 1995 }, "geometry": { "type": "Point", "coordinates": [ -126.74382, 58.63382 ] } },
{ "type": "Feature", "properties": { "sample_id": "ID094L951204", "latitude": 58.79461, "longitude": -127.04033, "rock_class": "sedimentary rocks", "rock_type": "mudstone/laminite fine clastic sedimentary rocks", "terrane": "North America - basinal strata", "terrane_name": "North America - basinal strata", "era": "Paleozoic", "copper_ppm": 90.88, "gold_ppm": 0.0017999999520000001, "molybdenum_ppm": 30.57, "arsenic_ppm": 55.59999847, "cobalt_ppm": 6.3, "score_porphyry": 1.7920126601057254, "rank_porphyry": 366, "dist_to_fault_km": 2.53, "dist_to_terrane_boundary_km": 7.71, "grid_id": "153_93", "year": 1995 }, "geometry": { "type": "Point", "coordinates": [ -127.04033, 58.79461 ] } },
{ "type": "Feature", "properties": { "sample_id": "ID103H009100", "latitude": 53.76249181, "longitude": -129.5572513, "rock_class": "intrusive rocks", "rock_type": "granodioritic intrusive rocks", "terrane": "Post Accretionary", "terrane_name": "Alexander", "era": "Mesozoic", "copper_ppm": 55.18, "gold_ppm": 0.0037999999519999998, "molybdenum_ppm": 26.01, "arsenic_ppm": 5.0, "cobalt_ppm": 145.3, "score_porphyry": 1.8176982951605711, "rank_porphyry": 355, "dist_to_fault_km": 6.34, "dist_to_terrane_boundary_km": 0.75, "grid_id": "97_76", "year": 2000 }, "geometry": { "type": "Point", "coordinates": [ -129.5572513, 53.76249181 ] } },
{ "type": "Feature", "properties": { "sample_id": "ID103H009154", "latitude": 53.75946706, "longitude": -129.5098248, "rock_class": "sedimentary rocks", "rock_type": "undivided sedimentary rocks", "terrane": "Yukon-Tanana", "terrane_name": "Yukon-Tanana", "era": "Paleozoic", "copper_ppm": 106.63, "gold_ppm": 0.03579999924, "molybdenum_ppm": 28.47, "arsenic_ppm": 18.79999924, "cobalt_ppm": 21.0, "score_porphyry": 2.0891799004911467, "rank_porphyry": 242, "dist_to_fault_km": 4.46, "dist_to_terrane_boundary_km": 2.01, "grid_id": "97_76", "year": 2000 }, "geometry": { "type": "Point", "coordinates": [ -129.5098248, 53.75946706 ] } },
{ "type": "Feature", "properties": { "sample_id": "ID103I781127", "latitude": 54.77149, "longitude": -128.66593, "rock_class": "sedimentary rocks", "rock_type": "undivided sedimentary rocks", "terrane": "Overlap", "terrane_name": "Stikinia", "era": "Mesozoic", "copper_ppm": 77.26, "gold_ppm": 0.0011000000240000002, "molybdenum_ppm": 6.63, "arsenic_ppm": 29.5, "cobalt_ppm": 21.4, "score_porphyry": 1.2990823618070486, "rank_porphyry": 964, "dist_to_fault_km": 0.1, "dist_to_terrane_boundary_km": 27.55, "grid_id": "108_82", "year": 1978 }, "geometry": { "type": "Point", "coordinates": [ -128.66593, 54.77149 ] } },
{ "type": "Feature", "properties": { "sample_id": "ID103I781142", "latitude": 54.85365, "longitude": -128.89946, "rock_class": "sedimentary rocks", "rock_type": "undivided sedimentary rocks", "terrane": "Overlap", "terrane_name": "Stikinia", "era": "Mesozoic", "copper_ppm": 64.12, "gold_ppm": 0.0195, "molybdenum_ppm": 8.12, "arsenic_ppm": 43.70000076, "cobalt_ppm": 14.3, "score_porphyry": 1.347757062972653, "rank_porphyry": 869, "dist_to_fault_km": 1.64, "dist_to_terrane_boundary_km": 21.52, "grid_id": "109_81", "year": 1978 }, "geometry": { "type": "Point", "coordinates": [ -128.89946, 54.85365 ] } },
{ "type": "Feature", "properties": { "sample_id": "ID103I781169", "latitude": 54.95546, "longitude": -128.83544, "rock_class": "sedimentary rocks", "rock_type": "undivided sedimentary rocks", "terrane": "Overlap", "terrane_name": "Stikinia", "era": "Mesozoic", "copper_ppm": 43.64, "gold_ppm": 0.0035999999049999998, "molybdenum_ppm": 25.34, "arsenic_ppm": 19.60000038, "cobalt_ppm": 30.2, "score_porphyry": 1.5567154682525786, "rank_porphyry": 562, "dist_to_fault_km": 0.66, "dist_to_terrane_boundary_km": 31.8, "grid_id": "110_81", "year": 1978 }, "geometry": { "type": "Point", "coordinates": [ -128.83544, 54.95546 ] } },
{ "type": "Feature", "properties": { "sample_id": "ID103I783092", "latitude": 54.60035, "longitude": -128.75411, "rock_class": "sedimentary rocks", "rock_type": "undivided sedimentary rocks", "terrane": "Overlap", "terrane_name": "Stikinia", "era": "Mesozoic", "copper_ppm": 191.63, "gold_ppm": 0.0055999999049999999, "molybdenum_ppm": 1.65, "arsenic_ppm": 41.29999924, "cobalt_ppm": 15.3, "score_porphyry": 1.2957980506385274, "rank_porphyry": 969, "dist_to_fault_km": 1.53, "dist_to_terrane_boundary_km": 7.99, "grid_id": "107_82", "year": 1978 }, "geometry": { "type": "Point", "coordinates": [ -128.75411, 54.60035 ] } },
{ "type": "Feature", "properties": { "sample_id": "ID103I783113", "latitude": 54.9545, "longitude": -129.5977, "rock_class": "intrusive rocks", "rock_type": "granodioritic intrusive rocks", "terrane": "Post Accretionary", "terrane_name": "Coast plutonic complex", "era": "Cenozoic", "copper_ppm": 104.5, "gold_ppm": 0.0032000000480000004, "molybdenum_ppm": 5.69, "arsenic_ppm": 61.5, "cobalt_ppm": 18.1, "score_porphyry": 1.4404187456210464, "rank_porphyry": 712, "dist_to_fault_km": 25.53, "dist_to_terrane_boundary_km": 8.4, "grid_id": "111_77", "year": 1978 }, "geometry": { "type": "Point", "coordinates": [ -129.5977, 54.9545 ] } },
{ "type": "Feature", "properties": { "sample_id": "ID103I785075", "latitude": 54.56841, "longitude": -128.32424, "rock_class": "intrusive rocks", "rock_type": "granodiorite, granite", "terrane": "Stikinia", "terrane_name": "Stikinia", "era": "Mesozoic", "copper_ppm": 442.88, "gold_ppm": 0.01689999962, "molybdenum_ppm": 59.36, "arsenic_ppm": 3.4000000950000002, "cobalt_ppm": 53.7, "score_porphyry": 2.9224642606030331, "rank_porphyry": 88, "dist_to_fault_km": 1.88, "dist_to_terrane_boundary_km": 25.94, "grid_id": "106_85", "year": 1978 }, "geometry": { "type": "Point", "coordinates": [ -128.32424, 54.56841 ] } },
{ "type": "Feature", "properties": { "sample_id": "ID103I785120", "latitude": 54.45564, "longitude": -128.36654, "rock_class": "intrusive rocks", "rock_type": "granodiorite, granite", "terrane": "Stikinia", "terrane_name": "Stikinia", "era": "Mesozoic", "copper_ppm": 120.39, "gold_ppm": 0.07440000153, "molybdenum_ppm": 0.74, "arsenic_ppm": 14.89999962, "cobalt_ppm": 32.0, "score_porphyry": 1.2750773838275338, "rank_porphyry": 1013, "dist_to_fault_km": 0.02, "dist_to_terrane_boundary_km": 21.37, "grid_id": "105_84", "year": 1978 }, "geometry": { "type": "Point", "coordinates": [ -128.36654, 54.45564 ] } },
{ "type": "Feature", "properties": { "sample_id": "ID103I785137", "latitude": 54.57928, "longitude": -128.15224, "rock_class": "intrusive rocks", "rock_type": "granodiorite, granite", "terrane": "Stikinia", "terrane_name": "Stikinia", "era": "Mesozoic", "copper_ppm": 183.04, "gold_ppm": 0.007800000191, "molybdenum_ppm": 2.29, "arsenic_ppm": 17.79999924, "cobalt_ppm": 31.3, "score_porphyry": 1.4069625397018704, "rank_porphyry": 766, "dist_to_fault_km": 0.8, "dist_to_terrane_boundary_km": 37.0, "grid_id": "106_86", "year": 1978 }, "geometry": { "type": "Point", "coordinates": [ -128.15224, 54.57928 ] } },
{ "type": "Feature", "properties": { "sample_id": "ID103I785455", "latitude": 54.68558, "longitude": -128.92522, "rock_class": "sedimentary rocks", "rock_type": "undivided sedimentary rocks", "terrane": "Overlap", "terrane_name": "Stikinia", "era": "Mesozoic", "copper_ppm": 29.47, "gold_ppm": 0.238, "molybdenum_ppm": 0.21, "arsenic_ppm": 82.5, "cobalt_ppm": 35.8, "score_porphyry": 1.4053086255630693, "rank_porphyry": 768, "dist_to_fault_km": 3.54, "dist_to_terrane_boundary_km": 8.54, "grid_id": "108_81", "year": 1978 }, "geometry": { "type": "Point", "coordinates": [ -128.92522, 54.68558 ] } },
{ "type": "Feature", "properties": { "sample_id": "ID103I785524", "latitude": 54.83237, "longitude": -129.3481, "rock_class": "sedimentary rocks", "rock_type": "undivided sedimentary rocks", "terrane": "Overlap", "terrane_name": "Coast plutonic complex", "era": "Mesozoic", "copper_ppm": 159.2, "gold_ppm": 0.02239999962, "molybdenum_ppm": 18.21, "arsenic_ppm": 6.0, "cobalt_ppm": 10.9, "score_porphyry": 1.8197238082839864, "rank_porphyry": 352, "dist_to_fault_km": 24.46, "dist_to_terrane_boundary_km": 2.91, "grid_id": "109_78", "year": 1978 }, "geometry": { "type": "Point", "coordinates": [ -129.3481, 54.83237 ] } },
{ "type": "Feature", "properties": { "sample_id": "ID103I785531", "latitude": 54.85621, "longitude": -129.17357, "rock_class": "sedimentary rocks", "rock_type": "undivided sedimentary rocks", "terrane": "Overlap", "terrane_name": "Stikinia", "era": "Mesozoic", "copper_ppm": 71.23, "gold_ppm": 0.008399999619000001, "molybdenum_ppm": 15.46, "arsenic_ppm": 3.5999999049999998, "cobalt_ppm": 10.2, "score_porphyry": 1.2757635498878055, "rank_porphyry": 1012, "dist_to_fault_km": 18.36, "dist_to_terrane_boundary_km": 7.84, "grid_id": "109_79", "year": 1978 }, "geometry": { "type": "Point", "coordinates": [ -129.17357, 54.85621 ] } },
{ "type": "Feature", "properties": { "sample_id": "ID103I785548", "latitude": 54.85325, "longitude": -128.98998, "rock_class": "sedimentary rocks", "rock_type": "undivided sedimentary rocks", "terrane": "Overlap", "terrane_name": "Stikinia", "era": "Mesozoic", "copper_ppm": 102.82, "gold_ppm": 0.06830000305, "molybdenum_ppm": 4.59, "arsenic_ppm": 8.399999619000001, "cobalt_ppm": 23.0, "score_porphyry": 1.5176857801018098, "rank_porphyry": 598, "dist_to_fault_km": 7.21, "dist_to_terrane_boundary_km": 16.96, "grid_id": "109_80", "year": 1978 }, "geometry": { "type": "Point", "coordinates": [ -128.98998, 54.85325 ] } },
{ "type": "Feature", "properties": { "sample_id": "ID103I785556", "latitude": 54.69438, "longitude": -128.00977, "rock_class": "intrusive rocks", "rock_type": "granite, quartz monzonite, granodiorite, rhyolite", "terrane": "Post Accretionary", "terrane_name": "Stikinia", "era": "Cenozoic", "copper_ppm": 24.29, "gold_ppm": 0.4345, "molybdenum_ppm": 0.73, "arsenic_ppm": 5.4000000950000002, "cobalt_ppm": 8.2, "score_porphyry": 1.6750887540381707, "rank_porphyry": 451, "dist_to_fault_km": 1.34, "dist_to_terrane_boundary_km": 49.85, "grid_id": "107_87", "year": 1978 }, "geometry": { "type": "Point", "coordinates": [ -128.00977, 54.69438 ] } },
{ "type": "Feature", "properties": { "sample_id": "ID103I785714", "latitude": 54.85013, "longitude": -128.55366, "rock_class": "sedimentary rocks", "rock_type": "sandstone", "terrane": "Overlap", "terrane_name": "Stikinia", "era": "Mesozoic", "copper_ppm": 177.05, "gold_ppm": 0.01269999981, "molybdenum_ppm": 47.36, "arsenic_ppm": 62.40000153, "cobalt_ppm": 19.9, "score_porphyry": 2.5103982455430085, "rank_porphyry": 144, "dist_to_fault_km": 5.1, "dist_to_terrane_boundary_km": 38.64, "grid_id": "109_83", "year": 1978 }, "geometry": { "type": "Point", "coordinates": [ -128.55366, 54.85013 ] } },
{ "type": "Feature", "properties": { "sample_id": "ID103I785715", "latitude": 54.85906, "longitude": -128.5155, "rock_class": "sedimentary rocks", "rock_type": "sandstone", "terrane": "Overlap", "terrane_name": "Stikinia", "era": "Mesozoic", "copper_ppm": 126.27, "gold_ppm": 0.008300000191000001, "molybdenum_ppm": 13.61, "arsenic_ppm": 29.10000038, "cobalt_ppm": 23.8, "score_porphyry": 1.8240249160880626, "rank_porphyry": 348, "dist_to_fault_km": 4.11, "dist_to_terrane_boundary_km": 40.69, "grid_id": "109_83", "year": 1978 }, "geometry": { "type": "Point", "coordinates": [ -128.5155, 54.85906 ] } },
{ "type": "Feature", "properties": { "sample_id": "ID103I787017", "latitude": 54.07201, "longitude": -128.22374, "rock_class": "intrusive rocks", "rock_type": "quartz diorite", "terrane": "Stikinia", "terrane_name": "Stikinia", "era": "Mesozoic", "copper_ppm": 75.54, "gold_ppm": 0.0086000003809999989, "molybdenum_ppm": 19.77, "arsenic_ppm": 2.0, "cobalt_ppm": 27.2, "score_porphyry": 1.5131638941212187, "rank_porphyry": 608, "dist_to_fault_km": 2.88, "dist_to_terrane_boundary_km": 12.31, "grid_id": "100_85", "year": 1978 }, "geometry": { "type": "Point", "coordinates": [ -128.22374, 54.07201 ] } },
{ "type": "Feature", "properties": { "sample_id": "ID103I787625", "latitude": 54.38852, "longitude": -128.45432, "rock_class": "intrusive rocks", "rock_type": "granite, granodiorite", "terrane": "Post Accretionary", "terrane_name": "Stikinia", "era": "Cenozoic", "copper_ppm": 15.42, "gold_ppm": 0.0022000000480000004, "molybdenum_ppm": 121.88, "arsenic_ppm": 10.89999962, "cobalt_ppm": 31.1, "score_porphyry": 1.6430386377464732, "rank_porphyry": 473, "dist_to_fault_km": 3.49, "dist_to_terrane_boundary_km": 14.76, "grid_id": "104_84", "year": 1978 }, "geometry": { "type": "Point", "coordinates": [ -128.45432, 54.38852 ] } },
{ "type": "Feature", "properties": { "sample_id": "ID103I787675", "latitude": 54.15184, "longitude": -128.18824, "rock_class": "intrusive rocks", "rock_type": "quartz diorite", "terrane": "Post Accretionary", "terrane_name": "Stikinia", "era": "Mesozoic to Cenozoic", "copper_ppm": 193.96, "gold_ppm": 0.0024000000950000003, "molybdenum_ppm": 32.16, "arsenic_ppm": 0.80000001200000004, "cobalt_ppm": 21.6, "score_porphyry": 1.9946180370180062, "rank_porphyry": 270, "dist_to_fault_km": 0.11, "dist_to_terrane_boundary_km": 21.36, "grid_id": "101_85", "year": 1978 }, "geometry": { "type": "Point", "coordinates": [ -128.18824, 54.15184 ] } },
{ "type": "Feature", "properties": { "sample_id": "ID103I787697", "latitude": 54.20241, "longitude": -128.05737, "rock_class": "intrusive rocks", "rock_type": "quartz diorite", "terrane": "Post Accretionary", "terrane_name": "Stikinia", "era": "Mesozoic to Cenozoic", "copper_ppm": 63.87, "gold_ppm": 0.0027000000480000004, "molybdenum_ppm": 41.95, "arsenic_ppm": 0.80000001200000004, "cobalt_ppm": 20.1, "score_porphyry": 1.586209181952436, "rank_porphyry": 527, "dist_to_fault_km": 4.32, "dist_to_terrane_boundary_km": 27.6, "grid_id": "102_86", "year": 1978 }, "geometry": { "type": "Point", "coordinates": [ -128.05737, 54.20241 ] } },
{ "type": "Feature", "properties": { "sample_id": "ID103I787745", "latitude": 54.3369, "longitude": -128.30731, "rock_class": "sedimentary rocks", "rock_type": "limestone, cherty limestone", "terrane": "Stikinia", "terrane_name": "Stikinia", "era": "Paleozoic", "copper_ppm": 24.15, "gold_ppm": 5.1455, "molybdenum_ppm": 1.57, "arsenic_ppm": 5.4000000950000002, "cobalt_ppm": 19.3, "score_porphyry": 9.1927600300137229, "rank_porphyry": 9, "dist_to_fault_km": 0.03, "dist_to_terrane_boundary_km": 24.5, "grid_id": "103_85", "year": 1978 }, "geometry": { "type": "Point", "coordinates": [ -128.30731, 54.3369 ] } },
{ "type": "Feature", "properties": { "sample_id": "ID103J783118", "latitude": 54.84964, "longitude": -130.16397, "rock_class": "metamorphic rocks", "rock_type": "orthogneiss metamorphic rocks", "terrane": "Unknown", "terrane_name": "Coast plutonic complex", "era": "Paleozoic to Cenozoic", "copper_ppm": 153.63, "gold_ppm": 0.01889999962, "molybdenum_ppm": 13.97, "arsenic_ppm": 5.800000191, "cobalt_ppm": 11.6, "score_porphyry": 1.6969115697983166, "rank_porphyry": 438, "dist_to_fault_km": 25.23, "dist_to_terrane_boundary_km": 28.42, "grid_id": "110_73", "year": 1978 }, "geometry": { "type": "Point", "coordinates": [ -130.16397, 54.84964 ] } },
{ "type": "Feature", "properties": { "sample_id": "ID103O783024", "latitude": 55.41799303, "longitude": -130.006909, "rock_class": "metamorphic rocks", "rock_type": "meta-sedimentary and meta-volcanic rocks", "terrane": "Unknown", "terrane_name": "Coast plutonic complex", "era": "Mesozoic", "copper_ppm": 2163.01, "gold_ppm": 0.0014, "molybdenum_ppm": 3.14, "arsenic_ppm": 7.5, "cobalt_ppm": 37.6, "score_porphyry": 2.5289421788022812, "rank_porphyry": 142, "dist_to_fault_km": 3.2, "dist_to_terrane_boundary_km": 1.43, "grid_id": "116_74", "year": 1978 }, "geometry": { "type": "Point", "coordinates": [ -130.006909, 55.41799303 ] } },
{ "type": "Feature", "properties": { "sample_id": "ID103O783026", "latitude": 55.42773278, "longitude": -130.0092585, "rock_class": "metamorphic rocks", "rock_type": "meta-sedimentary and meta-volcanic rocks", "terrane": "Unknown", "terrane_name": "Coast plutonic complex", "era": "Mesozoic", "copper_ppm": 286.5, "gold_ppm": 0.0028, "molybdenum_ppm": 2.77, "arsenic_ppm": 14.3, "cobalt_ppm": 24.8, "score_porphyry": 1.5754814092236096, "rank_porphyry": 540, "dist_to_fault_km": 3.35, "dist_to_terrane_boundary_km": 1.62, "grid_id": "116_74", "year": 1978 }, "geometry": { "type": "Point", "coordinates": [ -130.009258499999987, 55.42773278 ] } },
{ "type": "Feature", "properties": { "sample_id": "ID103O783027", "latitude": 55.45813954, "longitude": -130.0193495, "rock_class": "metamorphic rocks", "rock_type": "meta-sedimentary and meta-volcanic rocks", "terrane": "Unknown", "terrane_name": "Coast plutonic complex", "era": "Mesozoic", "copper_ppm": 278.0, "gold_ppm": 0.0109, "molybdenum_ppm": 1.31, "arsenic_ppm": 7.7, "cobalt_ppm": 33.7, "score_porphyry": 1.4051444126838357, "rank_porphyry": 770, "dist_to_fault_km": 4.08, "dist_to_terrane_boundary_km": 2.38, "grid_id": "116_74", "year": 1978 }, "geometry": { "type": "Point", "coordinates": [ -130.0193495, 55.45813954 ] } },
{ "type": "Feature", "properties": { "sample_id": "ID103O783048", "latitude": 55.82835821, "longitude": -130.0549843, "rock_class": "volcanic and sedimentary rocks", "rock_type": "conglomerate", "terrane": "Stikinia", "terrane_name": "Stikinia", "era": "Mesozoic", "copper_ppm": 79.3, "gold_ppm": 0.0023, "molybdenum_ppm": 11.96, "arsenic_ppm": 9.1, "cobalt_ppm": 19.2, "score_porphyry": 1.3882637465907011, "rank_porphyry": 797, "dist_to_fault_km": 2.75, "dist_to_terrane_boundary_km": 8.88, "grid_id": "121_74", "year": 1978 }, "geometry": { "type": "Point", "coordinates": [ -130.0549843, 55.82835821 ] } },
{ "type": "Feature", "properties": { "sample_id": "ID103P781037", "latitude": 55.23111568, "longitude": -128.9221073, "rock_class": "sedimentary rocks", "rock_type": "sandstone", "terrane": "Overlap", "terrane_name": "Stikinia", "era": "Mesozoic", "copper_ppm": 102.88, "gold_ppm": 0.0045, "molybdenum_ppm": 3.4, "arsenic_ppm": 73.1, "cobalt_ppm": 51.6, "score_porphyry": 1.4754469734608082, "rank_porphyry": 658, "dist_to_fault_km": 17.5, "dist_to_terrane_boundary_km": 44.54, "grid_id": "114_81", "year": 1978 }, "geometry": { "type": "Point", "coordinates": [ -128.9221073, 55.23111568 ] } },
{ "type": "Feature", "properties": { "sample_id": "ID103P781118", "latitude": 55.08276692, "longitude": -128.1318371, "rock_class": "sedimentary rocks", "rock_type": "undivided sedimentary rocks", "terrane": "Overlap", "terrane_name": "Stikinia", "era": "Mesozoic", "copper_ppm": 159.48, "gold_ppm": 0.0248, "molybdenum_ppm": 13.0, "arsenic_ppm": 7.4, "cobalt_ppm": 11.5, "score_porphyry": 1.7370966247949315, "rank_porphyry": 409, "dist_to_fault_km": 7.44, "dist_to_terrane_boundary_km": 74.29, "grid_id": "112_86", "year": 1978 }, "geometry": { "type": "Point", "coordinates": [ -128.131837100000013, 55.082766919999983 ] } },
{ "type": "Feature", "properties": { "sample_id": "ID103P783084", "latitude": 55.27340801, "longitude": -129.7659271, "rock_class": "intrusive rocks", "rock_type": "quartz monzonite", "terrane": "Post Accretionary", "terrane_name": "Stikinia", "era": "Cenozoic", "copper_ppm": 36.46, "gold_ppm": 0.0013, "molybdenum_ppm": 25.84, "arsenic_ppm": 28.2, "cobalt_ppm": 22.6, "score_porphyry": 1.4600504055640273, "rank_porphyry": 683, "dist_to_fault_km": 8.22, "dist_to_terrane_boundary_km": 5.07, "grid_id": "114_76", "year": 1978 }, "geometry": { "type": "Point", "coordinates": [ -129.7659271, 55.27340801 ] } },
{ "type": "Feature", "properties": { "sample_id": "ID103P783103", "latitude": 55.43450458, "longitude": -129.5560801, "rock_class": "intrusive rocks", "rock_type": "quartz monzonite", "terrane": "Post Accretionary", "terrane_name": "Stikinia", "era": "Cenozoic", "copper_ppm": 42.61, "gold_ppm": 0.1032, "molybdenum_ppm": 7.19, "arsenic_ppm": 6.0, "cobalt_ppm": 24.1, "score_porphyry": 1.4101548672849102, "rank_porphyry": 752, "dist_to_fault_km": 3.88, "dist_to_terrane_boundary_km": 26.94, "grid_id": "116_77", "year": 1978 }, "geometry": { "type": "Point", "coordinates": [ -129.5560801, 55.434504579999988 ] } },
{ "type": "Feature", "properties": { "sample_id": "ID103P783105", "latitude": 55.45893602, "longitude": -129.5680945, "rock_class": "sedimentary rocks", "rock_type": "sandstone", "terrane": "Overlap", "terrane_name": "Stikinia", "era": "Mesozoic", "copper_ppm": 56.37, "gold_ppm": 0.0312, "molybdenum_ppm": 297.33, "arsenic_ppm": 197.7, "cobalt_ppm": 36.4, "score_porphyry": 3.0181430547932151, "rank_porphyry": 82, "dist_to_fault_km": 5.71, "dist_to_terrane_boundary_km": 26.06, "grid_id": "116_77", "year": 1978 }, "geometry": { "type": "Point", "coordinates": [ -129.5680945, 55.458936019999982 ] } },
{ "type": "Feature", "properties": { "sample_id": "ID103P783144", "latitude": 55.89692644, "longitude": -129.9913877, "rock_class": "intrusive rocks", "rock_type": "granodiorite", "terrane": "Post Accretionary", "terrane_name": "Stikinia", "era": "Mesozoic", "copper_ppm": 104.99, "gold_ppm": 0.0889, "molybdenum_ppm": 16.42, "arsenic_ppm": 7.8, "cobalt_ppm": 20.3, "score_porphyry": 2.0354165262979005, "rank_porphyry": 261, "dist_to_fault_km": 0.9, "dist_to_terrane_boundary_km": 15.61, "grid_id": "121_75", "year": 1978 }, "geometry": { "type": "Point", "coordinates": [ -129.991387700000018, 55.896926439999987 ] } },
{ "type": "Feature", "properties": { "sample_id": "ID103P785020", "latitude": 55.9531165, "longitude": -129.7266345, "rock_class": "sedimentary and volcanic rocks", "rock_type": "mudstone", "terrane": "Stikinia", "terrane_name": "Stikinia", "era": "Mesozoic", "copper_ppm": 227.06, "gold_ppm": 0.0429, "molybdenum_ppm": 18.09, "arsenic_ppm": 98.3, "cobalt_ppm": 27.3, "score_porphyry": 2.5082593758318161, "rank_porphyry": 146, "dist_to_fault_km": 7.16, "dist_to_terrane_boundary_km": 33.25, "grid_id": "122_76", "year": 1978 }, "geometry": { "type": "Point", "coordinates": [ -129.726634499999989, 55.953116499999972 ] } },
{ "type": "Feature", "properties": { "sample_id": "ID103P785023", "latitude": 55.97293218, "longitude": -129.7366999, "rock_class": "sedimentary and volcanic rocks", "rock_type": "mudstone", "terrane": "Stikinia", "terrane_name": "Stikinia", "era": "Mesozoic", "copper_ppm": 85.82, "gold_ppm": 0.0015, "molybdenum_ppm": 9.19, "arsenic_ppm": 30.0, "cobalt_ppm": 15.5, "score_porphyry": 1.4077002754073222, "rank_porphyry": 764, "dist_to_fault_km": 6.87, "dist_to_terrane_boundary_km": 33.57, "grid_id": "122_76", "year": 1978 }, "geometry": { "type": "Point", "coordinates": [ -129.7366999, 55.97293218 ] } },
{ "type": "Feature", "properties": { "sample_id": "ID103P785024", "latitude": 55.9790283, "longitude": -129.7712872, "rock_class": "sedimentary and volcanic rocks", "rock_type": "mudstone", "terrane": "Stikinia", "terrane_name": "Stikinia", "era": "Mesozoic", "copper_ppm": 114.85, "gold_ppm": 0.029, "molybdenum_ppm": 10.32, "arsenic_ppm": 27.1, "cobalt_ppm": 21.5, "score_porphyry": 1.7586784362486894, "rank_porphyry": 387, "dist_to_fault_km": 5.09, "dist_to_terrane_boundary_km": 31.87, "grid_id": "122_76", "year": 1978 }, "geometry": { "type": "Point", "coordinates": [ -129.771287199999989, 55.9790283 ] } },
{ "type": "Feature", "properties": { "sample_id": "ID103P785026", "latitude": 55.95561923, "longitude": -129.9038523, "rock_class": "sedimentary and volcanic rocks", "rock_type": "mudstone", "terrane": "Stikinia", "terrane_name": "Stikinia", "era": "Mesozoic", "copper_ppm": 107.4, "gold_ppm": 0.0029, "molybdenum_ppm": 7.61, "arsenic_ppm": 91.2, "cobalt_ppm": 14.3, "score_porphyry": 1.5504744778963024, "rank_porphyry": 570, "dist_to_fault_km": 3.6, "dist_to_terrane_boundary_km": 23.25, "grid_id": "122_75", "year": 1978 }, "geometry": { "type": "Point", "coordinates": [ -129.903852300000011, 55.95561923 ] } },
{ "type": "Feature", "properties": { "sample_id": "ID103P785027", "latitude": 55.95779464, "longitude": -129.8975762, "rock_class": "intrusive rocks", "rock_type": "undivided intrusive rocks", "terrane": "Post Accretionary", "terrane_name": "Stikinia", "era": "Mesozoic", "copper_ppm": 116.53, "gold_ppm": 0.0024, "molybdenum_ppm": 5.94, "arsenic_ppm": 50.2, "cobalt_ppm": 21.8, "score_porphyry": 1.5102581764180996, "rank_porphyry": 613, "dist_to_fault_km": 3.17, "dist_to_terrane_boundary_km": 23.71, "grid_id": "122_75", "year": 1978 }, "geometry": { "type": "Point", "coordinates": [ -129.8975762, 55.95779464 ] } },
{ "type": "Feature", "properties": { "sample_id": "ID103P785028", "latitude": 55.97699948, "longitude": -129.8946876, "rock_class": "sedimentary and volcanic rocks", "rock_type": "mudstone", "terrane": "Stikinia", "terrane_name": "Stikinia", "era": "Mesozoic", "copper_ppm": 107.18, "gold_ppm": 0.0015, "molybdenum_ppm": 6.62, "arsenic_ppm": 30.0, "cobalt_ppm": 16.8, "score_porphyry": 1.4078596327605739, "rank_porphyry": 762, "dist_to_fault_km": 3.37, "dist_to_terrane_boundary_km": 24.74, "grid_id": "122_75", "year": 1978 }, "geometry": { "type": "Point", "coordinates": [ -129.8946876, 55.976999479999989 ] } },
{ "type": "Feature", "properties": { "sample_id": "ID103P785029", "latitude": 55.97425449, "longitude": -129.9039182, "rock_class": "sedimentary and volcanic rocks", "rock_type": "mudstone", "terrane": "Stikinia", "terrane_name": "Stikinia", "era": "Mesozoic", "copper_ppm": 119.36, "gold_ppm": 0.0042, "molybdenum_ppm": 7.55, "arsenic_ppm": 157.9, "cobalt_ppm": 19.3, "score_porphyry": 1.7090427623957176, "rank_porphyry": 428, "dist_to_fault_km": 3.68, "dist_to_terrane_boundary_km": 24.09, "grid_id": "122_75", "year": 1978 }, "geometry": { "type": "Point", "coordinates": [ -129.9039182, 55.974254489999979 ] } },
{ "type": "Feature", "properties": { "sample_id": "ID103P785031", "latitude": 55.98726852, "longitude": -129.9071552, "rock_class": "sedimentary and volcanic rocks", "rock_type": "mudstone", "terrane": "Stikinia", "terrane_name": "Stikinia", "era": "Mesozoic", "copper_ppm": 168.52, "gold_ppm": 0.0047, "molybdenum_ppm": 15.26, "arsenic_ppm": 84.3, "cobalt_ppm": 20.7, "score_porphyry": 2.0630214339501931, "rank_porphyry": 252, "dist_to_fault_km": 2.88, "dist_to_terrane_boundary_km": 24.49, "grid_id": "122_75", "year": 1978 }, "geometry": { "type": "Point", "coordinates": [ -129.9071552, 55.987268519999965 ] } },
{ "type": "Feature", "properties": { "sample_id": "ID103P785046", "latitude": 55.86043244, "longitude": -129.9367587, "rock_class": "intrusive rocks", "rock_type": "granodiorite", "terrane": "Post Accretionary", "terrane_name": "Stikinia", "era": "Mesozoic", "copper_ppm": 90.52, "gold_ppm": 0.1682, "molybdenum_ppm": 3.76, "arsenic_ppm": 66.2, "cobalt_ppm": 17.5, "score_porphyry": 2.0019009857747743, "rank_porphyry": 267, "dist_to_fault_km": 5.78, "dist_to_terrane_boundary_km": 17.09, "grid_id": "121_75", "year": 1978 }, "geometry": { "type": "Point", "coordinates": [ -129.936758700000013, 55.860432439999975 ] } },
{ "type": "Feature", "properties": { "sample_id": "ID103P785048", "latitude": 55.8738373, "longitude": -129.9579868, "rock_class": "intrusive rocks", "rock_type": "granodiorite", "terrane": "Post Accretionary", "terrane_name": "Stikinia", "era": "Mesozoic", "copper_ppm": 96.94, "gold_ppm": 0.006, "molybdenum_ppm": 6.6, "arsenic_ppm": 47.2, "cobalt_ppm": 18.7, "score_porphyry": 1.4484344592389062, "rank_porphyry": 700, "dist_to_fault_km": 3.82, "dist_to_terrane_boundary_km": 16.48, "grid_id": "121_75", "year": 1978 }, "geometry": { "type": "Point", "coordinates": [ -129.957986799999986, 55.87383729999997 ] } },
{ "type": "Feature", "properties": { "sample_id": "ID103P785054", "latitude": 55.53397251, "longitude": -129.2697092, "rock_class": "volcanic and sedimentary rocks", "rock_type": "undivided volcanic rocks", "terrane": "Stikinia", "terrane_name": "Stikinia", "era": "Mesozoic", "copper_ppm": 83.82, "gold_ppm": 0.0105, "molybdenum_ppm": 3.25, "arsenic_ppm": 116.3, "cobalt_ppm": 20.7, "score_porphyry": 1.2900942236104314, "rank_porphyry": 978, "dist_to_fault_km": 9.08, "dist_to_terrane_boundary_km": 44.46, "grid_id": "117_79", "year": 1978 }, "geometry": { "type": "Point", "coordinates": [ -129.2697092, 55.533972509999984 ] } },
{ "type": "Feature", "properties": { "sample_id": "ID103P785067", "latitude": 55.48207597, "longitude": -129.402205, "rock_class": "volcanic and sedimentary rocks", "rock_type": "undivided volcanic rocks", "terrane": "Stikinia", "terrane_name": "Stikinia", "era": "Mesozoic", "copper_ppm": 103.84, "gold_ppm": 0.0021, "molybdenum_ppm": 16.06, "arsenic_ppm": 64.4, "cobalt_ppm": 18.9, "score_porphyry": 1.8079809698359379, "rank_porphyry": 359, "dist_to_fault_km": 4.64, "dist_to_terrane_boundary_km": 36.4, "grid_id": "117_78", "year": 1978 }, "geometry": { "type": "Point", "coordinates": [ -129.402205, 55.48207597 ] } },
{ "type": "Feature", "properties": { "sample_id": "ID103P785093", "latitude": 55.42429991, "longitude": -129.8573114, "rock_class": "sedimentary rocks", "rock_type": "sandstone", "terrane": "Overlap", "terrane_name": "Stikinia", "era": "Mesozoic", "copper_ppm": 297.37, "gold_ppm": 0.006, "molybdenum_ppm": 2.33, "arsenic_ppm": 26.7, "cobalt_ppm": 11.8, "score_porphyry": 1.4971583278788434, "rank_porphyry": 627, "dist_to_fault_km": 0.31, "dist_to_terrane_boundary_km": 7.99, "grid_id": "116_75", "year": 1978 }, "geometry": { "type": "Point", "coordinates": [ -129.857311399999986, 55.42429991 ] } },
{ "type": "Feature", "properties": { "sample_id": "ID103P785105", "latitude": 55.39375758, "longitude": -129.8519297, "rock_class": "volcanic rocks", "rock_type": "undivided volcanic rocks", "terrane": "Stikinia", "terrane_name": "Stikinia", "era": "Mesozoic", "copper_ppm": 109.88, "gold_ppm": 0.0016, "molybdenum_ppm": 8.61, "arsenic_ppm": 23.0, "cobalt_ppm": 12.8, "score_porphyry": 1.4374792604636126, "rank_porphyry": 715, "dist_to_fault_km": 0.09, "dist_to_terrane_boundary_km": 8.46, "grid_id": "116_75", "year": 1978 }, "geometry": { "type": "Point", "coordinates": [ -129.8519297, 55.393757579999985 ] } },
{ "type": "Feature", "properties": { "sample_id": "ID103P785132", "latitude": 55.68050253, "longitude": -129.4689963, "rock_class": "sedimentary and volcanic rocks", "rock_type": "chert", "terrane": "Stikinia", "terrane_name": "Stikinia", "era": "Paleozoic to Mesozoic", "copper_ppm": 80.27, "gold_ppm": 0.0092, "molybdenum_ppm": 6.3, "arsenic_ppm": 48.4, "cobalt_ppm": 21.4, "score_porphyry": 1.3895616705890661, "rank_porphyry": 796, "dist_to_fault_km": 0.53, "dist_to_terrane_boundary_km": 33.4, "grid_id": "119_78", "year": 1978 }, "geometry": { "type": "Point", "coordinates": [ -129.468996299999986, 55.68050253 ] } },
{ "type": "Feature", "properties": { "sample_id": "ID103P785135", "latitude": 55.64733882, "longitude": -129.4637535, "rock_class": "volcanic and sedimentary rocks", "rock_type": "undivided volcanic rocks", "terrane": "Stikinia", "terrane_name": "Stikinia", "era": "Mesozoic", "copper_ppm": 86.57, "gold_ppm": 0.0068, "molybdenum_ppm": 5.49, "arsenic_ppm": 49.7, "cobalt_ppm": 18.5, "score_porphyry": 1.3438418121735733, "rank_porphyry": 879, "dist_to_fault_km": 1.38, "dist_to_terrane_boundary_km": 32.74, "grid_id": "118_78", "year": 1978 }, "geometry": { "type": "Point", "coordinates": [ -129.4637535, 55.647338819999987 ] } },
{ "type": "Feature", "properties": { "sample_id": "ID103P785153", "latitude": 55.58144389, "longitude": -129.8527057, "rock_class": "intrusive rocks", "rock_type": "quartz monzonite", "terrane": "Post Accretionary", "terrane_name": "Stikinia", "era": "Cenozoic", "copper_ppm": 52.83, "gold_ppm": 0.0027, "molybdenum_ppm": 37.32, "arsenic_ppm": 7.6, "cobalt_ppm": 15.5, "score_porphyry": 1.5775510645708068, "rank_porphyry": 538, "dist_to_fault_km": 0.78, "dist_to_terrane_boundary_km": 7.56, "grid_id": "118_75", "year": 1978 }, "geometry": { "type": "Point", "coordinates": [ -129.8527057, 55.581443890000017 ] } },
{ "type": "Feature", "properties": { "sample_id": "ID103P785191", "latitude": 55.59793317, "longitude": -129.6190756, "rock_class": "sedimentary rocks", "rock_type": "undivided sedimentary rocks", "terrane": "Overlap", "terrane_name": "Stikinia", "era": "Mesozoic", "copper_ppm": 54.36, "gold_ppm": 0.0301, "molybdenum_ppm": 5.8, "arsenic_ppm": 81.8, "cobalt_ppm": 16.6, "score_porphyry": 1.301132155667893, "rank_porphyry": 960, "dist_to_fault_km": 8.14, "dist_to_terrane_boundary_km": 22.29, "grid_id": "118_77", "year": 1978 }, "geometry": { "type": "Point", "coordinates": [ -129.6190756, 55.59793317 ] } },
{ "type": "Feature", "properties": { "sample_id": "ID103P785243", "latitude": 55.45259934, "longitude": -129.829622, "rock_class": "volcanic rocks", "rock_type": "undivided volcanic rocks", "terrane": "Stikinia", "terrane_name": "Stikinia", "era": "Mesozoic", "copper_ppm": 151.76, "gold_ppm": 0.0049, "molybdenum_ppm": 4.39, "arsenic_ppm": 32.4, "cobalt_ppm": 35.7, "score_porphyry": 1.58316926321624, "rank_porphyry": 532, "dist_to_fault_km": 0.17, "dist_to_terrane_boundary_km": 9.6, "grid_id": "116_75", "year": 1978 }, "geometry": { "type": "Point", "coordinates": [ -129.829622, 55.452599339999978 ] } },
{ "type": "Feature", "properties": { "sample_id": "ID103P785311", "latitude": 55.60803884, "longitude": -129.409922, "rock_class": "sedimentary and volcanic rocks", "rock_type": "chert", "terrane": "Stikinia", "terrane_name": "Stikinia", "era": "Paleozoic to Mesozoic", "copper_ppm": 103.11, "gold_ppm": 0.0059, "molybdenum_ppm": 5.51, "arsenic_ppm": 32.4, "cobalt_ppm": 21.7, "score_porphyry": 1.4022528590885659, "rank_porphyry": 776, "dist_to_fault_km": 4.81, "dist_to_terrane_boundary_km": 35.49, "grid_id": "118_78", "year": 1978 }, "geometry": { "type": "Point", "coordinates": [ -129.409922, 55.60803884 ] } },
{ "type": "Feature", "properties": { "sample_id": "ID103P785312", "latitude": 55.59194899, "longitude": -129.3979807, "rock_class": "sedimentary and volcanic rocks", "rock_type": "chert", "terrane": "Stikinia", "terrane_name": "Stikinia", "era": "Paleozoic to Mesozoic", "copper_ppm": 142.65, "gold_ppm": 0.0077, "molybdenum_ppm": 5.6, "arsenic_ppm": 78.1, "cobalt_ppm": 29.5, "score_porphyry": 1.70525094701348, "rank_porphyry": 431, "dist_to_fault_km": 5.63, "dist_to_terrane_boundary_km": 36.16, "grid_id": "118_78", "year": 1978 }, "geometry": { "type": "Point", "coordinates": [ -129.3979807, 55.59194899 ] } },
{ "type": "Feature", "properties": { "sample_id": "ID103P785314", "latitude": 55.58163522, "longitude": -129.3890406, "rock_class": "sedimentary and volcanic rocks", "rock_type": "chert", "terrane": "Stikinia", "terrane_name": "Stikinia", "era": "Paleozoic to Mesozoic", "copper_ppm": 144.98, "gold_ppm": 0.0139, "molybdenum_ppm": 7.64, "arsenic_ppm": 158.2, "cobalt_ppm": 21.5, "score_porphyry": 1.8667597594782848, "rank_porphyry": 320, "dist_to_fault_km": 6.42, "dist_to_terrane_boundary_km": 36.72, "grid_id": "118_78", "year": 1978 }, "geometry": { "type": "Point", "coordinates": [ -129.389040599999987, 55.58163522 ] } },
{ "type": "Feature", "properties": { "sample_id": "ID103P785315", "latitude": 55.57778123, "longitude": -129.3713803, "rock_class": "sedimentary and volcanic rocks", "rock_type": "chert", "terrane": "Stikinia", "terrane_name": "Stikinia", "era": "Paleozoic to Mesozoic", "copper_ppm": 140.48, "gold_ppm": 0.0112, "molybdenum_ppm": 2.6, "arsenic_ppm": 94.8, "cobalt_ppm": 29.2, "score_porphyry": 1.4983504593387884, "rank_porphyry": 624, "dist_to_fault_km": 7.59, "dist_to_terrane_boundary_km": 37.84, "grid_id": "118_78", "year": 1978 }, "geometry": { "type": "Point", "coordinates": [ -129.3713803, 55.577781229999985 ] } },
{ "type": "Feature", "properties": { "sample_id": "ID103P785318", "latitude": 55.55708829, "longitude": -129.3884493, "rock_class": "sedimentary and volcanic rocks", "rock_type": "chert", "terrane": "Stikinia", "terrane_name": "Stikinia", "era": "Paleozoic to Mesozoic", "copper_ppm": 114.33, "gold_ppm": 0.0056, "molybdenum_ppm": 4.82, "arsenic_ppm": 45.4, "cobalt_ppm": 21.4, "score_porphyry": 1.4356614728653254, "rank_porphyry": 717, "dist_to_fault_km": 6.85, "dist_to_terrane_boundary_km": 36.87, "grid_id": "117_78", "year": 1978 }, "geometry": { "type": "Point", "coordinates": [ -129.3884493, 55.557088289999989 ] } },
{ "type": "Feature", "properties": { "sample_id": "ID103P785320", "latitude": 55.53557045, "longitude": -129.4149828, "rock_class": "sedimentary and volcanic rocks", "rock_type": "chert", "terrane": "Stikinia", "terrane_name": "Stikinia", "era": "Paleozoic to Mesozoic", "copper_ppm": 117.9, "gold_ppm": 0.004, "molybdenum_ppm": 11.33, "arsenic_ppm": 27.8, "cobalt_ppm": 22.3, "score_porphyry": 1.6903176025605162, "rank_porphyry": 441, "dist_to_fault_km": 4.89, "dist_to_terrane_boundary_km": 35.31, "grid_id": "117_78", "year": 1978 }, "geometry": { "type": "Point", "coordinates": [ -129.4149828, 55.53557045 ] } },
{ "type": "Feature", "properties": { "sample_id": "ID103P785322", "latitude": 55.54122431, "longitude": -129.430081, "rock_class": "sedimentary and volcanic rocks", "rock_type": "chert", "terrane": "Stikinia", "terrane_name": "Stikinia", "era": "Paleozoic to Mesozoic", "copper_ppm": 103.19, "gold_ppm": 0.0054, "molybdenum_ppm": 4.04, "arsenic_ppm": 39.2, "cobalt_ppm": 24.9, "score_porphyry": 1.3436105504316209, "rank_porphyry": 880, "dist_to_fault_km": 4.02, "dist_to_terrane_boundary_km": 34.33, "grid_id": "117_78", "year": 1978 }, "geometry": { "type": "Point", "coordinates": [ -129.430081, 55.54122431 ] } },
{ "type": "Feature", "properties": { "sample_id": "ID103P785323", "latitude": 55.53936882, "longitude": -129.4463981, "rock_class": "sedimentary and volcanic rocks", "rock_type": "chert", "terrane": "Stikinia", "terrane_name": "Stikinia", "era": "Paleozoic to Mesozoic", "copper_ppm": 277.26, "gold_ppm": 0.0655, "molybdenum_ppm": 5.79, "arsenic_ppm": 35.7, "cobalt_ppm": 22.6, "score_porphyry": 2.1663635217435724, "rank_porphyry": 216, "dist_to_fault_km": 2.97, "dist_to_terrane_boundary_km": 33.32, "grid_id": "117_78", "year": 1978 }, "geometry": { "type": "Point", "coordinates": [ -129.44639810000001, 55.539368819999986 ] } },
{ "type": "Feature", "properties": { "sample_id": "ID103P785324", "latitude": 55.53936882, "longitude": -129.4463981, "rock_class": "sedimentary and volcanic rocks", "rock_type": "chert", "terrane": "Stikinia", "terrane_name": "Stikinia", "era": "Paleozoic to Mesozoic", "copper_ppm": 294.09, "gold_ppm": 0.0645, "molybdenum_ppm": 6.08, "arsenic_ppm": 38.2, "cobalt_ppm": 24.4, "score_porphyry": 2.2245504617190774, "rank_porphyry": 194, "dist_to_fault_km": 2.97, "dist_to_terrane_boundary_km": 33.32, "grid_id": "117_78", "year": 1978 }, "geometry": { "type": "Point", "coordinates": [ -129.44639810000001, 55.539368819999986 ] } },
{ "type": "Feature", "properties": { "sample_id": "ID103P785329", "latitude": 55.59076672, "longitude": -129.5382159, "rock_class": "sedimentary and volcanic rocks", "rock_type": "mudstone", "terrane": "Stikinia", "terrane_name": "Stikinia", "era": "Mesozoic", "copper_ppm": 133.44, "gold_ppm": 0.0053, "molybdenum_ppm": 5.81, "arsenic_ppm": 35.4, "cobalt_ppm": 27.1, "score_porphyry": 1.5796045336818882, "rank_porphyry": 537, "dist_to_fault_km": 2.99, "dist_to_terrane_boundary_km": 27.34, "grid_id": "118_77", "year": 1978 }, "geometry": { "type": "Point", "coordinates": [ -129.538215900000012, 55.59076672 ] } },
{ "type": "Feature", "properties": { "sample_id": "ID103P785337", "latitude": 55.46167939, "longitude": -129.7937694, "rock_class": "sedimentary rocks", "rock_type": "sandstone", "terrane": "Overlap", "terrane_name": "Stikinia", "era": "Mesozoic", "copper_ppm": 71.18, "gold_ppm": 0.0055, "molybdenum_ppm": 15.16, "arsenic_ppm": 74.7, "cobalt_ppm": 15.8, "score_porphyry": 1.6198973060919633, "rank_porphyry": 492, "dist_to_fault_km": 0.3, "dist_to_terrane_boundary_km": 11.82, "grid_id": "116_76", "year": 1978 }, "geometry": { "type": "Point", "coordinates": [ -129.7937694, 55.461679389999986 ] } },
{ "type": "Feature", "properties": { "sample_id": "ID103P785349", "latitude": 55.73928516, "longitude": -129.9323415, "rock_class": "volcanic rocks", "rock_type": "undivided volcanic rocks", "terrane": "Stikinia", "terrane_name": "Stikinia", "era": "Mesozoic", "copper_ppm": 112.04, "gold_ppm": 0.0125, "molybdenum_ppm": 5.52, "arsenic_ppm": 116.4, "cobalt_ppm": 33.1, "score_porphyry": 1.6769073080509258, "rank_porphyry": 448, "dist_to_fault_km": 5.16, "dist_to_terrane_boundary_km": 11.43, "grid_id": "120_75", "year": 1978 }, "geometry": { "type": "Point", "coordinates": [ -129.9323415, 55.739285159999966 ] } },
{ "type": "Feature", "properties": { "sample_id": "ID103P785367", "latitude": 55.68683612, "longitude": -129.6246308, "rock_class": "sedimentary and volcanic rocks", "rock_type": "mudstone", "terrane": "Stikinia", "terrane_name": "Stikinia", "era": "Mesozoic", "copper_ppm": 102.46, "gold_ppm": 0.0016, "molybdenum_ppm": 4.51, "arsenic_ppm": 47.8, "cobalt_ppm": 21.7, "score_porphyry": 1.3530845391655826, "rank_porphyry": 861, "dist_to_fault_km": 5.94, "dist_to_terrane_boundary_km": 24.65, "grid_id": "119_77", "year": 1978 }, "geometry": { "type": "Point", "coordinates": [ -129.6246308, 55.686836119999981 ] } },
{ "type": "Feature", "properties": { "sample_id": "ID103P785368", "latitude": 55.70383128, "longitude": -129.6482459, "rock_class": "sedimentary and volcanic rocks", "rock_type": "mudstone", "terrane": "Stikinia", "terrane_name": "Stikinia", "era": "Mesozoic", "copper_ppm": 152.42, "gold_ppm": 0.0069, "molybdenum_ppm": 13.54, "arsenic_ppm": 115.9, "cobalt_ppm": 22.4, "score_porphyry": 2.0317419392608755, "rank_porphyry": 262, "dist_to_fault_km": 6.95, "dist_to_terrane_boundary_km": 24.32, "grid_id": "119_77", "year": 1978 }, "geometry": { "type": "Point", "coordinates": [ -129.6482459, 55.703831279999982 ] } },
{ "type": "Feature", "properties": { "sample_id": "ID103P785369", "latitude": 55.69890643, "longitude": -129.6466847, "rock_class": "sedimentary and volcanic rocks", "rock_type": "mudstone", "terrane": "Stikinia", "terrane_name": "Stikinia", "era": "Mesozoic", "copper_ppm": 104.12, "gold_ppm": 0.0029, "molybdenum_ppm": 5.18, "arsenic_ppm": 43.4, "cobalt_ppm": 21.7, "score_porphyry": 1.4014200694608994, "rank_porphyry": 778, "dist_to_fault_km": 6.91, "dist_to_terrane_boundary_km": 24.11, "grid_id": "119_77", "year": 1978 }, "geometry": { "type": "Point", "coordinates": [ -129.6466847, 55.69890643 ] } },
{ "type": "Feature", "properties": { "sample_id": "ID103P785371", "latitude": 55.68431272, "longitude": -129.6603925, "rock_class": "sedimentary and volcanic rocks", "rock_type": "mudstone", "terrane": "Stikinia", "terrane_name": "Stikinia", "era": "Mesozoic", "copper_ppm": 98.76, "gold_ppm": 0.0088, "molybdenum_ppm": 2.83, "arsenic_ppm": 168.8, "cobalt_ppm": 18.5, "score_porphyry": 1.3344665467668018, "rank_porphyry": 902, "dist_to_fault_km": 8.13, "dist_to_terrane_boundary_km": 22.54, "grid_id": "119_77", "year": 1978 }, "geometry": { "type": "Point", "coordinates": [ -129.6603925, 55.684312719999987 ] } },
{ "type": "Feature", "properties": { "sample_id": "ID103P785567", "latitude": 55.04469956, "longitude": -129.0309559, "rock_class": "sedimentary rocks", "rock_type": "undivided sedimentary rocks", "terrane": "Overlap", "terrane_name": "Stikinia", "era": "Mesozoic", "copper_ppm": 246.51, "gold_ppm": 0.0084, "molybdenum_ppm": 41.42, "arsenic_ppm": 730.3, "cobalt_ppm": 40.9, "score_porphyry": 2.9678112010297646, "rank_porphyry": 84, "dist_to_fault_km": 6.96, "dist_to_terrane_boundary_km": 27.17, "grid_id": "112_80", "year": 1978 }, "geometry": { "type": "Point", "coordinates": [ -129.0309559, 55.044699559999962 ] } },
{ "type": "Feature", "properties": { "sample_id": "ID103P785591", "latitude": 55.07530306, "longitude": -128.4215194, "rock_class": "sedimentary rocks", "rock_type": "sandstone", "terrane": "Overlap", "terrane_name": "Stikinia", "era": "Mesozoic", "copper_ppm": 112.39, "gold_ppm": 0.0014, "molybdenum_ppm": 2.98, "arsenic_ppm": 32.3, "cobalt_ppm": 37.6, "score_porphyry": 1.3217482476420579, "rank_porphyry": 926, "dist_to_fault_km": 10.75, "dist_to_terrane_boundary_km": 60.81, "grid_id": "112_84", "year": 1978 }, "geometry": { "type": "Point", "coordinates": [ -128.4215194, 55.075303059999989 ] } },
{ "type": "Feature", "properties": { "sample_id": "ID103P785613", "latitude": 55.12131245, "longitude": -128.6531883, "rock_class": "sedimentary rocks", "rock_type": "siltstone", "terrane": "Overlap", "terrane_name": "Stikinia", "era": "Mesozoic", "copper_ppm": 95.12, "gold_ppm": 0.0016, "molybdenum_ppm": 3.87, "arsenic_ppm": 73.2, "cobalt_ppm": 25.1, "score_porphyry": 1.3405984650446567, "rank_porphyry": 887, "dist_to_fault_km": 9.53, "dist_to_terrane_boundary_km": 51.92, "grid_id": "112_83", "year": 1978 }, "geometry": { "type": "Point", "coordinates": [ -128.653188300000011, 55.12131245 ] } },
{ "type": "Feature", "properties": { "sample_id": "ID103P785614", "latitude": 55.11198841, "longitude": -128.6576899, "rock_class": "sedimentary rocks", "rock_type": "siltstone", "terrane": "Overlap", "terrane_name": "Stikinia", "era": "Mesozoic", "copper_ppm": 82.72, "gold_ppm": 0.0021, "molybdenum_ppm": 4.92, "arsenic_ppm": 67.7, "cobalt_ppm": 27.8, "score_porphyry": 1.365893287376571, "rank_porphyry": 834, "dist_to_fault_km": 8.45, "dist_to_terrane_boundary_km": 51.1, "grid_id": "112_83", "year": 1978 }, "geometry": { "type": "Point", "coordinates": [ -128.6576899, 55.111988409999988 ] } },
{ "type": "Feature", "properties": { "sample_id": "ID103P785632", "latitude": 55.08852806, "longitude": -128.734519, "rock_class": "sedimentary rocks", "rock_type": "siltstone", "terrane": "Overlap", "terrane_name": "Stikinia", "era": "Mesozoic", "copper_ppm": 88.29, "gold_ppm": 0.0029, "molybdenum_ppm": 5.24, "arsenic_ppm": 19.3, "cobalt_ppm": 28.9, "score_porphyry": 1.298346755692722, "rank_porphyry": 965, "dist_to_fault_km": 6.72, "dist_to_terrane_boundary_km": 45.58, "grid_id": "112_82", "year": 1978 }, "geometry": { "type": "Point", "coordinates": [ -128.734519, 55.08852806 ] } },
{ "type": "Feature", "properties": { "sample_id": "ID103P785665", "latitude": 55.02667137, "longitude": -128.8892314, "rock_class": "sedimentary rocks", "rock_type": "undivided sedimentary rocks", "terrane": "Overlap", "terrane_name": "Stikinia", "era": "Mesozoic", "copper_ppm": 49.12, "gold_ppm": 0.004, "molybdenum_ppm": 10.91, "arsenic_ppm": 53.0, "cobalt_ppm": 124.4, "score_porphyry": 1.6516832509205317, "rank_porphyry": 468, "dist_to_fault_km": 3.24, "dist_to_terrane_boundary_km": 33.54, "grid_id": "111_81", "year": 1978 }, "geometry": { "type": "Point", "coordinates": [ -128.8892314, 55.026671370000017 ] } },
{ "type": "Feature", "properties": { "sample_id": "ID103P787027", "latitude": 55.93334939, "longitude": -129.4715018, "rock_class": "sedimentary rocks", "rock_type": "clastic rocks", "terrane": "Stikinia", "terrane_name": "Stikinia", "era": "Mesozoic", "copper_ppm": 94.26, "gold_ppm": 0.0015, "molybdenum_ppm": 14.05, "arsenic_ppm": 49.7, "cobalt_ppm": 29.0, "score_porphyry": 1.7593903059420357, "rank_porphyry": 386, "dist_to_fault_km": 0.91, "dist_to_terrane_boundary_km": 46.95, "grid_id": "122_78", "year": 1978 }, "geometry": { "type": "Point", "coordinates": [ -129.4715018, 55.933349389999975 ] } },
{ "type": "Feature", "properties": { "sample_id": "ID103P787035", "latitude": 55.66102831, "longitude": -129.354588, "rock_class": "sedimentary and volcanic rocks", "rock_type": "chert", "terrane": "Stikinia", "terrane_name": "Stikinia", "era": "Paleozoic to Mesozoic", "copper_ppm": 797.46, "gold_ppm": 0.0799, "molybdenum_ppm": 5.38, "arsenic_ppm": 33.4, "cobalt_ppm": 41.1, "score_porphyry": 2.7824496297891574, "rank_porphyry": 102, "dist_to_fault_km": 4.03, "dist_to_terrane_boundary_km": 39.76, "grid_id": "119_78", "year": 1978 }, "geometry": { "type": "Point", "coordinates": [ -129.354588, 55.661028309999971 ] } },
{ "type": "Feature", "properties": { "sample_id": "ID103P787036", "latitude": 55.65294081, "longitude": -129.3578681, "rock_class": "sedimentary and volcanic rocks", "rock_type": "chert", "terrane": "Stikinia", "terrane_name": "Stikinia", "era": "Paleozoic to Mesozoic", "copper_ppm": 1017.67, "gold_ppm": 0.0672, "molybdenum_ppm": 6.04, "arsenic_ppm": 44.4, "cobalt_ppm": 59.2, "score_porphyry": 2.9650613695097632, "rank_porphyry": 85, "dist_to_fault_km": 4.87, "dist_to_terrane_boundary_km": 39.38, "grid_id": "118_78", "year": 1978 }, "geometry": { "type": "Point", "coordinates": [ -129.3578681, 55.652940809999983 ] } },
{ "type": "Feature", "properties": { "sample_id": "ID103P787038", "latitude": 55.66212508, "longitude": -129.4038585, "rock_class": "volcanic and sedimentary rocks", "rock_type": "undivided volcanic rocks", "terrane": "Stikinia", "terrane_name": "Stikinia", "era": "Mesozoic", "copper_ppm": 135.3, "gold_ppm": 0.0303, "molybdenum_ppm": 2.94, "arsenic_ppm": 62.5, "cobalt_ppm": 24.2, "score_porphyry": 1.5340863909197051, "rank_porphyry": 584, "dist_to_fault_km": 2.07, "dist_to_terrane_boundary_km": 36.77, "grid_id": "119_78", "year": 1978 }, "geometry": { "type": "Point", "coordinates": [ -129.403858500000013, 55.66212508 ] } },
{ "type": "Feature", "properties": { "sample_id": "ID103P787050", "latitude": 55.70067395, "longitude": -129.3722265, "rock_class": "sedimentary and volcanic rocks", "rock_type": "chert", "terrane": "Stikinia", "terrane_name": "Stikinia", "era": "Paleozoic to Mesozoic", "copper_ppm": 108.69, "gold_ppm": 0.0047, "molybdenum_ppm": 5.72, "arsenic_ppm": 23.1, "cobalt_ppm": 27.7, "score_porphyry": 1.4398944919332837, "rank_porphyry": 713, "dist_to_fault_km": 0.0, "dist_to_terrane_boundary_km": 39.87, "grid_id": "119_78", "year": 1978 }, "geometry": { "type": "Point", "coordinates": [ -129.372226500000011, 55.70067395 ] } },
{ "type": "Feature", "properties": { "sample_id": "ID103P787051", "latitude": 55.70408374, "longitude": -129.3587013, "rock_class": "sedimentary and volcanic rocks", "rock_type": "chert", "terrane": "Stikinia", "terrane_name": "Stikinia", "era": "Paleozoic to Mesozoic", "copper_ppm": 111.91, "gold_ppm": 0.0049, "molybdenum_ppm": 5.11, "arsenic_ppm": 32.8, "cobalt_ppm": 31.0, "score_porphyry": 1.4718640615142864, "rank_porphyry": 665, "dist_to_fault_km": 0.21, "dist_to_terrane_boundary_km": 40.8, "grid_id": "119_78", "year": 1978 }, "geometry": { "type": "Point", "coordinates": [ -129.3587013, 55.70408374 ] } },
{ "type": "Feature", "properties": { "sample_id": "ID103P787072", "latitude": 55.64100027, "longitude": -129.1236959, "rock_class": "sedimentary rocks", "rock_type": "sandstone", "terrane": "Overlap", "terrane_name": "Stikinia", "era": "Mesozoic", "copper_ppm": 82.47, "gold_ppm": 0.0034, "molybdenum_ppm": 2.82, "arsenic_ppm": 36.2, "cobalt_ppm": 68.6, "score_porphyry": 1.2937196499425798, "rank_porphyry": 971, "dist_to_fault_km": 15.41, "dist_to_terrane_boundary_km": 53.74, "grid_id": "118_80", "year": 1978 }, "geometry": { "type": "Point", "coordinates": [ -129.1236959, 55.641000269999978 ] } },
{ "type": "Feature", "properties": { "sample_id": "ID103P787087", "latitude": 55.63086194, "longitude": -129.2707237, "rock_class": "volcanic and sedimentary rocks", "rock_type": "undivided volcanic rocks", "terrane": "Stikinia", "terrane_name": "Stikinia", "era": "Mesozoic", "copper_ppm": 71.16, "gold_ppm": 0.2179, "molybdenum_ppm": 0.64, "arsenic_ppm": 11.1, "cobalt_ppm": 12.9, "score_porphyry": 1.4564313075811375, "rank_porphyry": 686, "dist_to_fault_km": 9.27, "dist_to_terrane_boundary_km": 44.43, "grid_id": "118_79", "year": 1978 }, "geometry": { "type": "Point", "coordinates": [ -129.2707237, 55.63086194 ] } },
{ "type": "Feature", "properties": { "sample_id": "ID103P787091", "latitude": 55.60170673, "longitude": -129.2296706, "rock_class": "volcanic and sedimentary rocks", "rock_type": "undivided volcanic rocks", "terrane": "Stikinia", "terrane_name": "Stikinia", "era": "Mesozoic", "copper_ppm": 85.38, "gold_ppm": 0.0945, "molybdenum_ppm": 3.29, "arsenic_ppm": 505.8, "cobalt_ppm": 22.4, "score_porphyry": 1.8654075792026834, "rank_porphyry": 322, "dist_to_fault_km": 13.38, "dist_to_terrane_boundary_km": 46.77, "grid_id": "118_79", "year": 1978 }, "geometry": { "type": "Point", "coordinates": [ -129.2296706, 55.601706729999989 ] } },
{ "type": "Feature", "properties": { "sample_id": "ID103P787143", "latitude": 55.80331859, "longitude": -129.4209369, "rock_class": "sedimentary rocks", "rock_type": "clastic rocks", "terrane": "Stikinia", "terrane_name": "Stikinia", "era": "Mesozoic", "copper_ppm": 39.8, "gold_ppm": 0.0147, "molybdenum_ppm": 18.8, "arsenic_ppm": 51.5, "cobalt_ppm": 17.5, "score_porphyry": 1.4646178150959088, "rank_porphyry": 675, "dist_to_fault_km": 0.62, "dist_to_terrane_boundary_km": 42.29, "grid_id": "120_78", "year": 1978 }, "geometry": { "type": "Point", "coordinates": [ -129.420936899999987, 55.803318590000011 ] } },
{ "type": "Feature", "properties": { "sample_id": "ID103P787159", "latitude": 55.74309729, "longitude": -129.2755778, "rock_class": "sedimentary rocks", "rock_type": "sandstone", "terrane": "Overlap", "terrane_name": "Stikinia", "era": "Mesozoic", "copper_ppm": 40.58, "gold_ppm": 0.004, "molybdenum_ppm": 11.95, "arsenic_ppm": 43.3, "cobalt_ppm": 26.3, "score_porphyry": 1.3071083518920159, "rank_porphyry": 952, "dist_to_fault_km": 4.21, "dist_to_terrane_boundary_km": 47.19, "grid_id": "119_79", "year": 1978 }, "geometry": { "type": "Point", "coordinates": [ -129.2755778, 55.74309729 ] } },
{ "type": "Feature", "properties": { "sample_id": "ID103P787346", "latitude": 55.50227209, "longitude": -129.2246429, "rock_class": "sedimentary rocks", "rock_type": "clastic rocks", "terrane": "Stikinia", "terrane_name": "Stikinia", "era": "Mesozoic", "copper_ppm": 118.62, "gold_ppm": 0.0017, "molybdenum_ppm": 31.62, "arsenic_ppm": 49.5, "cobalt_ppm": 26.3, "score_porphyry": 2.1468503223885387, "rank_porphyry": 220, "dist_to_fault_km": 7.47, "dist_to_terrane_boundary_km": 47.36, "grid_id": "117_79", "year": 1978 }, "geometry": { "type": "Point", "coordinates": [ -129.2246429, 55.50227208999997 ] } },
{ "type": "Feature", "properties": { "sample_id": "ID103P787347", "latitude": 55.5045982, "longitude": -129.2203499, "rock_class": "sedimentary rocks", "rock_type": "clastic rocks", "terrane": "Stikinia", "terrane_name": "Stikinia", "era": "Mesozoic", "copper_ppm": 63.27, "gold_ppm": 0.0111, "molybdenum_ppm": 7.43, "arsenic_ppm": 111.6, "cobalt_ppm": 20.4, "score_porphyry": 1.4268175740448557, "rank_porphyry": 725, "dist_to_fault_km": 7.63, "dist_to_terrane_boundary_km": 47.73, "grid_id": "117_79", "year": 1978 }, "geometry": { "type": "Point", "coordinates": [ -129.2203499, 55.5045982 ] } },
{ "type": "Feature", "properties": { "sample_id": "ID103P787358", "latitude": 55.43773437, "longitude": -129.0196301, "rock_class": "sedimentary rocks", "rock_type": "siltstone", "terrane": "Overlap", "terrane_name": "Stikinia", "era": "Mesozoic", "copper_ppm": 105.06, "gold_ppm": 0.0042, "molybdenum_ppm": 1.9, "arsenic_ppm": 152.8, "cobalt_ppm": 47.6, "score_porphyry": 1.3838155065060462, "rank_porphyry": 805, "dist_to_fault_km": 7.38, "dist_to_terrane_boundary_km": 52.3, "grid_id": "116_80", "year": 1978 }, "geometry": { "type": "Point", "coordinates": [ -129.0196301, 55.437734369999987 ] } },
{ "type": "Feature", "properties": { "sample_id": "ID103P787403", "latitude": 55.96421559, "longitude": -128.9844134, "rock_class": "sedimentary rocks", "rock_type": "sandstone", "terrane": "Overlap", "terrane_name": "Stikinia", "era": "Mesozoic", "copper_ppm": 95.76, "gold_ppm": 0.0027, "molybdenum_ppm": 35.69, "arsenic_ppm": 92.4, "cobalt_ppm": 105.2, "score_porphyry": 2.4081035913913542, "rank_porphyry": 162, "dist_to_fault_km": 15.13, "dist_to_terrane_boundary_km": 74.92, "grid_id": "122_81", "year": 1978 }, "geometry": { "type": "Point", "coordinates": [ -128.9844134, 55.96421559 ] } },
{ "type": "Feature", "properties": { "sample_id": "ID103P787409", "latitude": 55.91783987, "longitude": -128.8624161, "rock_class": "sedimentary rocks", "rock_type": "sandstone", "terrane": "Overlap", "terrane_name": "Stikinia", "era": "Mesozoic", "copper_ppm": 94.86, "gold_ppm": 0.0017, "molybdenum_ppm": 6.67, "arsenic_ppm": 14.7, "cobalt_ppm": 28.2, "score_porphyry": 1.3735657038212186, "rank_porphyry": 822, "dist_to_fault_km": 23.54, "dist_to_terrane_boundary_km": 78.85, "grid_id": "121_82", "year": 1978 }, "geometry": { "type": "Point", "coordinates": [ -128.8624161, 55.91783986999998 ] } },
{ "type": "Feature", "properties": { "sample_id": "ID103P787533", "latitude": 55.83173495, "longitude": -129.1296327, "rock_class": "sedimentary rocks", "rock_type": "sandstone", "terrane": "Overlap", "terrane_name": "Stikinia", "era": "Mesozoic", "copper_ppm": 49.71, "gold_ppm": 0.014, "molybdenum_ppm": 17.66, "arsenic_ppm": 14.6, "cobalt_ppm": 160.7, "score_porphyry": 1.7958286831941477, "rank_porphyry": 364, "dist_to_fault_km": 13.46, "dist_to_terrane_boundary_km": 59.61, "grid_id": "120_80", "year": 1978 }, "geometry": { "type": "Point", "coordinates": [ -129.1296327, 55.83173495 ] } },
{ "type": "Feature", "properties": { "sample_id": "ID103P787562", "latitude": 55.72665139, "longitude": -128.8784377, "rock_class": "sedimentary rocks", "rock_type": "sandstone", "terrane": "Overlap", "terrane_name": "Stikinia", "era": "Mesozoic", "copper_ppm": 90.02, "gold_ppm": 0.0094, "molybdenum_ppm": 4.23, "arsenic_ppm": 14.3, "cobalt_ppm": 38.9, "score_porphyry": 1.2922887152474085, "rank_porphyry": 973, "dist_to_fault_km": 29.07, "dist_to_terrane_boundary_km": 70.51, "grid_id": "119_81", "year": 1978 }, "geometry": { "type": "Point", "coordinates": [ -128.8784377, 55.726651389999986 ] } },
{ "type": "Feature", "properties": { "sample_id": "ID103P787594", "latitude": 55.60520581, "longitude": -129.0338243, "rock_class": "sedimentary rocks", "rock_type": "sandstone", "terrane": "Overlap", "terrane_name": "Stikinia", "era": "Mesozoic", "copper_ppm": 48.25, "gold_ppm": 0.0222, "molybdenum_ppm": 19.78, "arsenic_ppm": 208.2, "cobalt_ppm": 29.2, "score_porphyry": 1.8374731378966573, "rank_porphyry": 336, "dist_to_fault_km": 20.37, "dist_to_terrane_boundary_km": 59.09, "grid_id": "118_80", "year": 1978 }, "geometry": { "type": "Point", "coordinates": [ -129.0338243, 55.605205809999973 ] } },
{ "type": "Feature", "properties": { "sample_id": "ID103P787607", "latitude": 55.52359686, "longitude": -128.8695765, "rock_class": "sedimentary rocks", "rock_type": "siltstone", "terrane": "Overlap", "terrane_name": "Stikinia", "era": "Mesozoic", "copper_ppm": 98.16, "gold_ppm": 0.0031, "molybdenum_ppm": 3.7, "arsenic_ppm": 24.7, "cobalt_ppm": 49.4, "score_porphyry": 1.3544692444175117, "rank_porphyry": 860, "dist_to_fault_km": 20.04, "dist_to_terrane_boundary_km": 65.58, "grid_id": "117_81", "year": 1978 }, "geometry": { "type": "Point", "coordinates": [ -128.8695765, 55.523596859999969 ] } },
{ "type": "Feature", "properties": { "sample_id": "ID103P787635", "latitude": 55.34521588, "longitude": -128.5855274, "rock_class": "sedimentary rocks", "rock_type": "sandstone", "terrane": "Overlap", "terrane_name": "Stikinia", "era": "Mesozoic", "copper_ppm": 127.31, "gold_ppm": 0.0047, "molybdenum_ppm": 2.68, "arsenic_ppm": 24.6, "cobalt_ppm": 54.6, "score_porphyry": 1.4010806942307878, "rank_porphyry": 780, "dist_to_fault_km": 19.42, "dist_to_terrane_boundary_km": 69.35, "grid_id": "115_83", "year": 1978 }, "geometry": { "type": "Point", "coordinates": [ -128.585527399999989, 55.34521588 ] } },
{ "type": "Feature", "properties": { "sample_id": "ID103P787725", "latitude": 55.14708849, "longitude": -128.5571287, "rock_class": "sedimentary rocks", "rock_type": "siltstone", "terrane": "Overlap", "terrane_name": "Stikinia", "era": "Mesozoic", "copper_ppm": 94.8, "gold_ppm": 0.0014, "molybdenum_ppm": 3.52, "arsenic_ppm": 93.1, "cobalt_ppm": 23.8, "score_porphyry": 1.3249150052814482, "rank_porphyry": 919, "dist_to_fault_km": 14.52, "dist_to_terrane_boundary_km": 58.6, "grid_id": "113_83", "year": 1978 }, "geometry": { "type": "Point", "coordinates": [ -128.5571287, 55.147088489999987 ] } },
{ "type": "Feature", "properties": { "sample_id": "ID103P787748", "latitude": 55.16786976, "longitude": -128.45018, "rock_class": "sedimentary rocks", "rock_type": "undivided sedimentary rocks", "terrane": "Overlap", "terrane_name": "Stikinia", "era": "Mesozoic", "copper_ppm": 94.47, "gold_ppm": 0.002, "molybdenum_ppm": 3.32, "arsenic_ppm": 65.5, "cobalt_ppm": 25.2, "score_porphyry": 1.2821350825061528, "rank_porphyry": 1000, "dist_to_fault_km": 14.85, "dist_to_terrane_boundary_km": 65.54, "grid_id": "113_84", "year": 1978 }, "geometry": { "type": "Point", "coordinates": [ -128.45018, 55.167869760000016 ] } },
{ "type": "Feature", "properties": { "sample_id": "ID103P787751", "latitude": 55.1831526, "longitude": -128.45154, "rock_class": "sedimentary rocks", "rock_type": "undivided sedimentary rocks", "terrane": "Overlap", "terrane_name": "Stikinia", "era": "Mesozoic", "copper_ppm": 108.73, "gold_ppm": 0.003, "molybdenum_ppm": 5.16, "arsenic_ppm": 120.0, "cobalt_ppm": 34.5, "score_porphyry": 1.6049036732698669, "rank_porphyry": 513, "dist_to_fault_km": 13.63, "dist_to_terrane_boundary_km": 66.42, "grid_id": "113_84", "year": 1978 }, "geometry": { "type": "Point", "coordinates": [ -128.45154, 55.183152599999978 ] } },
{ "type": "Feature", "properties": { "sample_id": "ID103P787860", "latitude": 55.31886728, "longitude": -128.2933464, "rock_class": "sedimentary rocks", "rock_type": "siltstone", "terrane": "Overlap", "terrane_name": "Stikinia", "era": "Mesozoic", "copper_ppm": 87.8, "gold_ppm": 0.0074, "molybdenum_ppm": 5.06, "arsenic_ppm": 12.8, "cobalt_ppm": 48.4, "score_porphyry": 1.3557556532313835, "rank_porphyry": 857, "dist_to_fault_km": 5.02, "dist_to_terrane_boundary_km": 83.14, "grid_id": "114_85", "year": 1978 }, "geometry": { "type": "Point", "coordinates": [ -128.2933464, 55.318867279999978 ] } },
{ "type": "Feature", "properties": { "sample_id": "ID103P787890", "latitude": 55.27761689, "longitude": -128.2865388, "rock_class": "sedimentary rocks", "rock_type": "siltstone", "terrane": "Overlap", "terrane_name": "Stikinia", "era": "Mesozoic", "copper_ppm": 94.48, "gold_ppm": 0.0039, "molybdenum_ppm": 4.08, "arsenic_ppm": 41.0, "cobalt_ppm": 37.1, "score_porphyry": 1.3731411159188098, "rank_porphyry": 825, "dist_to_fault_km": 1.15, "dist_to_terrane_boundary_km": 80.96, "grid_id": "114_85", "year": 1978 }, "geometry": { "type": "Point", "coordinates": [ -128.286538799999988, 55.277616889999983 ] } },
{ "type": "Feature", "properties": { "sample_id": "ID103P787925", "latitude": 55.36964091, "longitude": -128.2044292, "rock_class": "sedimentary rocks", "rock_type": "sandstone", "terrane": "Overlap", "terrane_name": "Stikinia", "era": "Mesozoic", "copper_ppm": 157.38, "gold_ppm": 0.0019, "molybdenum_ppm": 7.19, "arsenic_ppm": 24.7, "cobalt_ppm": 26.1, "score_porphyry": 1.6657274919225533, "rank_porphyry": 456, "dist_to_fault_km": 10.59, "dist_to_terrane_boundary_km": 90.96, "grid_id": "115_86", "year": 1978 }, "geometry": { "type": "Point", "coordinates": [ -128.2044292, 55.36964091 ] } },
{ "type": "Feature", "properties": { "sample_id": "ID103P787927", "latitude": 55.3600193, "longitude": -128.1500728, "rock_class": "sedimentary rocks", "rock_type": "sandstone", "terrane": "Overlap", "terrane_name": "Stikinia", "era": "Mesozoic", "copper_ppm": 103.07, "gold_ppm": 0.0023, "molybdenum_ppm": 5.85, "arsenic_ppm": 43.2, "cobalt_ppm": 27.9, "score_porphyry": 1.4764752306917559, "rank_porphyry": 656, "dist_to_fault_km": 7.92, "dist_to_terrane_boundary_km": 93.24, "grid_id": "115_86", "year": 1978 }, "geometry": { "type": "Point", "coordinates": [ -128.1500728, 55.360019299999983 ] } },
{ "type": "Feature", "properties": { "sample_id": "ID103P787942", "latitude": 55.17424466, "longitude": -128.3589003, "rock_class": "sedimentary rocks", "rock_type": "undivided sedimentary rocks", "terrane": "Overlap", "terrane_name": "Stikinia", "era": "Mesozoic", "copper_ppm": 114.09, "gold_ppm": 0.0004, "molybdenum_ppm": 4.28, "arsenic_ppm": 75.2, "cobalt_ppm": 30.5, "score_porphyry": 1.4839109631618388, "rank_porphyry": 644, "dist_to_fault_km": 9.72, "dist_to_terrane_boundary_km": 70.77, "grid_id": "113_85", "year": 1978 }, "geometry": { "type": "Point", "coordinates": [ -128.358900299999988, 55.17424466 ] } },
{ "type": "Feature", "properties": { "sample_id": "ID103P787954", "latitude": 55.49573755, "longitude": -129.4945934, "rock_class": "sedimentary rocks", "rock_type": "sandstone", "terrane": "Overlap", "terrane_name": "Stikinia", "era": "Mesozoic", "copper_ppm": 75.68, "gold_ppm": 0.1066, "molybdenum_ppm": 2.07, "arsenic_ppm": 490.1, "cobalt_ppm": 51.0, "score_porphyry": 1.8750953249729758, "rank_porphyry": 315, "dist_to_fault_km": 1.18, "dist_to_terrane_boundary_km": 30.51, "grid_id": "117_77", "year": 1978 }, "geometry": { "type": "Point", "coordinates": [ -129.494593400000014, 55.49573755 ] } },
{ "type": "Feature", "properties": { "sample_id": "ID103P787973", "latitude": 55.42960447, "longitude": -129.4916647, "rock_class": "sedimentary rocks", "rock_type": "sandstone", "terrane": "Overlap", "terrane_name": "Stikinia", "era": "Mesozoic", "copper_ppm": 50.15, "gold_ppm": 0.0059, "molybdenum_ppm": 46.68, "arsenic_ppm": 41.6, "cobalt_ppm": 21.1, "score_porphyry": 1.8750205040468213, "rank_porphyry": 316, "dist_to_fault_km": 0.14, "dist_to_terrane_boundary_km": 29.66, "grid_id": "116_77", "year": 1978 }, "geometry": { "type": "Point", "coordinates": [ -129.4916647, 55.42960447 ] } },
{ "type": "Feature", "properties": { "sample_id": "ID103P787974", "latitude": 55.41359428, "longitude": -129.490992, "rock_class": "intrusive rocks", "rock_type": "quartz monzonite", "terrane": "Post Accretionary", "terrane_name": "Stikinia", "era": "Cenozoic", "copper_ppm": 44.84, "gold_ppm": 0.0051, "molybdenum_ppm": 179.05, "arsenic_ppm": 24.2, "cobalt_ppm": 15.0, "score_porphyry": 2.2251803030809509, "rank_porphyry": 193, "dist_to_fault_km": 0.43, "dist_to_terrane_boundary_km": 28.44, "grid_id": "116_77", "year": 1978 }, "geometry": { "type": "Point", "coordinates": [ -129.490992, 55.41359427999997 ] } },
{ "type": "Feature", "properties": { "sample_id": "ID103P787975", "latitude": 55.41358184, "longitude": -129.4851, "rock_class": "sedimentary rocks", "rock_type": "sandstone", "terrane": "Overlap", "terrane_name": "Stikinia", "era": "Mesozoic", "copper_ppm": 49.38, "gold_ppm": 0.0067, "molybdenum_ppm": 10.63, "arsenic_ppm": 40.9, "cobalt_ppm": 22.8, "score_porphyry": 1.3352822992871625, "rank_porphyry": 899, "dist_to_fault_km": 0.06, "dist_to_terrane_boundary_km": 28.7, "grid_id": "116_77", "year": 1978 }, "geometry": { "type": "Point", "coordinates": [ -129.4851, 55.41358184 ] } },
{ "type": "Feature", "properties": { "sample_id": "ID103P787978", "latitude": 55.41891388, "longitude": -129.4184825, "rock_class": "intrusive rocks", "rock_type": "quartz monzonite", "terrane": "Post Accretionary", "terrane_name": "Stikinia", "era": "Cenozoic", "copper_ppm": 62.51, "gold_ppm": 0.0126, "molybdenum_ppm": 23.75, "arsenic_ppm": 60.7, "cobalt_ppm": 29.0, "score_porphyry": 1.8444857934619887, "rank_porphyry": 333, "dist_to_fault_km": 0.11, "dist_to_terrane_boundary_km": 32.12, "grid_id": "116_78", "year": 1978 }, "geometry": { "type": "Point", "coordinates": [ -129.41848250000001, 55.41891388 ] } },
{ "type": "Feature", "properties": { "sample_id": "ID103P787979", "latitude": 55.43161474, "longitude": -129.4225992, "rock_class": "sedimentary rocks", "rock_type": "sandstone", "terrane": "Overlap", "terrane_name": "Stikinia", "era": "Mesozoic", "copper_ppm": 50.63, "gold_ppm": 0.0028, "molybdenum_ppm": 47.99, "arsenic_ppm": 25.3, "cobalt_ppm": 41.3, "score_porphyry": 1.9396210928759698, "rank_porphyry": 292, "dist_to_fault_km": 1.14, "dist_to_terrane_boundary_km": 32.93, "grid_id": "116_78", "year": 1978 }, "geometry": { "type": "Point", "coordinates": [ -129.4225992, 55.43161474 ] } },
{ "type": "Feature", "properties": { "sample_id": "ID104A041040", "latitude": 56.05310633, "longitude": -129.894538, "rock_class": "sedimentary and volcanic rocks", "rock_type": "mudstone", "terrane": "Stikinia", "terrane_name": "Stikinia", "era": "Mesozoic", "copper_ppm": 106.09, "gold_ppm": null, "molybdenum_ppm": 2.58, "arsenic_ppm": 90.30000305, "cobalt_ppm": 35.5, "score_porphyry": 1.3709761823259483, "rank_porphyry": 828, "dist_to_fault_km": 0.31, "dist_to_terrane_boundary_km": 26.43, "grid_id": "123_75", "year": 2004 }, "geometry": { "type": "Point", "coordinates": [ -129.894538, 56.05310633 ] } },
{ "type": "Feature", "properties": { "sample_id": "ID104A041329", "latitude": 56.30330348, "longitude": -129.7500104, "rock_class": "sedimentary rocks", "rock_type": "clastic rocks", "terrane": "Stikinia", "terrane_name": "Stikinia", "era": "Mesozoic", "copper_ppm": 55.32, "gold_ppm": null, "molybdenum_ppm": 9.47, "arsenic_ppm": 88.5, "cobalt_ppm": 15.4, "score_porphyry": 1.352377066275376, "rank_porphyry": 864, "dist_to_fault_km": 6.97, "dist_to_terrane_boundary_km": 39.35, "grid_id": "126_76", "year": 2004 }, "geometry": { "type": "Point", "coordinates": [ -129.7500104, 56.303303479999975 ] } },
{ "type": "Feature", "properties": { "sample_id": "ID104A041386", "latitude": 56.19146936, "longitude": -129.9911383, "rock_class": "sedimentary rocks", "rock_type": "sandstone, turbidites", "terrane": "Overlap", "terrane_name": "Stikinia", "era": "Mesozoic", "copper_ppm": 91.4, "gold_ppm": null, "molybdenum_ppm": 3.72, "arsenic_ppm": 28.70000076, "cobalt_ppm": 47.1, "score_porphyry": 1.3430709940168932, "rank_porphyry": 881, "dist_to_fault_km": 0.94, "dist_to_terrane_boundary_km": 22.69, "grid_id": "125_75", "year": 2004 }, "geometry": { "type": "Point", "coordinates": [ -129.991138299999989, 56.191469359999978 ] } },
{ "type": "Feature", "properties": { "sample_id": "ID104A041473", "latitude": 56.22616045, "longitude": -129.4806393, "rock_class": "sedimentary rocks", "rock_type": "sandstone", "terrane": "Overlap", "terrane_name": "Stikinia", "era": "Mesozoic", "copper_ppm": 84.7, "gold_ppm": null, "molybdenum_ppm": 2.28, "arsenic_ppm": 515.2000122, "cobalt_ppm": 21.0, "score_porphyry": 1.327456423089995, "rank_porphyry": 913, "dist_to_fault_km": 3.64, "dist_to_terrane_boundary_km": 54.53, "grid_id": "125_78", "year": 2004 }, "geometry": { "type": "Point", "coordinates": [ -129.4806393, 56.226160449999981 ] } },
{ "type": "Feature", "properties": { "sample_id": "ID104A043004", "latitude": 56.0179693, "longitude": -129.8649301, "rock_class": "intrusive rocks", "rock_type": "monzogranite", "terrane": "Post Accretionary", "terrane_name": "Stikinia", "era": "Cenozoic", "copper_ppm": 112.35, "gold_ppm": null, "molybdenum_ppm": 6.86, "arsenic_ppm": 62.0, "cobalt_ppm": 20.1, "score_porphyry": 1.5657140457780601, "rank_porphyry": 550, "dist_to_fault_km": 3.52, "dist_to_terrane_boundary_km": 27.7, "grid_id": "123_75", "year": 2004 }, "geometry": { "type": "Point", "coordinates": [ -129.8649301, 56.0179693 ] } },
{ "type": "Feature", "properties": { "sample_id": "ID104A043005", "latitude": 56.09353505, "longitude": -129.8546323, "rock_class": "sedimentary and volcanic rocks", "rock_type": "mudstone", "terrane": "Stikinia", "terrane_name": "Stikinia", "era": "Mesozoic", "copper_ppm": 52.16, "gold_ppm": null, "molybdenum_ppm": 8.74, "arsenic_ppm": 142.0, "cobalt_ppm": 16.6, "score_porphyry": 1.3598651469269585, "rank_porphyry": 842, "dist_to_fault_km": 0.19, "dist_to_terrane_boundary_km": 29.52, "grid_id": "123_76", "year": 2004 }, "geometry": { "type": "Point", "coordinates": [ -129.8546323, 56.093535049999986 ] } },
{ "type": "Feature", "properties": { "sample_id": "ID104A043009", "latitude": 56.00393561, "longitude": -129.7798334, "rock_class": "sedimentary and volcanic rocks", "rock_type": "mudstone", "terrane": "Stikinia", "terrane_name": "Stikinia", "era": "Mesozoic", "copper_ppm": 123.65, "gold_ppm": null, "molybdenum_ppm": 6.91, "arsenic_ppm": 22.39999962, "cobalt_ppm": 20.2, "score_porphyry": 1.5082128557064083, "rank_porphyry": 617, "dist_to_fault_km": 6.26, "dist_to_terrane_boundary_km": 32.5, "grid_id": "122_76", "year": 2004 }, "geometry": { "type": "Point", "coordinates": [ -129.7798334, 56.003935609999985 ] } },
{ "type": "Feature", "properties": { "sample_id": "ID104A043014", "latitude": 56.08364383, "longitude": -129.8634603, "rock_class": "sedimentary and volcanic rocks", "rock_type": "mudstone", "terrane": "Stikinia", "terrane_name": "Stikinia", "era": "Mesozoic", "copper_ppm": 117.56, "gold_ppm": null, "molybdenum_ppm": 8.43, "arsenic_ppm": 41.90000153, "cobalt_ppm": 22.8, "score_porphyry": 1.6380076187437325, "rank_porphyry": 476, "dist_to_fault_km": 0.12, "dist_to_terrane_boundary_km": 28.82, "grid_id": "123_76", "year": 2004 }, "geometry": { "type": "Point", "coordinates": [ -129.863460300000014, 56.083643829999964 ] } },
{ "type": "Feature", "properties": { "sample_id": "ID104A043015", "latitude": 56.10777252, "longitude": -129.7720107, "rock_class": "volcanic rocks", "rock_type": "andesite", "terrane": "Stikinia", "terrane_name": "Stikinia", "era": "Mesozoic", "copper_ppm": 106.15, "gold_ppm": null, "molybdenum_ppm": 4.84, "arsenic_ppm": 108.4000015, "cobalt_ppm": 31.2, "score_porphyry": 1.558017369876235, "rank_porphyry": 559, "dist_to_fault_km": 0.79, "dist_to_terrane_boundary_km": 34.82, "grid_id": "124_76", "year": 2004 }, "geometry": { "type": "Point", "coordinates": [ -129.77201070000001, 56.10777252 ] } },
{ "type": "Feature", "properties": { "sample_id": "ID104A043074", "latitude": 56.094804, "longitude": -129.5264831, "rock_class": "volcanic and sedimentary rocks", "rock_type": "undivided volcanic rocks", "terrane": "Stikinia", "terrane_name": "Stikinia", "era": "Mesozoic", "copper_ppm": 179.1, "gold_ppm": null, "molybdenum_ppm": 6.37, "arsenic_ppm": 35.90000153, "cobalt_ppm": 21.3, "score_porphyry": 1.7041062086132828, "rank_porphyry": 432, "dist_to_fault_km": 6.39, "dist_to_terrane_boundary_km": 49.72, "grid_id": "123_78", "year": 2004 }, "geometry": { "type": "Point", "coordinates": [ -129.5264831, 56.094804 ] } },
{ "type": "Feature", "properties": { "sample_id": "ID104A043076", "latitude": 56.10374485, "longitude": -129.5649333, "rock_class": "volcanic and sedimentary rocks", "rock_type": "undivided volcanic rocks", "terrane": "Stikinia", "terrane_name": "Stikinia", "era": "Mesozoic", "copper_ppm": 147.65, "gold_ppm": null, "molybdenum_ppm": 2.52, "arsenic_ppm": 66.0, "cobalt_ppm": 28.7, "score_porphyry": 1.4436736520161044, "rank_porphyry": 706, "dist_to_fault_km": 5.24, "dist_to_terrane_boundary_km": 47.49, "grid_id": "123_77", "year": 2004 }, "geometry": { "type": "Point", "coordinates": [ -129.5649333, 56.10374485 ] } },
{ "type": "Feature", "properties": { "sample_id": "ID104A043093", "latitude": 56.00533877, "longitude": -129.5053488, "rock_class": "volcanic and sedimentary rocks", "rock_type": "undivided volcanic rocks", "terrane": "Stikinia", "terrane_name": "Stikinia", "era": "Mesozoic", "copper_ppm": 220.78, "gold_ppm": null, "molybdenum_ppm": 5.88, "arsenic_ppm": 22.39999962, "cobalt_ppm": 19.5, "score_porphyry": 1.7088622942612861, "rank_porphyry": 429, "dist_to_fault_km": 2.94, "dist_to_terrane_boundary_km": 48.22, "grid_id": "122_78", "year": 2004 }, "geometry": { "type": "Point", "coordinates": [ -129.5053488, 56.00533877 ] } },
{ "type": "Feature", "properties": { "sample_id": "ID104A043094", "latitude": 56.06047664, "longitude": -129.5602215, "rock_class": "volcanic and sedimentary rocks", "rock_type": "trachybasalt", "terrane": "Stikinia", "terrane_name": "Stikinia", "era": "Mesozoic", "copper_ppm": 174.68, "gold_ppm": null, "molybdenum_ppm": 1.03, "arsenic_ppm": 133.8999939, "cobalt_ppm": 22.7, "score_porphyry": 1.3385524503998223, "rank_porphyry": 891, "dist_to_fault_km": 3.48, "dist_to_terrane_boundary_km": 47.12, "grid_id": "123_77", "year": 2004 }, "geometry": { "type": "Point", "coordinates": [ -129.560221500000011, 56.060476639999983 ] } },
{ "type": "Feature", "properties": { "sample_id": "ID104A045225", "latitude": 56.10828037, "longitude": -129.8506336, "rock_class": "sedimentary and volcanic rocks", "rock_type": "mudstone", "terrane": "Stikinia", "terrane_name": "Stikinia", "era": "Mesozoic", "copper_ppm": 57.6, "gold_ppm": null, "molybdenum_ppm": 9.8, "arsenic_ppm": 235.5, "cobalt_ppm": 22.9, "score_porphyry": 1.5514064012425355, "rank_porphyry": 569, "dist_to_fault_km": 0.94, "dist_to_terrane_boundary_km": 30.0, "grid_id": "124_76", "year": 2004 }, "geometry": { "type": "Point", "coordinates": [ -129.8506336, 56.108280369999974 ] } },
{ "type": "Feature", "properties": { "sample_id": "ID104B871006", "latitude": 56.27761451, "longitude": -130.0683376, "rock_class": "volcanic rocks", "rock_type": "andesitic volcanic rocks", "terrane": "Stikinia", "terrane_name": "Stikinia", "era": "Mesozoic", "copper_ppm": 146.45, "gold_ppm": 0.125, "molybdenum_ppm": 6.12, "arsenic_ppm": 446.0, "cobalt_ppm": 26.9, "score_porphyry": 2.459058378237299, "rank_porphyry": 151, "dist_to_fault_km": 0.12, "dist_to_terrane_boundary_km": 19.49, "grid_id": "126_74", "year": 1987 }, "geometry": { "type": "Point", "coordinates": [ -130.0683376, 56.277614509999985 ] } },
{ "type": "Feature", "properties": { "sample_id": "ID104B871033", "latitude": 56.95599, "longitude": -131.82158, "rock_class": "sedimentary rocks", "rock_type": "marine sedimentary and volcanic rocks", "terrane": "Stikinia", "terrane_name": "Stikinia", "era": "Mesozoic", "copper_ppm": 360.95, "gold_ppm": 0.012, "molybdenum_ppm": 2.35, "arsenic_ppm": 2.2000000480000002, "cobalt_ppm": 34.1, "score_porphyry": 1.5700246564623004, "rank_porphyry": 545, "dist_to_fault_km": 5.39, "dist_to_terrane_boundary_km": 10.47, "grid_id": "134_64", "year": 1987 }, "geometry": { "type": "Point", "coordinates": [ -131.82158, 56.95599 ] } },
{ "type": "Feature", "properties": { "sample_id": "ID104B871059", "latitude": 56.73074, "longitude": -131.83618, "rock_class": "metamorphic rocks", "rock_type": "metamorphic rocks, undivided", "terrane": "Stikinia", "terrane_name": "Coast plutonic complex", "era": "Paleozoic", "copper_ppm": 50.38, "gold_ppm": 0.911, "molybdenum_ppm": 0.5, "arsenic_ppm": 0.60000002399999997, "cobalt_ppm": 10.4, "score_porphyry": 3.2577959213538006, "rank_porphyry": 69, "dist_to_fault_km": 30.5, "dist_to_terrane_boundary_km": 5.1, "grid_id": "131_64", "year": 1987 }, "geometry": { "type": "Point", "coordinates": [ -131.83618, 56.73074 ] } },
{ "type": "Feature", "properties": { "sample_id": "ID104B871074", "latitude": 56.76265, "longitude": -131.69559, "rock_class": "sedimentary rocks", "rock_type": "marine sedimentary and volcanic rocks", "terrane": "Stikinia", "terrane_name": "Stikinia", "era": "Mesozoic", "copper_ppm": 111.12, "gold_ppm": 0.005, "molybdenum_ppm": 3.39, "arsenic_ppm": 32.29999924, "cobalt_ppm": 23.2, "score_porphyry": 1.2893418416336431, "rank_porphyry": 980, "dist_to_fault_km": 28.14, "dist_to_terrane_boundary_km": 3.65, "grid_id": "132_65", "year": 1987 }, "geometry": { "type": "Point", "coordinates": [ -131.69559, 56.76265 ] } },
{ "type": "Feature", "properties": { "sample_id": "ID104B871075", "latitude": 56.76236, "longitude": -131.67207, "rock_class": "sedimentary rocks", "rock_type": "marine sedimentary and volcanic rocks", "terrane": "Stikinia", "terrane_name": "Stikinia", "era": "Mesozoic", "copper_ppm": 88.76, "gold_ppm": 0.002, "molybdenum_ppm": 7.3, "arsenic_ppm": 28.60000038, "cobalt_ppm": 19.8, "score_porphyry": 1.3819720828168487, "rank_porphyry": 808, "dist_to_fault_km": 28.61, "dist_to_terrane_boundary_km": 4.61, "grid_id": "132_65", "year": 1987 }, "geometry": { "type": "Point", "coordinates": [ -131.67207, 56.76236 ] } },
{ "type": "Feature", "properties": { "sample_id": "ID104B871080", "latitude": 56.77639, "longitude": -131.6251, "rock_class": "sedimentary rocks", "rock_type": "marine sedimentary and volcanic rocks", "terrane": "Stikinia", "terrane_name": "Stikinia", "era": "Mesozoic", "copper_ppm": 143.79, "gold_ppm": 0.012, "molybdenum_ppm": 7.52, "arsenic_ppm": 31.39999962, "cobalt_ppm": 28.0, "score_porphyry": 1.7266424292953149, "rank_porphyry": 414, "dist_to_fault_km": 27.29, "dist_to_terrane_boundary_km": 7.72, "grid_id": "132_65", "year": 1987 }, "geometry": { "type": "Point", "coordinates": [ -131.6251, 56.77639 ] } },
{ "type": "Feature", "properties": { "sample_id": "ID104B871097", "latitude": 56.64587, "longitude": -131.01475, "rock_class": "sedimentary rocks", "rock_type": "marine sedimentary rocks", "terrane": "Stikinia", "terrane_name": "Stikinia", "era": "Mesozoic", "copper_ppm": 254.72, "gold_ppm": 0.287, "molybdenum_ppm": 3.9, "arsenic_ppm": 61.90000153, "cobalt_ppm": 37.3, "score_porphyry": 3.0821085880474444, "rank_porphyry": 78, "dist_to_fault_km": 0.08, "dist_to_terrane_boundary_km": 18.32, "grid_id": "130_69", "year": 1987 }, "geometry": { "type": "Point", "coordinates": [ -131.01475, 56.64587 ] } },
{ "type": "Feature", "properties": { "sample_id": "ID104B871098", "latitude": 56.6568, "longitude": -131.05885, "rock_class": "sedimentary rocks", "rock_type": "marine sedimentary rocks", "terrane": "Stikinia", "terrane_name": "Stikinia", "era": "Mesozoic", "copper_ppm": 231.44, "gold_ppm": 0.209, "molybdenum_ppm": 2.44, "arsenic_ppm": 168.8000031, "cobalt_ppm": 33.5, "score_porphyry": 2.676418622039793, "rank_porphyry": 121, "dist_to_fault_km": 0.06, "dist_to_terrane_boundary_km": 20.45, "grid_id": "130_69", "year": 1987 }, "geometry": { "type": "Point", "coordinates": [ -131.05885, 56.6568 ] } },
{ "type": "Feature", "properties": { "sample_id": "ID104B871099", "latitude": 56.66435, "longitude": -131.07545, "rock_class": "sedimentary rocks", "rock_type": "marine sedimentary rocks", "terrane": "Stikinia", "terrane_name": "Stikinia", "era": "Mesozoic", "copper_ppm": 277.33, "gold_ppm": 0.273, "molybdenum_ppm": 10.94, "arsenic_ppm": 80.30000305, "cobalt_ppm": 42.7, "score_porphyry": 3.4626757436621651, "rank_porphyry": 60, "dist_to_fault_km": 0.01, "dist_to_terrane_boundary_km": 20.59, "grid_id": "130_68", "year": 1987 }, "geometry": { "type": "Point", "coordinates": [ -131.07545, 56.66435 ] } },
{ "type": "Feature", "properties": { "sample_id": "ID104B871102", "latitude": 56.66554, "longitude": -131.11816, "rock_class": "sedimentary rocks", "rock_type": "marine sedimentary rocks", "terrane": "Stikinia", "terrane_name": "Stikinia", "era": "Mesozoic", "copper_ppm": 170.9, "gold_ppm": 1.065, "molybdenum_ppm": 2.31, "arsenic_ppm": 44.29999924, "cobalt_ppm": 24.1, "score_porphyry": 4.9882003253528078, "rank_porphyry": 34, "dist_to_fault_km": 0.15, "dist_to_terrane_boundary_km": 18.32, "grid_id": "130_68", "year": 1987 }, "geometry": { "type": "Point", "coordinates": [ -131.11816, 56.66554 ] } },
{ "type": "Feature", "properties": { "sample_id": "ID104B871105", "latitude": 56.63467, "longitude": -131.15437, "rock_class": "sedimentary and volcanic rocks", "rock_type": "marine sedimentary and volcanic rocks", "terrane": "Stikine", "terrane_name": "Stikinia", "era": "Paleozoic", "copper_ppm": 165.63, "gold_ppm": 0.005, "molybdenum_ppm": 2.13, "arsenic_ppm": 34.29999924, "cobalt_ppm": 24.8, "score_porphyry": 1.3547773961785308, "rank_porphyry": 859, "dist_to_fault_km": 0.07, "dist_to_terrane_boundary_km": 14.78, "grid_id": "130_68", "year": 1987 }, "geometry": { "type": "Point", "coordinates": [ -131.15437, 56.63467 ] } },
{ "type": "Feature", "properties": { "sample_id": "ID104B871112", "latitude": 56.67659429, "longitude": -130.9631919, "rock_class": "volcanic rocks", "rock_type": "intermediate volcanic rocks", "terrane": "Stikinia", "terrane_name": "Stikinia", "era": "Mesozoic", "copper_ppm": 97.86, "gold_ppm": 0.081, "molybdenum_ppm": 1.82, "arsenic_ppm": 24.29999924, "cobalt_ppm": 22.8, "score_porphyry": 1.3906194525838411, "rank_porphyry": 794, "dist_to_fault_km": 0.71, "dist_to_terrane_boundary_km": 20.97, "grid_id": "130_69", "year": 1987 }, "geometry": { "type": "Point", "coordinates": [ -130.9631919, 56.676594289999983 ] } },
{ "type": "Feature", "properties": { "sample_id": "ID104B871113", "latitude": 56.76674895, "longitude": -130.9994937, "rock_class": "intrusive rocks", "rock_type": "intrusive rocks, undivided", "terrane": "Stikinia", "terrane_name": "Stikinia", "era": "Paleozoic", "copper_ppm": 17.52, "gold_ppm": 5.3, "molybdenum_ppm": 0.83, "arsenic_ppm": 5.5, "cobalt_ppm": 7.9, "score_porphyry": 8.9002011827322089, "rank_porphyry": 10, "dist_to_fault_km": 0.17, "dist_to_terrane_boundary_km": 29.9, "grid_id": "131_69", "year": 1987 }, "geometry": { "type": "Point", "coordinates": [ -130.999493699999988, 56.76674895 ] } },
{ "type": "Feature", "properties": { "sample_id": "ID104B871119", "latitude": 56.72426218, "longitude": -130.9956194, "rock_class": "sedimentary rocks", "rock_type": "limestone, marble, calcareous sedimentary rocks", "terrane": "Stikinia", "terrane_name": "Stikinia", "era": "Paleozoic", "copper_ppm": 97.07, "gold_ppm": 0.045, "molybdenum_ppm": 10.3, "arsenic_ppm": 3.4000000950000002, "cobalt_ppm": 19.9, "score_porphyry": 1.5516512986800475, "rank_porphyry": 568, "dist_to_fault_km": 0.26, "dist_to_terrane_boundary_km": 26.53, "grid_id": "131_69", "year": 1987 }, "geometry": { "type": "Point", "coordinates": [ -130.99561940000001, 56.724262179999968 ] } },
{ "type": "Feature", "properties": { "sample_id": "ID104B871120", "latitude": 56.72158928, "longitude": -130.9343368, "rock_class": "metamorphic rocks", "rock_type": "metamorphic rocks, undivided", "terrane": "Stikinia", "terrane_name": "Stikinia", "era": "Paleozoic", "copper_ppm": 107.5, "gold_ppm": 0.031, "molybdenum_ppm": 13.05, "arsenic_ppm": 3.5999999049999998, "cobalt_ppm": 20.5, "score_porphyry": 1.6247769586327832, "rank_porphyry": 488, "dist_to_fault_km": 0.66, "dist_to_terrane_boundary_km": 25.83, "grid_id": "131_69", "year": 1987 }, "geometry": { "type": "Point", "coordinates": [ -130.934336800000011, 56.72158928 ] } },
{ "type": "Feature", "properties": { "sample_id": "ID104B871125", "latitude": 56.69170064, "longitude": -130.9204903, "rock_class": "volcanic rocks", "rock_type": "quaternary mafic volcanic deposits", "terrane": "Younger Volcanics", "terrane_name": "Stikinia", "era": "Cenozoic", "copper_ppm": 54.71, "gold_ppm": 0.174, "molybdenum_ppm": 2.56, "arsenic_ppm": 13.0, "cobalt_ppm": 14.9, "score_porphyry": 1.4974335213983514, "rank_porphyry": 626, "dist_to_fault_km": 2.38, "dist_to_terrane_boundary_km": 22.45, "grid_id": "131_69", "year": 1987 }, "geometry": { "type": "Point", "coordinates": [ -130.920490300000012, 56.69170064 ] } },
{ "type": "Feature", "properties": { "sample_id": "ID104B871132", "latitude": 56.54689528, "longitude": -130.8087929, "rock_class": "intrusive rocks", "rock_type": "monzodiorite, monzonite", "terrane": "Post Accretionary", "terrane_name": "Stikinia", "era": "Mesozoic", "copper_ppm": 270.77, "gold_ppm": 0.019, "molybdenum_ppm": 11.59, "arsenic_ppm": 5.5, "cobalt_ppm": 37.1, "score_porphyry": 2.0779332528796441, "rank_porphyry": 248, "dist_to_fault_km": 0.91, "dist_to_terrane_boundary_km": 5.92, "grid_id": "129_70", "year": 1987 }, "geometry": { "type": "Point", "coordinates": [ -130.808792899999986, 56.54689528 ] } },
{ "type": "Feature", "properties": { "sample_id": "ID104B871133", "latitude": 56.54883949, "longitude": -130.7868258, "rock_class": "intrusive rocks", "rock_type": "monzodiorite, monzonite", "terrane": "Post Accretionary", "terrane_name": "Stikinia", "era": "Mesozoic", "copper_ppm": 403.29, "gold_ppm": 0.017, "molybdenum_ppm": 15.77, "arsenic_ppm": 5.0, "cobalt_ppm": 51.7, "score_porphyry": 2.4088333757623799, "rank_porphyry": 161, "dist_to_fault_km": 2.21, "dist_to_terrane_boundary_km": 6.06, "grid_id": "129_70", "year": 1987 }, "geometry": { "type": "Point", "coordinates": [ -130.7868258, 56.548839489999978 ] } },
{ "type": "Feature", "properties": { "sample_id": "ID104B871136", "latitude": 56.56409428, "longitude": -130.756151, "rock_class": "sedimentary rocks", "rock_type": "undifferentiated sedimentary rocks", "terrane": "Stikinia", "terrane_name": "Stikinia", "era": "Mesozoic", "copper_ppm": 68.9, "gold_ppm": 0.134, "molybdenum_ppm": 1.38, "arsenic_ppm": 31.89999962, "cobalt_ppm": 19.8, "score_porphyry": 1.4089898258263838, "rank_porphyry": 758, "dist_to_fault_km": 3.81, "dist_to_terrane_boundary_km": 7.66, "grid_id": "129_70", "year": 1987 }, "geometry": { "type": "Point", "coordinates": [ -130.756151, 56.56409428 ] } },
{ "type": "Feature", "properties": { "sample_id": "ID104B871144", "latitude": 56.59905324, "longitude": -130.7967381, "rock_class": "intrusive rocks", "rock_type": "monzodiorite, monzonite", "terrane": "Post Accretionary", "terrane_name": "Stikinia", "era": "Mesozoic", "copper_ppm": 98.53, "gold_ppm": 0.195, "molybdenum_ppm": 4.93, "arsenic_ppm": 4.0, "cobalt_ppm": 21.3, "score_porphyry": 1.9988457584336818, "rank_porphyry": 268, "dist_to_fault_km": 5.36, "dist_to_terrane_boundary_km": 11.69, "grid_id": "129_70", "year": 1987 }, "geometry": { "type": "Point", "coordinates": [ -130.7967381, 56.599053239999982 ] } },
{ "type": "Feature", "properties": { "sample_id": "ID104B871146", "latitude": 56.57327944, "longitude": -130.8526219, "rock_class": "intrusive rocks", "rock_type": "monzodiorite, monzonite", "terrane": "Post Accretionary", "terrane_name": "Stikinia", "era": "Mesozoic", "copper_ppm": 260.57, "gold_ppm": 0.04, "molybdenum_ppm": 24.95, "arsenic_ppm": 8.0, "cobalt_ppm": 24.6, "score_porphyry": 2.4062212988500766, "rank_porphyry": 163, "dist_to_fault_km": 0.95, "dist_to_terrane_boundary_km": 9.02, "grid_id": "129_70", "year": 1987 }, "geometry": { "type": "Point", "coordinates": [ -130.8526219, 56.573279439999979 ] } },
{ "type": "Feature", "properties": { "sample_id": "ID104B871147", "latitude": 56.57475976, "longitude": -130.8594015, "rock_class": "intrusive rocks", "rock_type": "monzodiorite, monzonite", "terrane": "Post Accretionary", "terrane_name": "Stikinia", "era": "Mesozoic", "copper_ppm": 95.2, "gold_ppm": 0.022, "molybdenum_ppm": 3.87, "arsenic_ppm": 7.4000000950000002, "cobalt_ppm": 37.9, "score_porphyry": 1.2838529734128659, "rank_porphyry": 996, "dist_to_fault_km": 0.67, "dist_to_terrane_boundary_km": 9.21, "grid_id": "129_70", "year": 1987 }, "geometry": { "type": "Point", "coordinates": [ -130.8594015, 56.57475976 ] } },
{ "type": "Feature", "properties": { "sample_id": "ID104B871148", "latitude": 56.61368799, "longitude": -130.8448391, "rock_class": "sedimentary rocks", "rock_type": "marine sedimentary rocks", "terrane": "Stikinia", "terrane_name": "Stikinia", "era": "Mesozoic", "copper_ppm": 211.57, "gold_ppm": 0.045, "molybdenum_ppm": 10.05, "arsenic_ppm": 23.10000038, "cobalt_ppm": 26.2, "score_porphyry": 2.1184326341451425, "rank_porphyry": 230, "dist_to_fault_km": 3.75, "dist_to_terrane_boundary_km": 13.49, "grid_id": "130_70", "year": 1987 }, "geometry": { "type": "Point", "coordinates": [ -130.8448391, 56.613687989999988 ] } },
{ "type": "Feature", "properties": { "sample_id": "ID104B871149", "latitude": 56.61933223, "longitude": -130.820976, "rock_class": "sedimentary rocks", "rock_type": "marine sedimentary rocks", "terrane": "Stikinia", "terrane_name": "Stikinia", "era": "Mesozoic", "copper_ppm": 183.4, "gold_ppm": 0.058, "molybdenum_ppm": 27.34, "arsenic_ppm": 7.9000000950000002, "cobalt_ppm": 19.0, "score_porphyry": 2.322229197854456, "rank_porphyry": 173, "dist_to_fault_km": 4.72, "dist_to_terrane_boundary_km": 14.04, "grid_id": "130_70", "year": 1987 }, "geometry": { "type": "Point", "coordinates": [ -130.820976, 56.61933223 ] } },
{ "type": "Feature", "properties": { "sample_id": "ID104B871151", "latitude": 56.61133038, "longitude": -130.899982, "rock_class": "sedimentary rocks", "rock_type": "marine sedimentary rocks", "terrane": "Stikinia", "terrane_name": "Stikinia", "era": "Mesozoic", "copper_ppm": 132.14, "gold_ppm": 0.065, "molybdenum_ppm": 1.72, "arsenic_ppm": 33.29999924, "cobalt_ppm": 27.1, "score_porphyry": 1.4988214965829574, "rank_porphyry": 623, "dist_to_fault_km": 2.38, "dist_to_terrane_boundary_km": 13.43, "grid_id": "130_69", "year": 1987 }, "geometry": { "type": "Point", "coordinates": [ -130.899982, 56.61133038 ] } },
{ "type": "Feature", "properties": { "sample_id": "ID104B871152", "latitude": 56.62210552, "longitude": -130.849227, "rock_class": "sedimentary rocks", "rock_type": "marine sedimentary rocks", "terrane": "Stikinia", "terrane_name": "Stikinia", "era": "Mesozoic", "copper_ppm": 293.54, "gold_ppm": 0.061, "molybdenum_ppm": 34.66, "arsenic_ppm": 21.60000038, "cobalt_ppm": 24.8, "score_porphyry": 2.7806795869707628, "rank_porphyry": 103, "dist_to_fault_km": 3.01, "dist_to_terrane_boundary_km": 14.45, "grid_id": "130_70", "year": 1987 }, "geometry": { "type": "Point", "coordinates": [ -130.849227, 56.62210552 ] } },
{ "type": "Feature", "properties": { "sample_id": "ID104B871153", "latitude": 56.59129359, "longitude": -130.9220711, "rock_class": "sedimentary rocks", "rock_type": "argillite, siltstone", "terrane": "Stikinia", "terrane_name": "Stikinia", "era": "Mesozoic", "copper_ppm": 442.61, "gold_ppm": 0.073, "molybdenum_ppm": 68.01, "arsenic_ppm": 10.39999962, "cobalt_ppm": 20.7, "score_porphyry": 3.175908478994049, "rank_porphyry": 73, "dist_to_fault_km": 1.81, "dist_to_terrane_boundary_km": 11.27, "grid_id": "129_69", "year": 1987 }, "geometry": { "type": "Point", "coordinates": [ -130.922071100000011, 56.591293589999978 ] } },
{ "type": "Feature", "properties": { "sample_id": "ID104B871154", "latitude": 56.62487136, "longitude": -130.8811171, "rock_class": "sedimentary rocks", "rock_type": "marine sedimentary rocks", "terrane": "Stikinia", "terrane_name": "Stikinia", "era": "Mesozoic", "copper_ppm": 171.04, "gold_ppm": 0.308, "molybdenum_ppm": 3.56, "arsenic_ppm": 24.29999924, "cobalt_ppm": 32.5, "score_porphyry": 2.8357527408618153, "rank_porphyry": 97, "dist_to_fault_km": 1.29, "dist_to_terrane_boundary_km": 14.87, "grid_id": "130_70", "year": 1987 }, "geometry": { "type": "Point", "coordinates": [ -130.881117100000012, 56.62487136 ] } },
{ "type": "Feature", "properties": { "sample_id": "ID104B871155", "latitude": 56.62487, "longitude": -130.88112, "rock_class": "sedimentary rocks", "rock_type": "marine sedimentary rocks", "terrane": "Stikinia", "terrane_name": "Stikinia", "era": "Mesozoic", "copper_ppm": 153.86, "gold_ppm": 0.545, "molybdenum_ppm": 2.85, "arsenic_ppm": 30.10000038, "cobalt_ppm": 37.2, "score_porphyry": 3.5943850111169935, "rank_porphyry": 51, "dist_to_fault_km": 1.29, "dist_to_terrane_boundary_km": 14.87, "grid_id": "130_70", "year": 1987 }, "geometry": { "type": "Point", "coordinates": [ -130.88112, 56.62487 ] } },
{ "type": "Feature", "properties": { "sample_id": "ID104B871156", "latitude": 56.61651331, "longitude": -130.8930387, "rock_class": "sedimentary rocks", "rock_type": "marine sedimentary rocks", "terrane": "Stikinia", "terrane_name": "Stikinia", "era": "Mesozoic", "copper_ppm": 288.83, "gold_ppm": 0.475, "molybdenum_ppm": 6.93, "arsenic_ppm": 87.19999695, "cobalt_ppm": 41.3, "score_porphyry": 4.0561336418837177, "rank_porphyry": 46, "dist_to_fault_km": 1.99, "dist_to_terrane_boundary_km": 13.98, "grid_id": "130_70", "year": 1987 }, "geometry": { "type": "Point", "coordinates": [ -130.8930387, 56.616513309999988 ] } },
{ "type": "Feature", "properties": { "sample_id": "ID104B871158", "latitude": 56.64604828, "longitude": -130.8416565, "rock_class": "sedimentary rocks", "rock_type": "marine sedimentary rocks", "terrane": "Stikinia", "terrane_name": "Stikinia", "era": "Mesozoic", "copper_ppm": 135.49, "gold_ppm": 0.268, "molybdenum_ppm": 2.2, "arsenic_ppm": 36.79999924, "cobalt_ppm": 26.4, "score_porphyry": 2.4453452694957787, "rank_porphyry": 154, "dist_to_fault_km": 3.03, "dist_to_terrane_boundary_km": 17.09, "grid_id": "130_70", "year": 1987 }, "geometry": { "type": "Point", "coordinates": [ -130.8416565, 56.64604828 ] } },
{ "type": "Feature", "properties": { "sample_id": "ID104B871159", "latitude": 56.6554322, "longitude": -130.8894423, "rock_class": "sedimentary rocks", "rock_type": "marine sedimentary rocks", "terrane": "Stikinia", "terrane_name": "Stikinia", "era": "Mesozoic", "copper_ppm": 103.42, "gold_ppm": 0.22, "molybdenum_ppm": 1.32, "arsenic_ppm": 33.90000153, "cobalt_ppm": 24.6, "score_porphyry": 1.9869971240862041, "rank_porphyry": 273, "dist_to_fault_km": 0.13, "dist_to_terrane_boundary_km": 18.3, "grid_id": "130_70", "year": 1987 }, "geometry": { "type": "Point", "coordinates": [ -130.889442300000013, 56.655432199999986 ] } },
{ "type": "Feature", "properties": { "sample_id": "ID104B871160", "latitude": 56.65498495, "longitude": -130.7970654, "rock_class": "sedimentary rocks", "rock_type": "marine sedimentary rocks", "terrane": "Stikinia", "terrane_name": "Stikinia", "era": "Mesozoic", "copper_ppm": 226.32, "gold_ppm": 0.107, "molybdenum_ppm": 7.51, "arsenic_ppm": 15.0, "cobalt_ppm": 28.1, "score_porphyry": 2.3026322713527909, "rank_porphyry": 178, "dist_to_fault_km": 0.92, "dist_to_terrane_boundary_km": 17.92, "grid_id": "130_70", "year": 1987 }, "geometry": { "type": "Point", "coordinates": [ -130.7970654, 56.65498495 ] } },
{ "type": "Feature", "properties": { "sample_id": "ID104B871162", "latitude": 56.65818881, "longitude": -130.8103681, "rock_class": "sedimentary rocks", "rock_type": "marine sedimentary rocks", "terrane": "Stikinia", "terrane_name": "Stikinia", "era": "Mesozoic", "copper_ppm": 211.95, "gold_ppm": 0.724, "molybdenum_ppm": 6.01, "arsenic_ppm": 13.39999962, "cobalt_ppm": 26.3, "score_porphyry": 4.3752703320828497, "rank_porphyry": 40, "dist_to_fault_km": 1.16, "dist_to_terrane_boundary_km": 18.33, "grid_id": "130_70", "year": 1987 }, "geometry": { "type": "Point", "coordinates": [ -130.8103681, 56.658188809999984 ] } },
{ "type": "Feature", "properties": { "sample_id": "ID104B871163", "latitude": 56.65521117, "longitude": -130.7832092, "rock_class": "sedimentary rocks", "rock_type": "marine sedimentary rocks", "terrane": "Stikinia", "terrane_name": "Stikinia", "era": "Mesozoic", "copper_ppm": 110.35, "gold_ppm": 0.266, "molybdenum_ppm": 1.88, "arsenic_ppm": 22.20000076, "cobalt_ppm": 24.9, "score_porphyry": 2.2431869685124184, "rank_porphyry": 187, "dist_to_fault_km": 1.04, "dist_to_terrane_boundary_km": 17.9, "grid_id": "130_70", "year": 1987 }, "geometry": { "type": "Point", "coordinates": [ -130.783209199999988, 56.655211169999973 ] } },
{ "type": "Feature", "properties": { "sample_id": "ID104B871164", "latitude": 56.6489978, "longitude": -130.7696547, "rock_class": "sedimentary rocks", "rock_type": "marine sedimentary rocks", "terrane": "Stikinia", "terrane_name": "Stikinia", "era": "Mesozoic", "copper_ppm": 69.86, "gold_ppm": 0.563, "molybdenum_ppm": 2.22, "arsenic_ppm": 14.5, "cobalt_ppm": 18.3, "score_porphyry": 3.0338121281089094, "rank_porphyry": 81, "dist_to_fault_km": 1.98, "dist_to_terrane_boundary_km": 17.16, "grid_id": "130_70", "year": 1987 }, "geometry": { "type": "Point", "coordinates": [ -130.7696547, 56.648997799999975 ] } },
{ "type": "Feature", "properties": { "sample_id": "ID104B871171", "latitude": 56.65579969, "longitude": -130.6808494, "rock_class": "sedimentary rocks", "rock_type": "marine sedimentary rocks", "terrane": "Stikinia", "terrane_name": "Stikinia", "era": "Mesozoic", "copper_ppm": 74.45, "gold_ppm": 0.02, "molybdenum_ppm": 8.96, "arsenic_ppm": 18.60000038, "cobalt_ppm": 20.6, "score_porphyry": 1.4261289589222803, "rank_porphyry": 727, "dist_to_fault_km": 2.57, "dist_to_terrane_boundary_km": 18.07, "grid_id": "130_71", "year": 1987 }, "geometry": { "type": "Point", "coordinates": [ -130.6808494, 56.655799689999981 ] } },
{ "type": "Feature", "properties": { "sample_id": "ID104B871173", "latitude": 56.66739669, "longitude": -130.6864083, "rock_class": "sedimentary rocks", "rock_type": "marine sedimentary rocks", "terrane": "Stikinia", "terrane_name": "Stikinia", "era": "Mesozoic", "copper_ppm": 69.18, "gold_ppm": 0.205, "molybdenum_ppm": 2.63, "arsenic_ppm": 19.60000038, "cobalt_ppm": 22.5, "score_porphyry": 1.8491036319681498, "rank_porphyry": 330, "dist_to_fault_km": 1.27, "dist_to_terrane_boundary_km": 19.29, "grid_id": "130_71", "year": 1987 }, "geometry": { "type": "Point", "coordinates": [ -130.686408300000011, 56.667396689999975 ] } },
{ "type": "Feature", "properties": { "sample_id": "ID104B871179", "latitude": 56.84498845, "longitude": -130.8370048, "rock_class": "intrusive rocks", "rock_type": "intrusive rocks, undivided", "terrane": "Stikinia", "terrane_name": "Stikinia", "era": "Paleozoic", "copper_ppm": 146.94, "gold_ppm": 0.017, "molybdenum_ppm": 10.11, "arsenic_ppm": 6.800000191, "cobalt_ppm": 27.9, "score_porphyry": 1.7141022174174225, "rank_porphyry": 423, "dist_to_fault_km": 1.76, "dist_to_terrane_boundary_km": 39.23, "grid_id": "132_70", "year": 1987 }, "geometry": { "type": "Point", "coordinates": [ -130.837004799999988, 56.84498845 ] } },
{ "type": "Feature", "properties": { "sample_id": "ID104B871194", "latitude": 56.72546567, "longitude": -130.7929084, "rock_class": "intrusive rocks", "rock_type": "monzodioritic to gabbroic intrusive rocks", "terrane": "Post Accretionary", "terrane_name": "Stikinia", "era": "Mesozoic", "copper_ppm": 157.25, "gold_ppm": 0.014, "molybdenum_ppm": 2.38, "arsenic_ppm": 20.29999924, "cobalt_ppm": 25.3, "score_porphyry": 1.3560142116013192, "rank_porphyry": 856, "dist_to_fault_km": 0.13, "dist_to_terrane_boundary_km": 25.76, "grid_id": "131_70", "year": 1987 }, "geometry": { "type": "Point", "coordinates": [ -130.792908399999988, 56.725465669999984 ] } },
{ "type": "Feature", "properties": { "sample_id": "ID104B871196", "latitude": 56.73192573, "longitude": -130.7019497, "rock_class": "metamorphic rocks", "rock_type": "metamorphic rocks, undivided", "terrane": "Stikine", "terrane_name": "Stikinia", "era": "Paleozoic", "copper_ppm": 179.39, "gold_ppm": 0.014, "molybdenum_ppm": 1.8, "arsenic_ppm": 18.39999962, "cobalt_ppm": 29.9, "score_porphyry": 1.3610769011802595, "rank_porphyry": 839, "dist_to_fault_km": 0.09, "dist_to_terrane_boundary_km": 26.36, "grid_id": "131_71", "year": 1987 }, "geometry": { "type": "Point", "coordinates": [ -130.7019497, 56.73192573 ] } },
{ "type": "Feature", "properties": { "sample_id": "ID104B871197", "latitude": 56.74174393, "longitude": -130.7001862, "rock_class": "volcanic rocks", "rock_type": "mafic volcanic rocks", "terrane": "Stikine", "terrane_name": "Stikinia", "era": "Paleozoic", "copper_ppm": 170.67, "gold_ppm": 0.02, "molybdenum_ppm": 1.61, "arsenic_ppm": 16.89999962, "cobalt_ppm": 27.1, "score_porphyry": 1.3152688405714512, "rank_porphyry": 940, "dist_to_fault_km": 0.19, "dist_to_terrane_boundary_km": 27.46, "grid_id": "131_71", "year": 1987 }, "geometry": { "type": "Point", "coordinates": [ -130.7001862, 56.74174393 ] } },
{ "type": "Feature", "properties": { "sample_id": "ID104B871288", "latitude": 56.19457656, "longitude": -130.0511858, "rock_class": "volcanic rocks", "rock_type": "volcaniclastic rocks", "terrane": "Stikinia", "terrane_name": "Stikinia", "era": "Mesozoic", "copper_ppm": 720.64, "gold_ppm": 0.014, "molybdenum_ppm": 3.71, "arsenic_ppm": 29.29999924, "cobalt_ppm": 25.8, "score_porphyry": 2.2122053201747405, "rank_porphyry": 200, "dist_to_fault_km": 0.12, "dist_to_terrane_boundary_km": 19.06, "grid_id": "125_74", "year": 1987 }, "geometry": { "type": "Point", "coordinates": [ -130.051185800000013, 56.194576559999987 ] } },
{ "type": "Feature", "properties": { "sample_id": "ID104B871289", "latitude": 56.20387516, "longitude": -130.0660126, "rock_class": "volcanic rocks", "rock_type": "andesitic volcanic rocks", "terrane": "Stikinia", "terrane_name": "Stikinia", "era": "Mesozoic", "copper_ppm": 311.85, "gold_ppm": 0.017, "molybdenum_ppm": 3.3, "arsenic_ppm": 29.0, "cobalt_ppm": 28.6, "score_porphyry": 1.8297681546074296, "rank_porphyry": 344, "dist_to_fault_km": 0.13, "dist_to_terrane_boundary_km": 18.3, "grid_id": "125_74", "year": 1987 }, "geometry": { "type": "Point", "coordinates": [ -130.0660126, 56.20387516 ] } },
{ "type": "Feature", "properties": { "sample_id": "ID104B871290", "latitude": 56.2222501, "longitude": -130.0628616, "rock_class": "volcanic rocks", "rock_type": "andesitic volcanic rocks", "terrane": "Stikinia", "terrane_name": "Stikinia", "era": "Mesozoic", "copper_ppm": 122.87, "gold_ppm": 0.159, "molybdenum_ppm": 2.37, "arsenic_ppm": 230.5, "cobalt_ppm": 29.4, "score_porphyry": 2.1836758874577886, "rank_porphyry": 208, "dist_to_fault_km": 0.21, "dist_to_terrane_boundary_km": 18.79, "grid_id": "125_74", "year": 1987 }, "geometry": { "type": "Point", "coordinates": [ -130.0628616, 56.222250099999982 ] } },
{ "type": "Feature", "properties": { "sample_id": "ID104B871291", "latitude": 56.21574732, "longitude": -130.0853372, "rock_class": "volcanic rocks", "rock_type": "andesitic volcanic rocks", "terrane": "Stikinia", "terrane_name": "Stikinia", "era": "Mesozoic", "copper_ppm": 136.37, "gold_ppm": 0.098, "molybdenum_ppm": 12.64, "arsenic_ppm": 138.5, "cobalt_ppm": 12.9, "score_porphyry": 2.3127074641344416, "rank_porphyry": 176, "dist_to_fault_km": 0.33, "dist_to_terrane_boundary_km": 17.31, "grid_id": "125_74", "year": 1987 }, "geometry": { "type": "Point", "coordinates": [ -130.0853372, 56.215747319999977 ] } },
{ "type": "Feature", "properties": { "sample_id": "ID104B871292", "latitude": 56.20758586, "longitude": -130.0866866, "rock_class": "volcanic rocks", "rock_type": "andesitic volcanic rocks", "terrane": "Stikinia", "terrane_name": "Stikinia", "era": "Mesozoic", "copper_ppm": 155.09, "gold_ppm": 0.458, "molybdenum_ppm": 3.51, "arsenic_ppm": 202.6000061, "cobalt_ppm": 24.6, "score_porphyry": 3.4972580707836944, "rank_porphyry": 57, "dist_to_fault_km": 0.25, "dist_to_terrane_boundary_km": 17.09, "grid_id": "125_74", "year": 1987 }, "geometry": { "type": "Point", "coordinates": [ -130.0866866, 56.207585859999988 ] } },
{ "type": "Feature", "properties": { "sample_id": "ID104B871293", "latitude": 56.26140337, "longitude": -130.0716798, "rock_class": "volcanic rocks", "rock_type": "andesitic volcanic rocks", "terrane": "Stikinia", "terrane_name": "Stikinia", "era": "Mesozoic", "copper_ppm": 383.17, "gold_ppm": 0.21, "molybdenum_ppm": 7.43, "arsenic_ppm": 246.8999939, "cobalt_ppm": 15.8, "score_porphyry": 3.1677115391622999, "rank_porphyry": 75, "dist_to_fault_km": 1.87, "dist_to_terrane_boundary_km": 18.95, "grid_id": "125_74", "year": 1987 }, "geometry": { "type": "Point", "coordinates": [ -130.0716798, 56.261403369999975 ] } },
{ "type": "Feature", "properties": { "sample_id": "ID104B871370", "latitude": 56.54786412, "longitude": -130.5702921, "rock_class": "sedimentary rocks", "rock_type": "conglomerate", "terrane": "Stikinia", "terrane_name": "Stikinia", "era": "Mesozoic", "copper_ppm": 121.92, "gold_ppm": 0.005, "molybdenum_ppm": 10.9, "arsenic_ppm": 35.5, "cobalt_ppm": 21.8, "score_porphyry": 1.7174934736025071, "rank_porphyry": 420, "dist_to_fault_km": 0.37, "dist_to_terrane_boundary_km": 9.65, "grid_id": "129_71", "year": 1987 }, "geometry": { "type": "Point", "coordinates": [ -130.570292099999989, 56.547864119999964 ] } },
{ "type": "Feature", "properties": { "sample_id": "ID104B871378", "latitude": 56.49922657, "longitude": -130.5379008, "rock_class": "sedimentary rocks", "rock_type": "conglomerate", "terrane": "Stikinia", "terrane_name": "Stikinia", "era": "Mesozoic", "copper_ppm": 32.64, "gold_ppm": 0.343, "molybdenum_ppm": 3.73, "arsenic_ppm": 18.0, "cobalt_ppm": 16.7, "score_porphyry": 2.0985169803292698, "rank_porphyry": 237, "dist_to_fault_km": 0.08, "dist_to_terrane_boundary_km": 5.75, "grid_id": "128_72", "year": 1987 }, "geometry": { "type": "Point", "coordinates": [ -130.537900799999989, 56.49922657 ] } },
{ "type": "Feature", "properties": { "sample_id": "ID104B871383", "latitude": 56.5385188, "longitude": -130.502739, "rock_class": "sedimentary rocks", "rock_type": "undivided sedimentary rocks", "terrane": "Overlap", "terrane_name": "Stikinia", "era": "Mesozoic", "copper_ppm": 94.54, "gold_ppm": 0.008, "molybdenum_ppm": 9.81, "arsenic_ppm": 31.29999924, "cobalt_ppm": 21.6, "score_porphyry": 1.5664959452664995, "rank_porphyry": 549, "dist_to_fault_km": 0.07, "dist_to_terrane_boundary_km": 10.64, "grid_id": "129_72", "year": 1987 }, "geometry": { "type": "Point", "coordinates": [ -130.502739, 56.5385188 ] } },
{ "type": "Feature", "properties": { "sample_id": "ID104B871387", "latitude": 56.58104352, "longitude": -130.4515447, "rock_class": "sedimentary rocks", "rock_type": "undivided sedimentary rocks", "terrane": "Overlap", "terrane_name": "Stikinia", "era": "Mesozoic", "copper_ppm": 40.83, "gold_ppm": 0.005, "molybdenum_ppm": 13.88, "arsenic_ppm": 72.5, "cobalt_ppm": 15.8, "score_porphyry": 1.335283852984148, "rank_porphyry": 898, "dist_to_fault_km": 1.91, "dist_to_terrane_boundary_km": 16.3, "grid_id": "129_72", "year": 1987 }, "geometry": { "type": "Point", "coordinates": [ -130.4515447, 56.58104352 ] } },
{ "type": "Feature", "properties": { "sample_id": "ID104B871394", "latitude": 56.62996819, "longitude": -130.3747654, "rock_class": "sedimentary rocks", "rock_type": "undivided sedimentary rocks", "terrane": "Overlap", "terrane_name": "Stikinia", "era": "Mesozoic", "copper_ppm": 59.32, "gold_ppm": 0.006, "molybdenum_ppm": 17.16, "arsenic_ppm": 24.0, "cobalt_ppm": 17.8, "score_porphyry": 1.4903473217708512, "rank_porphyry": 639, "dist_to_fault_km": 0.23, "dist_to_terrane_boundary_km": 23.32, "grid_id": "130_73", "year": 1987 }, "geometry": { "type": "Point", "coordinates": [ -130.3747654, 56.629968189999985 ] } },
{ "type": "Feature", "properties": { "sample_id": "ID104B871395", "latitude": 56.63818768, "longitude": -130.4252528, "rock_class": "sedimentary rocks", "rock_type": "undivided clastic rocks", "terrane": "Stikinia", "terrane_name": "Stikinia", "era": "Mesozoic", "copper_ppm": 50.45, "gold_ppm": 0.288, "molybdenum_ppm": 18.21, "arsenic_ppm": 77.09999847, "cobalt_ppm": 21.3, "score_porphyry": 2.8172226224146066, "rank_porphyry": 100, "dist_to_fault_km": 0.0, "dist_to_terrane_boundary_km": 22.7, "grid_id": "130_72", "year": 1987 }, "geometry": { "type": "Point", "coordinates": [ -130.42525280000001, 56.638187679999987 ] } },
{ "type": "Feature", "properties": { "sample_id": "ID104B871408", "latitude": 56.55657777, "longitude": -130.3360481, "rock_class": "sedimentary rocks", "rock_type": "sedimentary rocks", "terrane": "Stikinia", "terrane_name": "Stikinia", "era": "Mesozoic", "copper_ppm": 107.28, "gold_ppm": 0.015, "molybdenum_ppm": 14.94, "arsenic_ppm": 26.29999924, "cobalt_ppm": 18.7, "score_porphyry": 1.7663404667521669, "rank_porphyry": 383, "dist_to_fault_km": 0.41, "dist_to_terrane_boundary_km": 17.17, "grid_id": "129_73", "year": 1987 }, "geometry": { "type": "Point", "coordinates": [ -130.3360481, 56.556577769999961 ] } },
{ "type": "Feature", "properties": { "sample_id": "ID104B871412", "latitude": 56.53191089, "longitude": -130.3270822, "rock_class": "sedimentary rocks", "rock_type": "sedimentary rocks", "terrane": "Stikinia", "terrane_name": "Stikinia", "era": "Mesozoic", "copper_ppm": 234.08, "gold_ppm": 0.033, "molybdenum_ppm": 27.7, "arsenic_ppm": 47.0, "cobalt_ppm": 27.2, "score_porphyry": 2.5562222455315213, "rank_porphyry": 137, "dist_to_fault_km": 0.45, "dist_to_terrane_boundary_km": 14.99, "grid_id": "129_73", "year": 1987 }, "geometry": { "type": "Point", "coordinates": [ -130.3270822, 56.53191089 ] } },
{ "type": "Feature", "properties": { "sample_id": "ID104B871413", "latitude": 56.53640215, "longitude": -130.2302725, "rock_class": "intrusive rocks", "rock_type": "hornblende-feldspar porphyritic intrusive rocks", "terrane": "Post Accretionary", "terrane_name": "Stikinia", "era": "Mesozoic", "copper_ppm": 909.27, "gold_ppm": 0.242, "molybdenum_ppm": 17.31, "arsenic_ppm": 88.19999695, "cobalt_ppm": 16.9, "score_porphyry": 3.8934561081241008, "rank_porphyry": 49, "dist_to_fault_km": 0.11, "dist_to_terrane_boundary_km": 18.79, "grid_id": "129_74", "year": 1987 }, "geometry": { "type": "Point", "coordinates": [ -130.230272500000012, 56.536402149999986 ] } },
{ "type": "Feature", "properties": { "sample_id": "ID104B871414", "latitude": 56.52789707, "longitude": -130.2226158, "rock_class": "sedimentary rocks", "rock_type": "clastic sedimentary rocks", "terrane": "Stikinia", "terrane_name": "Stikinia", "era": "Mesozoic", "copper_ppm": 185.89, "gold_ppm": 0.217, "molybdenum_ppm": 4.16, "arsenic_ppm": 109.1999969, "cobalt_ppm": 18.7, "score_porphyry": 2.6227825598164203, "rank_porphyry": 125, "dist_to_fault_km": 0.1, "dist_to_terrane_boundary_km": 18.42, "grid_id": "128_74", "year": 1987 }, "geometry": { "type": "Point", "coordinates": [ -130.2226158, 56.527897069999987 ] } },
{ "type": "Feature", "properties": { "sample_id": "ID104B871415", "latitude": 56.52272752, "longitude": -130.2921854, "rock_class": "sedimentary rocks", "rock_type": "clastic sedimentary rocks", "terrane": "Stikinia", "terrane_name": "Stikinia", "era": "Mesozoic", "copper_ppm": 216.57, "gold_ppm": 0.156, "molybdenum_ppm": 6.09, "arsenic_ppm": 86.5, "cobalt_ppm": 22.4, "score_porphyry": 2.5662004678384198, "rank_porphyry": 136, "dist_to_fault_km": 0.7, "dist_to_terrane_boundary_km": 15.21, "grid_id": "128_73", "year": 1987 }, "geometry": { "type": "Point", "coordinates": [ -130.2921854, 56.522727519999989 ] } },
{ "type": "Feature", "properties": { "sample_id": "ID104B871416", "latitude": 56.52504545, "longitude": -130.2419829, "rock_class": "intrusive rocks", "rock_type": "hornblende-feldspar porphyritic intrusive rocks", "terrane": "Post Accretionary", "terrane_name": "Stikinia", "era": "Mesozoic", "copper_ppm": 198.26, "gold_ppm": 0.383, "molybdenum_ppm": 30.68, "arsenic_ppm": 134.1999969, "cobalt_ppm": 11.4, "score_porphyry": 3.9309385536911572, "rank_porphyry": 48, "dist_to_fault_km": 0.06, "dist_to_terrane_boundary_km": 17.37, "grid_id": "128_73", "year": 1987 }, "geometry": { "type": "Point", "coordinates": [ -130.241982900000011, 56.525045449999986 ] } },
{ "type": "Feature", "properties": { "sample_id": "ID104B871417", "latitude": 56.52816842, "longitude": -130.2847782, "rock_class": "sedimentary rocks", "rock_type": "clastic sedimentary rocks", "terrane": "Stikinia", "terrane_name": "Stikinia", "era": "Mesozoic", "copper_ppm": 395.1, "gold_ppm": 0.363, "molybdenum_ppm": 13.91, "arsenic_ppm": 63.79999924, "cobalt_ppm": 25.7, "score_porphyry": 3.9363881234558522, "rank_porphyry": 47, "dist_to_fault_km": 0.25, "dist_to_terrane_boundary_km": 15.97, "grid_id": "128_73", "year": 1987 }, "geometry": { "type": "Point", "coordinates": [ -130.2847782, 56.52816842 ] } },
{ "type": "Feature", "properties": { "sample_id": "ID104B871422", "latitude": 56.51092147, "longitude": -130.3471333, "rock_class": "sedimentary rocks", "rock_type": "sedimentary rocks", "terrane": "Stikinia", "terrane_name": "Stikinia", "era": "Mesozoic", "copper_ppm": 115.33, "gold_ppm": 0.018, "molybdenum_ppm": 8.98, "arsenic_ppm": 12.80000019, "cobalt_ppm": 20.4, "score_porphyry": 1.5747317030567365, "rank_porphyry": 542, "dist_to_fault_km": 0.63, "dist_to_terrane_boundary_km": 12.34, "grid_id": "128_73", "year": 1987 }, "geometry": { "type": "Point", "coordinates": [ -130.3471333, 56.51092147 ] } },
{ "type": "Feature", "properties": { "sample_id": "ID104B871430", "latitude": 56.47549514, "longitude": -130.3336041, "rock_class": "sedimentary rocks", "rock_type": "conglomerate", "terrane": "Stikinia", "terrane_name": "Stikinia", "era": "Mesozoic", "copper_ppm": 147.88, "gold_ppm": 0.012, "molybdenum_ppm": 2.51, "arsenic_ppm": 37.29999924, "cobalt_ppm": 26.9, "score_porphyry": 1.4052832392997479, "rank_porphyry": 769, "dist_to_fault_km": 0.11, "dist_to_terrane_boundary_km": 9.49, "grid_id": "128_73", "year": 1987 }, "geometry": { "type": "Point", "coordinates": [ -130.3336041, 56.47549514 ] } },
{ "type": "Feature", "properties": { "sample_id": "ID104B871431", "latitude": 56.49390883, "longitude": -130.3282889, "rock_class": "sedimentary rocks", "rock_type": "argillite, siltstone", "terrane": "Stikinia", "terrane_name": "Stikinia", "era": "Mesozoic", "copper_ppm": 133.56, "gold_ppm": 0.493, "molybdenum_ppm": 3.9, "arsenic_ppm": 148.8999939, "cobalt_ppm": 16.9, "score_porphyry": 3.484220419816769, "rank_porphyry": 59, "dist_to_fault_km": 0.13, "dist_to_terrane_boundary_km": 11.31, "grid_id": "128_73", "year": 1987 }, "geometry": { "type": "Point", "coordinates": [ -130.3282889, 56.493908829999988 ] } },
{ "type": "Feature", "properties": { "sample_id": "ID104B871434", "latitude": 56.470778, "longitude": -130.2209253, "rock_class": "volcanic rocks", "rock_type": "intermediate volcanic rocks", "terrane": "Stikinia", "terrane_name": "Stikinia", "era": "Mesozoic", "copper_ppm": 106.62, "gold_ppm": 0.168, "molybdenum_ppm": 6.74, "arsenic_ppm": 302.7000122, "cobalt_ppm": 23.8, "score_porphyry": 2.4737124330501383, "rank_porphyry": 150, "dist_to_fault_km": 0.1, "dist_to_terrane_boundary_km": 14.74, "grid_id": "128_74", "year": 1987 }, "geometry": { "type": "Point", "coordinates": [ -130.2209253, 56.470778 ] } },
{ "type": "Feature", "properties": { "sample_id": "ID104B871435", "latitude": 56.48547646, "longitude": -130.2825393, "rock_class": "sedimentary rocks", "rock_type": "fine-grained sedimentary rocks, felsic tuff", "terrane": "Stikinia", "terrane_name": "Stikinia", "era": "Mesozoic", "copper_ppm": 392.45, "gold_ppm": 0.396, "molybdenum_ppm": 38.21, "arsenic_ppm": 274.0, "cobalt_ppm": 5.9, "score_porphyry": 4.338221961180297, "rank_porphyry": 41, "dist_to_fault_km": 1.24, "dist_to_terrane_boundary_km": 12.5, "grid_id": "128_73", "year": 1987 }, "geometry": { "type": "Point", "coordinates": [ -130.2825393, 56.485476459999987 ] } },
{ "type": "Feature", "properties": { "sample_id": "ID104B871438", "latitude": 56.49390265, "longitude": -130.3775224, "rock_class": "sedimentary rocks", "rock_type": "sedimentary rocks", "terrane": "Stikinia", "terrane_name": "Stikinia", "era": "Mesozoic", "copper_ppm": 125.56, "gold_ppm": 0.024, "molybdenum_ppm": 3.26, "arsenic_ppm": 40.0, "cobalt_ppm": 17.7, "score_porphyry": 1.401364427428446, "rank_porphyry": 779, "dist_to_fault_km": 0.03, "dist_to_terrane_boundary_km": 9.8, "grid_id": "128_73", "year": 1987 }, "geometry": { "type": "Point", "coordinates": [ -130.3775224, 56.493902649999988 ] } },
{ "type": "Feature", "properties": { "sample_id": "ID104B871439", "latitude": 56.47579723, "longitude": -130.4323281, "rock_class": "volcanic rocks", "rock_type": "andesitic volcanic and epiclastic rocks", "terrane": "Stikinia", "terrane_name": "Stikinia", "era": "Mesozoic", "copper_ppm": 81.85, "gold_ppm": 0.444, "molybdenum_ppm": 1.28, "arsenic_ppm": 123.9000015, "cobalt_ppm": 22.7, "score_porphyry": 2.832534387317831, "rank_porphyry": 98, "dist_to_fault_km": 0.49, "dist_to_terrane_boundary_km": 6.44, "grid_id": "128_72", "year": 1987 }, "geometry": { "type": "Point", "coordinates": [ -130.432328100000035, 56.475797229999976 ] } },
{ "type": "Feature", "properties": { "sample_id": "ID104B871440", "latitude": 56.49040986, "longitude": -130.4219478, "rock_class": "volcanic rocks", "rock_type": "felsic volcanic rocks", "terrane": "Stikinia", "terrane_name": "Stikinia", "era": "Mesozoic", "copper_ppm": 126.15, "gold_ppm": 0.204, "molybdenum_ppm": 1.52, "arsenic_ppm": 83.30000305, "cobalt_ppm": 25.1, "score_porphyry": 2.138636204005445, "rank_porphyry": 223, "dist_to_fault_km": 0.32, "dist_to_terrane_boundary_km": 8.18, "grid_id": "128_72", "year": 1987 }, "geometry": { "type": "Point", "coordinates": [ -130.4219478, 56.490409859999986 ] } },
{ "type": "Feature", "properties": { "sample_id": "ID104B871442", "latitude": 56.4781195, "longitude": -130.4381959, "rock_class": "volcanic rocks", "rock_type": "andesitic volcanic and epiclastic rocks", "terrane": "Stikinia", "terrane_name": "Stikinia", "era": "Mesozoic", "copper_ppm": 108.2, "gold_ppm": 0.16, "molybdenum_ppm": 2.56, "arsenic_ppm": 48.09999847, "cobalt_ppm": 22.1, "score_porphyry": 1.9406813412380275, "rank_porphyry": 291, "dist_to_fault_km": 0.09, "dist_to_terrane_boundary_km": 6.5, "grid_id": "128_72", "year": 1987 }, "geometry": { "type": "Point", "coordinates": [ -130.438195900000011, 56.4781195 ] } },
{ "type": "Feature", "properties": { "sample_id": "ID104B871452", "latitude": 56.35293387, "longitude": -130.0831299, "rock_class": "volcanic rocks", "rock_type": "felsic volcanic rocks", "terrane": "Stikinia", "terrane_name": "Stikinia", "era": "Mesozoic", "copper_ppm": 58.41, "gold_ppm": 0.196, "molybdenum_ppm": 2.38, "arsenic_ppm": 46.79999924, "cobalt_ppm": 15.8, "score_porphyry": 1.7371353289251008, "rank_porphyry": 408, "dist_to_fault_km": 0.75, "dist_to_terrane_boundary_km": 20.11, "grid_id": "126_74", "year": 1987 }, "geometry": { "type": "Point", "coordinates": [ -130.083129899999989, 56.35293387 ] } },
{ "type": "Feature", "properties": { "sample_id": "ID104B873010", "latitude": 56.67839, "longitude": -131.02197, "rock_class": "sedimentary rocks", "rock_type": "marine sedimentary rocks", "terrane": "Stikinia", "terrane_name": "Stikinia", "era": "Mesozoic", "copper_ppm": 99.47, "gold_ppm": 0.031, "molybdenum_ppm": 1.58, "arsenic_ppm": 187.8999939, "cobalt_ppm": 18.9, "score_porphyry": 1.3070457486259461, "rank_porphyry": 953, "dist_to_fault_km": 0.27, "dist_to_terrane_boundary_km": 21.91, "grid_id": "130_69", "year": 1987 }, "geometry": { "type": "Point", "coordinates": [ -131.02197, 56.67839 ] } },
{ "type": "Feature", "properties": { "sample_id": "ID104B873026", "latitude": 56.76444, "longitude": -131.40323, "rock_class": "intrusive rocks", "rock_type": "intrusive rocks, undivided", "terrane": "Post Accretionary", "terrane_name": "Stikinia", "era": "Mesozoic to Cenozoic", "copper_ppm": 80.79, "gold_ppm": 0.168, "molybdenum_ppm": 2.03, "arsenic_ppm": 16.29999924, "cobalt_ppm": 14.6, "score_porphyry": 1.6019822991968433, "rank_porphyry": 517, "dist_to_fault_km": 15.26, "dist_to_terrane_boundary_km": 13.25, "grid_id": "132_67", "year": 1987 }, "geometry": { "type": "Point", "coordinates": [ -131.40323, 56.76444 ] } },
{ "type": "Feature", "properties": { "sample_id": "ID104B873055", "latitude": 56.68678, "longitude": -131.28191, "rock_class": "intrusive rocks", "rock_type": "dioritic intrusive rocks", "terrane": "Post Accretionary", "terrane_name": "Stikinia", "era": "Mesozoic", "copper_ppm": 126.91, "gold_ppm": 0.143, "molybdenum_ppm": 10.42, "arsenic_ppm": 22.20000076, "cobalt_ppm": 14.5, "score_porphyry": 2.2421979925996371, "rank_porphyry": 188, "dist_to_fault_km": 6.17, "dist_to_terrane_boundary_km": 10.47, "grid_id": "131_67", "year": 1987 }, "geometry": { "type": "Point", "coordinates": [ -131.28191, 56.68678 ] } },
{ "type": "Feature", "properties": { "sample_id": "ID104B873098", "latitude": 56.56957, "longitude": -131.09246, "rock_class": "intrusive rocks", "rock_type": "granite, quartz diorite", "terrane": "Post Accretionary", "terrane_name": "Stikinia", "era": "Cenozoic", "copper_ppm": 65.51, "gold_ppm": 0.106, "molybdenum_ppm": 2.45, "arsenic_ppm": 19.10000038, "cobalt_ppm": 22.0, "score_porphyry": 1.3728655811701387, "rank_porphyry": 826, "dist_to_fault_km": 1.12, "dist_to_terrane_boundary_km": 13.43, "grid_id": "129_68", "year": 1987 }, "geometry": { "type": "Point", "coordinates": [ -131.09246, 56.56957 ] } },
{ "type": "Feature", "properties": { "sample_id": "ID104B873112", "latitude": 56.98454139, "longitude": -130.8449764, "rock_class": "volcanic rocks", "rock_type": "basaltic volcanic rocks", "terrane": "Stikinia", "terrane_name": "Stikinia", "era": "Paleozoic", "copper_ppm": 187.71, "gold_ppm": 0.007, "molybdenum_ppm": 4.66, "arsenic_ppm": 30.79999924, "cobalt_ppm": 28.0, "score_porphyry": 1.6610877062908298, "rank_porphyry": 460, "dist_to_fault_km": 0.94, "dist_to_terrane_boundary_km": 52.17, "grid_id": "134_70", "year": 1987 }, "geometry": { "type": "Point", "coordinates": [ -130.8449764, 56.98454139 ] } },
{ "type": "Feature", "properties": { "sample_id": "ID104B873117", "latitude": 56.98645734, "longitude": -130.7625631, "rock_class": "intrusive rocks", "rock_type": "granitic intrusive rocks", "terrane": "Stikinia", "terrane_name": "Stikinia", "era": "Paleozoic", "copper_ppm": 76.97, "gold_ppm": 0.0005, "molybdenum_ppm": 10.31, "arsenic_ppm": 18.29999924, "cobalt_ppm": 15.6, "score_porphyry": 1.345986108098608, "rank_porphyry": 874, "dist_to_fault_km": 0.01, "dist_to_terrane_boundary_km": 54.73, "grid_id": "134_71", "year": 1987 }, "geometry": { "type": "Point", "coordinates": [ -130.7625631, 56.98645733999998 ] } },
{ "type": "Feature", "properties": { "sample_id": "ID104B873137", "latitude": 56.93638822, "longitude": -130.7267356, "rock_class": "volcanic rocks", "rock_type": "mafic volcanic rocks", "terrane": "Stikine", "terrane_name": "Stikinia", "era": "Paleozoic", "copper_ppm": 94.93, "gold_ppm": 0.008, "molybdenum_ppm": 5.5, "arsenic_ppm": 66.09999847, "cobalt_ppm": 24.1, "score_porphyry": 1.4660193339304817, "rank_porphyry": 673, "dist_to_fault_km": 1.58, "dist_to_terrane_boundary_km": 49.11, "grid_id": "133_71", "year": 1987 }, "geometry": { "type": "Point", "coordinates": [ -130.726735600000012, 56.936388219999984 ] } },
{ "type": "Feature", "properties": { "sample_id": "ID104B873149", "latitude": 56.85703337, "longitude": -130.6527971, "rock_class": "intrusive rocks", "rock_type": "felsic intrusive rocks", "terrane": "Post Accretionary", "terrane_name": "Stikinia", "era": "Mesozoic", "copper_ppm": 48.63, "gold_ppm": 0.487, "molybdenum_ppm": 0.42, "arsenic_ppm": 13.60000038, "cobalt_ppm": 13.7, "score_porphyry": 2.2520815744479807, "rank_porphyry": 186, "dist_to_fault_km": 0.4, "dist_to_terrane_boundary_km": 40.54, "grid_id": "132_71", "year": 1987 }, "geometry": { "type": "Point", "coordinates": [ -130.652797099999987, 56.857033370000011 ] } },
{ "type": "Feature", "properties": { "sample_id": "ID104B873157", "latitude": 56.81209123, "longitude": -130.704747, "rock_class": "volcanic rocks", "rock_type": "mafic volcanic rocks", "terrane": "Stikine", "terrane_name": "Stikinia", "era": "Paleozoic", "copper_ppm": 109.43, "gold_ppm": 0.055, "molybdenum_ppm": 3.3, "arsenic_ppm": 39.29999924, "cobalt_ppm": 24.9, "score_porphyry": 1.5476443844552412, "rank_porphyry": 575, "dist_to_fault_km": 0.83, "dist_to_terrane_boundary_km": 35.28, "grid_id": "132_71", "year": 1987 }, "geometry": { "type": "Point", "coordinates": [ -130.704747, 56.812091229999979 ] } },
{ "type": "Feature", "properties": { "sample_id": "ID104B873208", "latitude": 56.66397242, "longitude": -130.3169539, "rock_class": "sedimentary rocks", "rock_type": "undivided sedimentary rocks", "terrane": "Overlap", "terrane_name": "Stikinia", "era": "Mesozoic", "copper_ppm": 65.91, "gold_ppm": 0.002, "molybdenum_ppm": 10.98, "arsenic_ppm": 28.20000076, "cobalt_ppm": 23.6, "score_porphyry": 1.4200621544148726, "rank_porphyry": 741, "dist_to_fault_km": 1.42, "dist_to_terrane_boundary_km": 28.32, "grid_id": "130_73", "year": 1987 }, "geometry": { "type": "Point", "coordinates": [ -130.316953899999987, 56.663972419999986 ] } },
{ "type": "Feature", "properties": { "sample_id": "ID104B873264", "latitude": 56.30381887, "longitude": -130.3854307, "rock_class": "volcanic rocks", "rock_type": "intermediate volcanic rocks", "terrane": "Stikinia", "terrane_name": "Stikinia", "era": "Mesozoic", "copper_ppm": 106.88, "gold_ppm": 0.055, "molybdenum_ppm": 1.44, "arsenic_ppm": 37.09999847, "cobalt_ppm": 28.0, "score_porphyry": 1.3311449091860801, "rank_porphyry": 906, "dist_to_fault_km": 2.46, "dist_to_terrane_boundary_km": 0.76, "grid_id": "126_72", "year": 1987 }, "geometry": { "type": "Point", "coordinates": [ -130.3854307, 56.30381887 ] } },
{ "type": "Feature", "properties": { "sample_id": "ID104B873265", "latitude": 56.31688431, "longitude": -130.4013607, "rock_class": "volcanic rocks", "rock_type": "mafic volcanic rocks", "terrane": "Stikinia", "terrane_name": "Stikinia", "era": "Mesozoic", "copper_ppm": 141.44, "gold_ppm": 0.105, "molybdenum_ppm": 0.64, "arsenic_ppm": 3.2000000480000002, "cobalt_ppm": 26.3, "score_porphyry": 1.2905726641020299, "rank_porphyry": 977, "dist_to_fault_km": 1.86, "dist_to_terrane_boundary_km": 0.07, "grid_id": "126_72", "year": 1987 }, "geometry": { "type": "Point", "coordinates": [ -130.4013607, 56.31688431 ] } },
{ "type": "Feature", "properties": { "sample_id": "ID104B873269", "latitude": 56.35154341, "longitude": -130.3779365, "rock_class": "volcanic rocks", "rock_type": "intermediate volcanic rocks", "terrane": "Stikinia", "terrane_name": "Stikinia", "era": "Mesozoic", "copper_ppm": 76.36, "gold_ppm": 0.056, "molybdenum_ppm": 33.86, "arsenic_ppm": 3.7000000480000002, "cobalt_ppm": 45.3, "score_porphyry": 2.0827432927448188, "rank_porphyry": 245, "dist_to_fault_km": 0.14, "dist_to_terrane_boundary_km": 2.2, "grid_id": "127_73", "year": 1987 }, "geometry": { "type": "Point", "coordinates": [ -130.3779365, 56.35154341 ] } },
{ "type": "Feature", "properties": { "sample_id": "ID104B873270", "latitude": 56.35259289, "longitude": -130.3893674, "rock_class": "volcanic rocks", "rock_type": "intermediate volcanic rocks", "terrane": "Stikinia", "terrane_name": "Stikinia", "era": "Mesozoic", "copper_ppm": 140.99, "gold_ppm": 0.052, "molybdenum_ppm": 46.06, "arsenic_ppm": 5.699999809, "cobalt_ppm": 26.8, "score_porphyry": 2.4016809981476768, "rank_porphyry": 164, "dist_to_fault_km": 0.64, "dist_to_terrane_boundary_km": 1.53, "grid_id": "127_72", "year": 1987 }, "geometry": { "type": "Point", "coordinates": [ -130.3893674, 56.35259289 ] } },
{ "type": "Feature", "properties": { "sample_id": "ID104B873277", "latitude": 56.39584148, "longitude": -130.4890932, "rock_class": "sedimentary rocks", "rock_type": "marine sedimentary rocks", "terrane": "Stikinia", "terrane_name": "Coast plutonic complex", "era": "Mesozoic", "copper_ppm": 144.89, "gold_ppm": 0.035, "molybdenum_ppm": 0.78, "arsenic_ppm": 40.70000076, "cobalt_ppm": 37.4, "score_porphyry": 1.3096970392678746, "rank_porphyry": 949, "dist_to_fault_km": 3.1, "dist_to_terrane_boundary_km": 3.08, "grid_id": "127_72", "year": 1987 }, "geometry": { "type": "Point", "coordinates": [ -130.489093200000013, 56.39584148 ] } },
{ "type": "Feature", "properties": { "sample_id": "ID104B873278", "latitude": 56.39314147, "longitude": -130.4902028, "rock_class": "sedimentary rocks", "rock_type": "marine sedimentary rocks", "terrane": "Stikinia", "terrane_name": "Coast plutonic complex", "era": "Mesozoic", "copper_ppm": 92.16, "gold_ppm": 0.21, "molybdenum_ppm": 0.59, "arsenic_ppm": 12.80000019, "cobalt_ppm": 25.0, "score_porphyry": 1.6531320999333132, "rank_porphyry": 466, "dist_to_fault_km": 3.35, "dist_to_terrane_boundary_km": 3.38, "grid_id": "127_72", "year": 1987 }, "geometry": { "type": "Point", "coordinates": [ -130.4902028, 56.393141469999968 ] } },
{ "type": "Feature", "properties": { "sample_id": "ID104B873282", "latitude": 56.36327591, "longitude": -130.5078318, "rock_class": "sedimentary rocks", "rock_type": "conglomerate", "terrane": "Stikinia", "terrane_name": "Coast plutonic complex", "era": "Mesozoic", "copper_ppm": 25.38, "gold_ppm": 0.36, "molybdenum_ppm": 0.64, "arsenic_ppm": 2.7999999519999998, "cobalt_ppm": 10.1, "score_porphyry": 1.3873928206700841, "rank_porphyry": 799, "dist_to_fault_km": 3.07, "dist_to_terrane_boundary_km": 5.42, "grid_id": "127_72", "year": 1987 }, "geometry": { "type": "Point", "coordinates": [ -130.507831800000019, 56.363275909999984 ] } },
{ "type": "Feature", "properties": { "sample_id": "ID104B873287", "latitude": 56.33030419, "longitude": -130.5308251, "rock_class": "intrusive rocks", "rock_type": "quartz monzonitic intrusive rocks", "terrane": "Post Accretionary", "terrane_name": "Coast plutonic complex", "era": "Cenozoic", "copper_ppm": null, "gold_ppm": 0.57, "molybdenum_ppm": null, "arsenic_ppm": null, "cobalt_ppm": null, "score_porphyry": 2.212668953932285, "rank_porphyry": 199, "dist_to_fault_km": 2.6, "dist_to_terrane_boundary_km": 7.51, "grid_id": "126_72", "year": 1987 }, "geometry": { "type": "Point", "coordinates": [ -130.530825099999987, 56.33030419 ] } },
{ "type": "Feature", "properties": { "sample_id": "ID104B873304", "latitude": 56.44460397, "longitude": -130.6713025, "rock_class": "sedimentary rocks", "rock_type": "conglomerate", "terrane": "Stikinia", "terrane_name": "Coast plutonic complex", "era": "Mesozoic", "copper_ppm": 95.99, "gold_ppm": 0.007, "molybdenum_ppm": 5.02, "arsenic_ppm": 23.29999924, "cobalt_ppm": 27.5, "score_porphyry": 1.3524152932619207, "rank_porphyry": 863, "dist_to_fault_km": 0.41, "dist_to_terrane_boundary_km": 3.44, "grid_id": "128_71", "year": 1987 }, "geometry": { "type": "Point", "coordinates": [ -130.6713025, 56.444603969999982 ] } },
{ "type": "Feature", "properties": { "sample_id": "ID104B873306", "latitude": 56.42179721, "longitude": -130.5624341, "rock_class": "sedimentary rocks", "rock_type": "conglomerate", "terrane": "Stikinia", "terrane_name": "Coast plutonic complex", "era": "Mesozoic", "copper_ppm": 206.18, "gold_ppm": 0.05, "molybdenum_ppm": 1.61, "arsenic_ppm": 21.79999924, "cobalt_ppm": 34.8, "score_porphyry": 1.6128817047102504, "rank_porphyry": 501, "dist_to_fault_km": 5.33, "dist_to_terrane_boundary_km": 2.61, "grid_id": "127_71", "year": 1987 }, "geometry": { "type": "Point", "coordinates": [ -130.5624341, 56.42179721 ] } },
{ "type": "Feature", "properties": { "sample_id": "ID104B873310", "latitude": 56.44962767, "longitude": -130.5565508, "rock_class": "intrusive rocks", "rock_type": "dioritic intrusive rocks", "terrane": "Stikine", "terrane_name": "Stikinia", "era": "Mesozoic", "copper_ppm": 154.68, "gold_ppm": 0.022, "molybdenum_ppm": 4.77, "arsenic_ppm": 10.0, "cobalt_ppm": 35.3, "score_porphyry": 1.5836204610566633, "rank_porphyry": 530, "dist_to_fault_km": 3.51, "dist_to_terrane_boundary_km": 0.32, "grid_id": "128_71", "year": 1987 }, "geometry": { "type": "Point", "coordinates": [ -130.5565508, 56.44962767 ] } },
{ "type": "Feature", "properties": { "sample_id": "ID104B873311", "latitude": 56.48360165, "longitude": -130.6952004, "rock_class": "volcanic rocks", "rock_type": "felsic volcanic rocks", "terrane": "Stikinia", "terrane_name": "Coast plutonic complex", "era": "Mesozoic", "copper_ppm": 79.82, "gold_ppm": 0.12, "molybdenum_ppm": 2.22, "arsenic_ppm": 15.69999981, "cobalt_ppm": 18.6, "score_porphyry": 1.4488033261922417, "rank_porphyry": 698, "dist_to_fault_km": 0.49, "dist_to_terrane_boundary_km": 0.26, "grid_id": "128_71", "year": 1987 }, "geometry": { "type": "Point", "coordinates": [ -130.6952004, 56.48360165 ] } },
{ "type": "Feature", "properties": { "sample_id": "ID104B873313", "latitude": 56.4840226, "longitude": -130.6533197, "rock_class": "sedimentary rocks", "rock_type": "mudstone, siltstone", "terrane": "Stikinia", "terrane_name": "Stikinia", "era": "Mesozoic", "copper_ppm": 70.29, "gold_ppm": 0.027, "molybdenum_ppm": 5.58, "arsenic_ppm": 47.5, "cobalt_ppm": 21.3, "score_porphyry": 1.3739960361935342, "rank_porphyry": 821, "dist_to_fault_km": 2.76, "dist_to_terrane_boundary_km": 0.97, "grid_id": "128_71", "year": 1987 }, "geometry": { "type": "Point", "coordinates": [ -130.6533197, 56.48402260000001 ] } },
{ "type": "Feature", "properties": { "sample_id": "ID104B873314", "latitude": 56.48743652, "longitude": -130.6418555, "rock_class": "sedimentary rocks", "rock_type": "conglomerate", "terrane": "Stikinia", "terrane_name": "Stikinia", "era": "Mesozoic", "copper_ppm": 114.73, "gold_ppm": 0.07, "molybdenum_ppm": 12.23, "arsenic_ppm": 86.40000153, "cobalt_ppm": 24.9, "score_porphyry": 2.1568807204191702, "rank_porphyry": 218, "dist_to_fault_km": 2.92, "dist_to_terrane_boundary_km": 1.64, "grid_id": "128_71", "year": 1987 }, "geometry": { "type": "Point", "coordinates": [ -130.6418555, 56.48743652 ] } },
{ "type": "Feature", "properties": { "sample_id": "ID104B873316", "latitude": 56.48727617, "longitude": -130.6184772, "rock_class": "sedimentary rocks", "rock_type": "conglomerate", "terrane": "Stikinia", "terrane_name": "Stikinia", "era": "Mesozoic", "copper_ppm": 120.52, "gold_ppm": 0.024, "molybdenum_ppm": 6.46, "arsenic_ppm": 20.5, "cobalt_ppm": 24.1, "score_porphyry": 1.5854930527285129, "rank_porphyry": 528, "dist_to_fault_km": 1.58, "dist_to_terrane_boundary_km": 2.28, "grid_id": "128_71", "year": 1987 }, "geometry": { "type": "Point", "coordinates": [ -130.6184772, 56.487276169999987 ] } },
{ "type": "Feature", "properties": { "sample_id": "ID104B873317", "latitude": 56.45592179, "longitude": -130.530925, "rock_class": "sedimentary rocks", "rock_type": "conglomerate", "terrane": "Stikinia", "terrane_name": "Stikinia", "era": "Mesozoic", "copper_ppm": 195.21, "gold_ppm": 0.008, "molybdenum_ppm": 19.04, "arsenic_ppm": 53.0, "cobalt_ppm": 32.3, "score_porphyry": 2.2551375282371002, "rank_porphyry": 185, "dist_to_fault_km": 1.99, "dist_to_terrane_boundary_km": 1.67, "grid_id": "128_72", "year": 1987 }, "geometry": { "type": "Point", "coordinates": [ -130.530925, 56.45592179 ] } },
{ "type": "Feature", "properties": { "sample_id": "ID104F871028", "latitude": 57.61484, "longitude": -132.24508, "rock_class": "volcanic rocks", "rock_type": "rhyolite, felsic volcanic rocks", "terrane": "Stikinia", "terrane_name": "Stikinia", "era": "Paleozoic", "copper_ppm": 183.3, "gold_ppm": 0.108, "molybdenum_ppm": 4.48, "arsenic_ppm": 219.1000061, "cobalt_ppm": 32.8, "score_porphyry": 2.3426171341434774, "rank_porphyry": 171, "dist_to_fault_km": 17.85, "dist_to_terrane_boundary_km": 5.56, "grid_id": "141_62", "year": 1987 }, "geometry": { "type": "Point", "coordinates": [ -132.24508, 57.61484 ] } },
{ "type": "Feature", "properties": { "sample_id": "ID104F871035", "latitude": 57.65719, "longitude": -132.17908, "rock_class": "volcanic rocks", "rock_type": "rhyolite, felsic volcanic rocks", "terrane": "Stikinia", "terrane_name": "Stikinia", "era": "Paleozoic", "copper_ppm": 196.86, "gold_ppm": 0.01480000019, "molybdenum_ppm": 4.88, "arsenic_ppm": 21.0, "cobalt_ppm": 32.9, "score_porphyry": 1.7248662883042052, "rank_porphyry": 416, "dist_to_fault_km": 14.04, "dist_to_terrane_boundary_km": 9.04, "grid_id": "142_63", "year": 1987 }, "geometry": { "type": "Point", "coordinates": [ -132.17908, 57.65719 ] } },
{ "type": "Feature", "properties": { "sample_id": "ID104F871077", "latitude": 57.6768, "longitude": -132.17812, "rock_class": "volcanic rocks", "rock_type": "rhyolite, felsic volcanic rocks", "terrane": "Stikinia", "terrane_name": "Stikinia", "era": "Paleozoic", "copper_ppm": 202.8, "gold_ppm": 0.03, "molybdenum_ppm": 6.99, "arsenic_ppm": 43.70000076, "cobalt_ppm": 27.8, "score_porphyry": 1.9765090938675562, "rank_porphyry": 277, "dist_to_fault_km": 12.68, "dist_to_terrane_boundary_km": 9.08, "grid_id": "142_63", "year": 1987 }, "geometry": { "type": "Point", "coordinates": [ -132.17812, 57.6768 ] } },
{ "type": "Feature", "properties": { "sample_id": "ID104F871079", "latitude": 57.69983, "longitude": -132.09958, "rock_class": "sedimentary rocks", "rock_type": "coarse clastic sedimentary rocks", "terrane": "Stikinia", "terrane_name": "Stikinia", "era": "Paleozoic", "copper_ppm": 95.91, "gold_ppm": 0.0005, "molybdenum_ppm": 7.45, "arsenic_ppm": 58.59999847, "cobalt_ppm": 18.2, "score_porphyry": 1.4752955470653348, "rank_porphyry": 660, "dist_to_fault_km": 7.57, "dist_to_terrane_boundary_km": 13.74, "grid_id": "142_63", "year": 1987 }, "geometry": { "type": "Point", "coordinates": [ -132.09958, 57.69983 ] } },
{ "type": "Feature", "properties": { "sample_id": "ID104F871128", "latitude": 57.86819, "longitude": -132.15202, "rock_class": "volcanic rocks", "rock_type": "undivided volcanic rocks", "terrane": "Stikinia", "terrane_name": "Stikinia", "era": "Paleozoic", "copper_ppm": 67.79, "gold_ppm": 0.345, "molybdenum_ppm": 1.77, "arsenic_ppm": 11.80000019, "cobalt_ppm": 14.1, "score_porphyry": 2.1520954400829697, "rank_porphyry": 219, "dist_to_fault_km": 5.31, "dist_to_terrane_boundary_km": 13.92, "grid_id": "144_63", "year": 1987 }, "geometry": { "type": "Point", "coordinates": [ -132.15202, 57.86819 ] } },
{ "type": "Feature", "properties": { "sample_id": "ID104F871131", "latitude": 57.87351, "longitude": -132.08652, "rock_class": "volcanic rocks", "rock_type": "undivided volcanic rocks", "terrane": "Stikinia", "terrane_name": "Stikinia", "era": "Paleozoic", "copper_ppm": 416.28, "gold_ppm": 0.1, "molybdenum_ppm": 11.09, "arsenic_ppm": 130.1999969, "cobalt_ppm": 46.5, "score_porphyry": 2.9905046970658029, "rank_porphyry": 83, "dist_to_fault_km": 1.93, "dist_to_terrane_boundary_km": 17.41, "grid_id": "144_63", "year": 1987 }, "geometry": { "type": "Point", "coordinates": [ -132.08652, 57.87351 ] } },
{ "type": "Feature", "properties": { "sample_id": "ID104F871132", "latitude": 57.87602, "longitude": -132.05884, "rock_class": "volcanic rocks", "rock_type": "undivided volcanic rocks", "terrane": "Stikinia", "terrane_name": "Stikinia", "era": "Paleozoic", "copper_ppm": 255.98, "gold_ppm": 0.002, "molybdenum_ppm": 12.94, "arsenic_ppm": 75.19999695, "cobalt_ppm": 38.9, "score_porphyry": 2.2749245613287052, "rank_porphyry": 181, "dist_to_fault_km": 0.35, "dist_to_terrane_boundary_km": 18.91, "grid_id": "144_64", "year": 1987 }, "geometry": { "type": "Point", "coordinates": [ -132.05884, 57.87602 ] } },
{ "type": "Feature", "properties": { "sample_id": "ID104G111077", "latitude": 57.61914, "longitude": -131.43878, "rock_class": "intrusive rocks", "rock_type": "tonalite intrusive rocks", "terrane": "Post Accretionary", "terrane_name": "Stikinia", "era": "Mesozoic", "copper_ppm": 57.39, "gold_ppm": 0.002, "molybdenum_ppm": 9.09, "arsenic_ppm": 15.89999962, "cobalt_ppm": 52.4, "score_porphyry": 1.3725116109370037, "rank_porphyry": 827, "dist_to_fault_km": 1.09, "dist_to_terrane_boundary_km": 53.41, "grid_id": "141_67", "year": 2011 }, "geometry": { "type": "Point", "coordinates": [ -131.43878, 57.61914 ] } },
{ "type": "Feature", "properties": { "sample_id": "ID104G111080", "latitude": 57.59925, "longitude": -131.4942, "rock_class": "volcanic rocks", "rock_type": "calc-alkaline volcanic rocks", "terrane": "Stikinia", "terrane_name": "Stikinia", "era": "Mesozoic", "copper_ppm": 166.21, "gold_ppm": 0.005300000191, "molybdenum_ppm": 3.96, "arsenic_ppm": 18.20000076, "cobalt_ppm": 39.9, "score_porphyry": 1.5550281355152735, "rank_porphyry": 563, "dist_to_fault_km": 2.48, "dist_to_terrane_boundary_km": 50.34, "grid_id": "141_67", "year": 2011 }, "geometry": { "type": "Point", "coordinates": [ -131.4942, 57.59925 ] } },
{ "type": "Feature", "properties": { "sample_id": "ID104G111091", "latitude": 57.50134, "longitude": -131.5542, "rock_class": "intrusive rocks", "rock_type": "granodioritic intrusive rocks", "terrane": "Post Accretionary", "terrane_name": "Stikinia", "era": "Mesozoic", "copper_ppm": 313.61, "gold_ppm": 0.01829999924, "molybdenum_ppm": 9.96, "arsenic_ppm": 47.40000153, "cobalt_ppm": 29.1, "score_porphyry": 2.2553755239739193, "rank_porphyry": 184, "dist_to_fault_km": 2.05, "dist_to_terrane_boundary_km": 45.44, "grid_id": "140_66", "year": 2011 }, "geometry": { "type": "Point", "coordinates": [ -131.5542, 57.50134 ] } },
{ "type": "Feature", "properties": { "sample_id": "ID104G111093", "latitude": 57.52723, "longitude": -131.69967, "rock_class": "intrusive rocks", "rock_type": "granite, alkali feldspar granite intrusive rocks", "terrane": "Post Accretionary", "terrane_name": "Stikinia", "era": "Cenozoic", "copper_ppm": 102.0, "gold_ppm": 0.007300000191, "molybdenum_ppm": 5.22, "arsenic_ppm": 211.1999969, "cobalt_ppm": 35.5, "score_porphyry": 1.6651039785655937, "rank_porphyry": 457, "dist_to_fault_km": 5.3, "dist_to_terrane_boundary_km": 37.57, "grid_id": "140_65", "year": 2011 }, "geometry": { "type": "Point", "coordinates": [ -131.69967, 57.52723 ] } },
{ "type": "Feature", "properties": { "sample_id": "ID104G111098", "latitude": 57.66122, "longitude": -131.76277, "rock_class": "volcanic rocks", "rock_type": "undivided volcanic rocks", "terrane": "Stikinia", "terrane_name": "Stikinia", "era": "Mesozoic", "copper_ppm": 149.06, "gold_ppm": 0.009199999809, "molybdenum_ppm": 5.28, "arsenic_ppm": 54.90000153, "cobalt_ppm": 33.5, "score_porphyry": 1.6986617127676971, "rank_porphyry": 436, "dist_to_fault_km": 1.05, "dist_to_terrane_boundary_km": 33.85, "grid_id": "142_65", "year": 2011 }, "geometry": { "type": "Point", "coordinates": [ -131.76277, 57.66122 ] } },
{ "type": "Feature", "properties": { "sample_id": "ID104G111106", "latitude": 57.74682, "longitude": -131.86203, "rock_class": "sedimentary rocks", "rock_type": "undivided sedimentary rocks", "terrane": "Stikinia", "terrane_name": "Stikinia", "era": "Mesozoic", "copper_ppm": 103.7, "gold_ppm": 0.005300000191, "molybdenum_ppm": 12.21, "arsenic_ppm": 26.70000076, "cobalt_ppm": 19.2, "score_porphyry": 1.636421465899085, "rank_porphyry": 478, "dist_to_fault_km": 0.16, "dist_to_terrane_boundary_km": 27.15, "grid_id": "143_65", "year": 2011 }, "geometry": { "type": "Point", "coordinates": [ -131.86203, 57.74682 ] } },
{ "type": "Feature", "properties": { "sample_id": "ID104G111107", "latitude": 57.81123, "longitude": -131.92153, "rock_class": "sedimentary rocks", "rock_type": "undivided sedimentary rocks", "terrane": "Stikinia", "terrane_name": "Stikinia", "era": "Mesozoic", "copper_ppm": 150.88, "gold_ppm": 0.0045, "molybdenum_ppm": 5.15, "arsenic_ppm": 65.30000305, "cobalt_ppm": 23.4, "score_porphyry": 1.6289508754910784, "rank_porphyry": 483, "dist_to_fault_km": 5.76, "dist_to_terrane_boundary_km": 23.74, "grid_id": "143_64", "year": 2011 }, "geometry": { "type": "Point", "coordinates": [ -131.92153, 57.81123 ] } },
{ "type": "Feature", "properties": { "sample_id": "ID104G111108", "latitude": 57.78834, "longitude": -131.87046, "rock_class": "intrusive rocks", "rock_type": "monzodioritic to gabbroic intrusive rocks", "terrane": "Stikinia", "terrane_name": "Stikinia", "era": "Mesozoic", "copper_ppm": 222.13, "gold_ppm": 0.04129999924, "molybdenum_ppm": 60.82, "arsenic_ppm": 6.5999999049999998, "cobalt_ppm": 16.8, "score_porphyry": 2.5952923949932654, "rank_porphyry": 129, "dist_to_fault_km": 1.86, "dist_to_terrane_boundary_km": 26.49, "grid_id": "143_65", "year": 2011 }, "geometry": { "type": "Point", "coordinates": [ -131.87046, 57.78834 ] } },
{ "type": "Feature", "properties": { "sample_id": "ID104G111110", "latitude": 57.84508, "longitude": -131.96072, "rock_class": "sedimentary rocks", "rock_type": "chert, siliceous argillite, siliciclastic rocks", "terrane": "Stikinia", "terrane_name": "Stikinia", "era": "Mesozoic", "copper_ppm": 169.75, "gold_ppm": 0.0012999999520000001, "molybdenum_ppm": 4.59, "arsenic_ppm": 59.29999924, "cobalt_ppm": 24.2, "score_porphyry": 1.6248284824272721, "rank_porphyry": 487, "dist_to_fault_km": 4.7, "dist_to_terrane_boundary_km": 22.45, "grid_id": "144_64", "year": 2011 }, "geometry": { "type": "Point", "coordinates": [ -131.96072, 57.84508 ] } },
{ "type": "Feature", "properties": { "sample_id": "ID104G111111", "latitude": 57.85079, "longitude": -131.91268, "rock_class": "sedimentary rocks", "rock_type": "marine sedimentary and volcanic rocks", "terrane": "Stikinia", "terrane_name": "Stikinia", "era": "Mesozoic", "copper_ppm": 196.69, "gold_ppm": 0.0013999999759999999, "molybdenum_ppm": 5.06, "arsenic_ppm": 41.90000153, "cobalt_ppm": 27.5, "score_porphyry": 1.7092647168251021, "rank_porphyry": 427, "dist_to_fault_km": 4.7, "dist_to_terrane_boundary_km": 25.35, "grid_id": "144_64", "year": 2011 }, "geometry": { "type": "Point", "coordinates": [ -131.91268, 57.85079 ] } },
{ "type": "Feature", "properties": { "sample_id": "ID104G111112", "latitude": 57.85301, "longitude": -131.86072, "rock_class": "sedimentary rocks", "rock_type": "marine sedimentary and volcanic rocks", "terrane": "Stikinia", "terrane_name": "Stikinia", "era": "Mesozoic", "copper_ppm": 189.45, "gold_ppm": 0.0032999999519999997, "molybdenum_ppm": 2.77, "arsenic_ppm": 37.59999847, "cobalt_ppm": 37.0, "score_porphyry": 1.5575510231361673, "rank_porphyry": 560, "dist_to_fault_km": 4.49, "dist_to_terrane_boundary_km": 28.36, "grid_id": "144_65", "year": 2011 }, "geometry": { "type": "Point", "coordinates": [ -131.86072, 57.85301 ] } },
{ "type": "Feature", "properties": { "sample_id": "ID104G111125", "latitude": 57.57885, "longitude": -131.56319, "rock_class": "volcanic rocks", "rock_type": "undivided volcanic rocks", "terrane": "Stikinia", "terrane_name": "Stikinia", "era": "Mesozoic", "copper_ppm": 205.84, "gold_ppm": 0.02839999962, "molybdenum_ppm": 6.6, "arsenic_ppm": 108.9000015, "cobalt_ppm": 37.3, "score_porphyry": 2.1011738583459616, "rank_porphyry": 236, "dist_to_fault_km": 4.09, "dist_to_terrane_boundary_km": 46.01, "grid_id": "141_66", "year": 2011 }, "geometry": { "type": "Point", "coordinates": [ -131.56319, 57.57885 ] } },
{ "type": "Feature", "properties": { "sample_id": "ID104G111134", "latitude": 57.66507, "longitude": -131.73535, "rock_class": "intrusive rocks", "rock_type": "quartz monzonitic intrusive rocks", "terrane": "Post Accretionary", "terrane_name": "Stikinia", "era": "Mesozoic", "copper_ppm": 206.36, "gold_ppm": 0.005800000191, "molybdenum_ppm": 3.79, "arsenic_ppm": 26.60000038, "cobalt_ppm": 27.2, "score_porphyry": 1.6131405866889077, "rank_porphyry": 499, "dist_to_fault_km": 0.45, "dist_to_terrane_boundary_km": 35.48, "grid_id": "142_65", "year": 2011 }, "geometry": { "type": "Point", "coordinates": [ -131.73535, 57.66507 ] } },
{ "type": "Feature", "properties": { "sample_id": "ID104G111144", "latitude": 57.76, "longitude": -131.8565, "rock_class": "sedimentary rocks", "rock_type": "undivided sedimentary rocks", "terrane": "Stikinia", "terrane_name": "Stikinia", "era": "Mesozoic", "copper_ppm": 158.31, "gold_ppm": 0.05229999924, "molybdenum_ppm": 3.74, "arsenic_ppm": 109.1999969, "cobalt_ppm": 25.0, "score_porphyry": 1.8448342754555638, "rank_porphyry": 332, "dist_to_fault_km": 0.37, "dist_to_terrane_boundary_km": 27.34, "grid_id": "143_65", "year": 2011 }, "geometry": { "type": "Point", "coordinates": [ -131.8565, 57.76 ] } },
{ "type": "Feature", "properties": { "sample_id": "ID104G111145", "latitude": 57.77615, "longitude": -131.9042, "rock_class": "sedimentary rocks", "rock_type": "undivided sedimentary rocks", "terrane": "Stikinia", "terrane_name": "Stikinia", "era": "Mesozoic", "copper_ppm": 240.18, "gold_ppm": 0.0245, "molybdenum_ppm": 6.39, "arsenic_ppm": 49.09999847, "cobalt_ppm": 25.4, "score_porphyry": 1.9922702966547314, "rank_porphyry": 271, "dist_to_fault_km": 2.61, "dist_to_terrane_boundary_km": 24.44, "grid_id": "143_64", "year": 2011 }, "geometry": { "type": "Point", "coordinates": [ -131.9042, 57.77615 ] } },
{ "type": "Feature", "properties": { "sample_id": "ID104G111149", "latitude": 57.82816, "longitude": -131.89347, "rock_class": "sedimentary rocks", "rock_type": "marine sedimentary and volcanic rocks", "terrane": "Stikinia", "terrane_name": "Stikinia", "era": "Mesozoic", "copper_ppm": 97.29, "gold_ppm": 0.0015, "molybdenum_ppm": 6.16, "arsenic_ppm": 26.5, "cobalt_ppm": 19.5, "score_porphyry": 1.3528736163406214, "rank_porphyry": 862, "dist_to_fault_km": 6.47, "dist_to_terrane_boundary_km": 25.75, "grid_id": "144_65", "year": 2011 }, "geometry": { "type": "Point", "coordinates": [ -131.89347, 57.82816 ] } },
{ "type": "Feature", "properties": { "sample_id": "ID104G111151", "latitude": 57.84227, "longitude": -131.98471, "rock_class": "volcanic rocks", "rock_type": "undivided volcanic rocks", "terrane": "Stikinia", "terrane_name": "Stikinia", "era": "Paleozoic", "copper_ppm": 156.91, "gold_ppm": 0.0029000000950000003, "molybdenum_ppm": 7.4, "arsenic_ppm": 65.5, "cobalt_ppm": 22.1, "score_porphyry": 1.7503760345720945, "rank_porphyry": 394, "dist_to_fault_km": 4.92, "dist_to_terrane_boundary_km": 21.01, "grid_id": "144_64", "year": 2011 }, "geometry": { "type": "Point", "coordinates": [ -131.98471, 57.84227 ] } },
{ "type": "Feature", "properties": { "sample_id": "ID104G111152", "latitude": 57.85069, "longitude": -131.93904, "rock_class": "sedimentary rocks", "rock_type": "marine sedimentary and volcanic rocks", "terrane": "Stikinia", "terrane_name": "Stikinia", "era": "Mesozoic", "copper_ppm": 155.11, "gold_ppm": 0.0011000000240000002, "molybdenum_ppm": 2.79, "arsenic_ppm": 35.90000153, "cobalt_ppm": 21.0, "score_porphyry": 1.3565414490077594, "rank_porphyry": 854, "dist_to_fault_km": 4.36, "dist_to_terrane_boundary_km": 23.88, "grid_id": "144_64", "year": 2011 }, "geometry": { "type": "Point", "coordinates": [ -131.93904, 57.85069 ] } },
{ "type": "Feature", "properties": { "sample_id": "ID104G111174", "latitude": 57.92791, "longitude": -131.75456, "rock_class": "sedimentary rocks", "rock_type": "marine sedimentary and volcanic rocks", "terrane": "Stikinia", "terrane_name": "Stikinia", "era": "Mesozoic", "copper_ppm": 218.24, "gold_ppm": 0.006, "molybdenum_ppm": 2.12, "arsenic_ppm": 25.79999924, "cobalt_ppm": 35.9, "score_porphyry": 1.5176042902784421, "rank_porphyry": 599, "dist_to_fault_km": 0.08, "dist_to_terrane_boundary_km": 37.37, "grid_id": "145_65", "year": 2011 }, "geometry": { "type": "Point", "coordinates": [ -131.75456, 57.92791 ] } },
{ "type": "Feature", "properties": { "sample_id": "ID104G111175", "latitude": 57.92844, "longitude": -131.75517, "rock_class": "sedimentary rocks", "rock_type": "marine sedimentary and volcanic rocks", "terrane": "Stikinia", "terrane_name": "Stikinia", "era": "Mesozoic", "copper_ppm": 155.08, "gold_ppm": 0.007300000191, "molybdenum_ppm": 3.18, "arsenic_ppm": 37.20000076, "cobalt_ppm": 27.5, "score_porphyry": 1.4749529490822084, "rank_porphyry": 661, "dist_to_fault_km": 0.01, "dist_to_terrane_boundary_km": 37.36, "grid_id": "145_65", "year": 2011 }, "geometry": { "type": "Point", "coordinates": [ -131.75517, 57.92844 ] } },
{ "type": "Feature", "properties": { "sample_id": "ID104G111183", "latitude": 57.96003, "longitude": -131.68168, "rock_class": "sedimentary rocks", "rock_type": "undivided sedimentary rocks", "terrane": "Stikinia", "terrane_name": "Stikinia", "era": "Mesozoic", "copper_ppm": 111.47, "gold_ppm": 0.0035, "molybdenum_ppm": 4.46, "arsenic_ppm": 60.0, "cobalt_ppm": 29.5, "score_porphyry": 1.4728021760707195, "rank_porphyry": 663, "dist_to_fault_km": 0.06, "dist_to_terrane_boundary_km": 42.85, "grid_id": "145_66", "year": 2011 }, "geometry": { "type": "Point", "coordinates": [ -131.68168, 57.96003 ] } },
{ "type": "Feature", "properties": { "sample_id": "ID104G111186", "latitude": 57.96868, "longitude": -131.46564, "rock_class": "sedimentary rocks", "rock_type": "marine sedimentary and volcanic rocks", "terrane": "Stikinia", "terrane_name": "Stikinia", "era": "Mesozoic", "copper_ppm": 129.56, "gold_ppm": 0.6479000244000001, "molybdenum_ppm": 3.84, "arsenic_ppm": 5.4000000950000002, "cobalt_ppm": 12.8, "score_porphyry": 3.5790098638446279, "rank_porphyry": 52, "dist_to_fault_km": 9.93, "dist_to_terrane_boundary_km": 54.8, "grid_id": "145_67", "year": 2011 }, "geometry": { "type": "Point", "coordinates": [ -131.46564, 57.96868 ] } },
{ "type": "Feature", "properties": { "sample_id": "ID104G111187", "latitude": 57.96868, "longitude": -131.46564, "rock_class": "sedimentary rocks", "rock_type": "marine sedimentary and volcanic rocks", "terrane": "Stikinia", "terrane_name": "Stikinia", "era": "Mesozoic", "copper_ppm": 136.69, "gold_ppm": 6.316399902000001, "molybdenum_ppm": 3.51, "arsenic_ppm": 5.0999999049999998, "cobalt_ppm": 11.6, "score_porphyry": 10.957047372280478, "rank_porphyry": 5, "dist_to_fault_km": 9.93, "dist_to_terrane_boundary_km": 54.8, "grid_id": "145_67", "year": 2011 }, "geometry": { "type": "Point", "coordinates": [ -131.46564, 57.96868 ] } },
{ "type": "Feature", "properties": { "sample_id": "ID104G111194", "latitude": 57.77167, "longitude": -131.69231, "rock_class": "sedimentary rocks", "rock_type": "undivided sedimentary rocks", "terrane": "Stikinia", "terrane_name": "Stikinia", "era": "Mesozoic", "copper_ppm": 117.83, "gold_ppm": 0.0029000000950000003, "molybdenum_ppm": 18.36, "arsenic_ppm": 24.20000076, "cobalt_ppm": 20.4, "score_porphyry": 1.830773234009861, "rank_porphyry": 341, "dist_to_fault_km": 0.7, "dist_to_terrane_boundary_km": 37.05, "grid_id": "143_66", "year": 2011 }, "geometry": { "type": "Point", "coordinates": [ -131.69231, 57.77167 ] } },
{ "type": "Feature", "properties": { "sample_id": "ID104G111214", "latitude": 57.9416, "longitude": -131.75256, "rock_class": "sedimentary rocks", "rock_type": "marine sedimentary and volcanic rocks", "terrane": "Stikinia", "terrane_name": "Stikinia", "era": "Mesozoic", "copper_ppm": 134.63, "gold_ppm": 0.004199999809, "molybdenum_ppm": 2.39, "arsenic_ppm": 40.29999924, "cobalt_ppm": 22.1, "score_porphyry": 1.2853930058555678, "rank_porphyry": 991, "dist_to_fault_km": 0.24, "dist_to_terrane_boundary_km": 38.19, "grid_id": "145_65", "year": 2011 }, "geometry": { "type": "Point", "coordinates": [ -131.75256, 57.9416 ] } },
{ "type": "Feature", "properties": { "sample_id": "ID104G111222", "latitude": 57.98802, "longitude": -131.80317, "rock_class": "sedimentary rocks", "rock_type": "undivided sedimentary rocks", "terrane": "Stikinia", "terrane_name": "Stikinia", "era": "Mesozoic", "copper_ppm": 175.48, "gold_ppm": 0.0095, "molybdenum_ppm": 2.79, "arsenic_ppm": 91.40000153, "cobalt_ppm": 41.2, "score_porphyry": 1.6659095733647897, "rank_porphyry": 455, "dist_to_fault_km": 4.88, "dist_to_terrane_boundary_km": 37.61, "grid_id": "145_65", "year": 2011 }, "geometry": { "type": "Point", "coordinates": [ -131.80317, 57.98802 ] } },
{ "type": "Feature", "properties": { "sample_id": "ID104G111223", "latitude": 57.98923, "longitude": -131.80408, "rock_class": "sedimentary rocks", "rock_type": "undivided sedimentary rocks", "terrane": "Stikinia", "terrane_name": "Stikinia", "era": "Mesozoic", "copper_ppm": 128.45, "gold_ppm": 0.00030000001199999998, "molybdenum_ppm": 4.29, "arsenic_ppm": 15.30000019, "cobalt_ppm": 31.2, "score_porphyry": 1.3796200955911906, "rank_porphyry": 813, "dist_to_fault_km": 5.0, "dist_to_terrane_boundary_km": 37.61, "grid_id": "145_65", "year": 2011 }, "geometry": { "type": "Point", "coordinates": [ -131.80408, 57.98923 ] } },
{ "type": "Feature", "properties": { "sample_id": "ID104G111224", "latitude": 57.97609, "longitude": -131.65876, "rock_class": "sedimentary rocks", "rock_type": "undivided sedimentary rocks", "terrane": "Stikinia", "terrane_name": "Stikinia", "era": "Mesozoic", "copper_ppm": 141.12, "gold_ppm": 0.01280000019, "molybdenum_ppm": 3.2, "arsenic_ppm": 118.0999985, "cobalt_ppm": 29.8, "score_porphyry": 1.5944792208227232, "rank_porphyry": 522, "dist_to_fault_km": 0.11, "dist_to_terrane_boundary_km": 44.9, "grid_id": "145_66", "year": 2011 }, "geometry": { "type": "Point", "coordinates": [ -131.65876, 57.97609 ] } },
{ "type": "Feature", "properties": { "sample_id": "ID104G111225", "latitude": 57.7666, "longitude": -131.6996, "rock_class": "sedimentary rocks", "rock_type": "undivided sedimentary rocks", "terrane": "Stikinia", "terrane_name": "Stikinia", "era": "Mesozoic", "copper_ppm": 100.98, "gold_ppm": 0.0049000000949999999, "molybdenum_ppm": 16.88, "arsenic_ppm": 19.70000076, "cobalt_ppm": 20.9, "score_porphyry": 1.7240279038748327, "rank_porphyry": 418, "dist_to_fault_km": 0.25, "dist_to_terrane_boundary_km": 36.62, "grid_id": "143_66", "year": 2011 }, "geometry": { "type": "Point", "coordinates": [ -131.6996, 57.7666 ] } },
{ "type": "Feature", "properties": { "sample_id": "ID104G111226", "latitude": 57.7666, "longitude": -131.6996, "rock_class": "sedimentary rocks", "rock_type": "undivided sedimentary rocks", "terrane": "Stikinia", "terrane_name": "Stikinia", "era": "Mesozoic", "copper_ppm": 103.74, "gold_ppm": 0.0035999999049999998, "molybdenum_ppm": 15.92, "arsenic_ppm": 18.20000076, "cobalt_ppm": 21.1, "score_porphyry": 1.7019775458730431, "rank_porphyry": 434, "dist_to_fault_km": 0.25, "dist_to_terrane_boundary_km": 36.62, "grid_id": "143_66", "year": 2011 }, "geometry": { "type": "Point", "coordinates": [ -131.6996, 57.7666 ] } },
{ "type": "Feature", "properties": { "sample_id": "ID104G871003", "latitude": 57.8652, "longitude": -131.3508, "rock_class": "sedimentary rocks", "rock_type": "marine sedimentary and volcanic rocks", "terrane": "Stikinia", "terrane_name": "Stikinia", "era": "Mesozoic", "copper_ppm": 116.66, "gold_ppm": 0.2, "molybdenum_ppm": 0.35, "arsenic_ppm": 4.4000000950000002, "cobalt_ppm": 21.3, "score_porphyry": 1.5283036795982077, "rank_porphyry": 588, "dist_to_fault_km": 10.28, "dist_to_terrane_boundary_km": 58.14, "grid_id": "144_68", "year": 1987 }, "geometry": { "type": "Point", "coordinates": [ -131.3508, 57.8652 ] } },
{ "type": "Feature", "properties": { "sample_id": "ID104G871010", "latitude": 57.98325, "longitude": -131.09555, "rock_class": "sedimentary rocks", "rock_type": "marine sedimentary and volcanic rocks", "terrane": "Stikinia", "terrane_name": "Stikinia", "era": "Mesozoic", "copper_ppm": 23.39, "gold_ppm": 0.57, "molybdenum_ppm": 0.5, "arsenic_ppm": 2.5, "cobalt_ppm": 9.9, "score_porphyry": 2.0184429491414866, "rank_porphyry": 264, "dist_to_fault_km": 14.17, "dist_to_terrane_boundary_km": 58.05, "grid_id": "145_69", "year": 1987 }, "geometry": { "type": "Point", "coordinates": [ -131.09555, 57.98325 ] } },
{ "type": "Feature", "properties": { "sample_id": "ID104G871066", "latitude": 57.29024, "longitude": -130.91352, "rock_class": "intrusive rocks", "rock_type": "quartz monzonitic intrusive rocks", "terrane": "Post Accretionary", "terrane_name": "Stikinia", "era": "Mesozoic", "copper_ppm": 93.82, "gold_ppm": 0.028, "molybdenum_ppm": 2.6, "arsenic_ppm": 18.29999924, "cobalt_ppm": 57.0, "score_porphyry": 1.3473781394576023, "rank_porphyry": 870, "dist_to_fault_km": 0.57, "dist_to_terrane_boundary_km": 69.96, "grid_id": "137_70", "year": 1987 }, "geometry": { "type": "Point", "coordinates": [ -130.91352, 57.29024 ] } },
{ "type": "Feature", "properties": { "sample_id": "ID104G871068", "latitude": 57.31797, "longitude": -130.9041, "rock_class": "intrusive rocks", "rock_type": "gabbroic to dioritic intrusive rocks", "terrane": "Stikinia", "terrane_name": "Stikinia", "era": "Mesozoic", "copper_ppm": 239.72, "gold_ppm": 0.05, "molybdenum_ppm": 14.74, "arsenic_ppm": 9.600000381, "cobalt_ppm": 15.2, "score_porphyry": 2.1574339105478377, "rank_porphyry": 217, "dist_to_fault_km": 0.08, "dist_to_terrane_boundary_km": 71.56, "grid_id": "138_70", "year": 1987 }, "geometry": { "type": "Point", "coordinates": [ -130.9041, 57.31797 ] } },
{ "type": "Feature", "properties": { "sample_id": "ID104G871074", "latitude": 57.39611, "longitude": -130.92944, "rock_class": "volcanic rocks", "rock_type": "undivided volcanic rocks", "terrane": "Stikinia", "terrane_name": "Stikinia", "era": "Paleozoic", "copper_ppm": 177.05, "gold_ppm": 0.0005, "molybdenum_ppm": 2.73, "arsenic_ppm": 26.20000076, "cobalt_ppm": 25.7, "score_porphyry": 1.4094381082789269, "rank_porphyry": 755, "dist_to_fault_km": 0.54, "dist_to_terrane_boundary_km": 73.79, "grid_id": "138_70", "year": 1987 }, "geometry": { "type": "Point", "coordinates": [ -130.92944, 57.39611 ] } },
{ "type": "Feature", "properties": { "sample_id": "ID104G871103", "latitude": 57.75558, "longitude": -131.9292, "rock_class": "sedimentary rocks", "rock_type": "undivided sedimentary rocks", "terrane": "Stikinia", "terrane_name": "Stikinia", "era": "Mesozoic", "copper_ppm": 155.23, "gold_ppm": 0.078, "molybdenum_ppm": 3.13, "arsenic_ppm": 25.0, "cobalt_ppm": 21.8, "score_porphyry": 1.7274739105960877, "rank_porphyry": 413, "dist_to_fault_km": 0.15, "dist_to_terrane_boundary_km": 23.07, "grid_id": "143_64", "year": 1987 }, "geometry": { "type": "Point", "coordinates": [ -131.9292, 57.75558 ] } },
{ "type": "Feature", "properties": { "sample_id": "ID104G871112", "latitude": 57.7431, "longitude": -131.85087, "rock_class": "sedimentary rocks", "rock_type": "undivided sedimentary rocks", "terrane": "Stikinia", "terrane_name": "Stikinia", "era": "Mesozoic", "copper_ppm": 98.43, "gold_ppm": 0.037, "molybdenum_ppm": 7.08, "arsenic_ppm": 30.79999924, "cobalt_ppm": 16.4, "score_porphyry": 1.564060488664303, "rank_porphyry": 555, "dist_to_fault_km": 0.57, "dist_to_terrane_boundary_km": 27.86, "grid_id": "143_65", "year": 1987 }, "geometry": { "type": "Point", "coordinates": [ -131.85087, 57.7431 ] } },
{ "type": "Feature", "properties": { "sample_id": "ID104G871115", "latitude": 57.74729, "longitude": -131.84041, "rock_class": "sedimentary rocks", "rock_type": "undivided sedimentary rocks", "terrane": "Stikinia", "terrane_name": "Stikinia", "era": "Mesozoic", "copper_ppm": 115.56, "gold_ppm": 0.055, "molybdenum_ppm": 3.28, "arsenic_ppm": 49.0, "cobalt_ppm": 18.2, "score_porphyry": 1.5395417330265475, "rank_porphyry": 580, "dist_to_fault_km": 0.09, "dist_to_terrane_boundary_km": 28.42, "grid_id": "143_65", "year": 1987 }, "geometry": { "type": "Point", "coordinates": [ -131.84041, 57.74729 ] } },
{ "type": "Feature", "properties": { "sample_id": "ID104G871117", "latitude": 57.72063, "longitude": -131.77292, "rock_class": "sedimentary rocks", "rock_type": "limestone, marble, calcareous sedimentary rocks", "terrane": "Stikinia", "terrane_name": "Stikinia", "era": "Paleozoic", "copper_ppm": 64.52, "gold_ppm": 0.65, "molybdenum_ppm": 3.1, "arsenic_ppm": 19.10000038, "cobalt_ppm": 13.4, "score_porphyry": 3.3362753045642894, "rank_porphyry": 66, "dist_to_fault_km": 0.58, "dist_to_terrane_boundary_km": 32.84, "grid_id": "142_65", "year": 1987 }, "geometry": { "type": "Point", "coordinates": [ -131.77292, 57.72063 ] } },
{ "type": "Feature", "properties": { "sample_id": "ID104G871118", "latitude": 57.72068, "longitude": -131.77292, "rock_class": "sedimentary rocks", "rock_type": "limestone, marble, calcareous sedimentary rocks", "terrane": "Stikinia", "terrane_name": "Stikinia", "era": "Paleozoic", "copper_ppm": 82.37, "gold_ppm": 0.221, "molybdenum_ppm": 5.46, "arsenic_ppm": 32.40000153, "cobalt_ppm": 15.4, "score_porphyry": 2.2031119732979856, "rank_porphyry": 203, "dist_to_fault_km": 0.59, "dist_to_terrane_boundary_km": 32.84, "grid_id": "142_65", "year": 1987 }, "geometry": { "type": "Point", "coordinates": [ -131.77292, 57.72068 ] } },
{ "type": "Feature", "properties": { "sample_id": "ID104G871128", "latitude": 57.76186, "longitude": -131.77095, "rock_class": "sedimentary rocks", "rock_type": "undivided sedimentary rocks", "terrane": "Stikinia", "terrane_name": "Stikinia", "era": "Mesozoic", "copper_ppm": 101.36, "gold_ppm": 0.04, "molybdenum_ppm": 7.44, "arsenic_ppm": 29.0, "cobalt_ppm": 16.7, "score_porphyry": 1.6054327855087138, "rank_porphyry": 511, "dist_to_fault_km": 1.61, "dist_to_terrane_boundary_km": 32.41, "grid_id": "143_65", "year": 1987 }, "geometry": { "type": "Point", "coordinates": [ -131.77095, 57.76186 ] } },
{ "type": "Feature", "properties": { "sample_id": "ID104G871148", "latitude": 57.8989, "longitude": -131.99759, "rock_class": "sedimentary rocks", "rock_type": "marine sedimentary and volcanic rocks", "terrane": "Stikinia", "terrane_name": "Stikinia", "era": "Mesozoic", "copper_ppm": 90.05, "gold_ppm": 0.012, "molybdenum_ppm": 43.88, "arsenic_ppm": 25.5, "cobalt_ppm": 15.5, "score_porphyry": 2.040730787851142, "rank_porphyry": 260, "dist_to_fault_km": 1.43, "dist_to_terrane_boundary_km": 23.35, "grid_id": "144_64", "year": 1987 }, "geometry": { "type": "Point", "coordinates": [ -131.99759, 57.8989 ] } },
{ "type": "Feature", "properties": { "sample_id": "ID104G871149", "latitude": 57.87147, "longitude": -131.96562, "rock_class": "sedimentary rocks", "rock_type": "mudstone, siltstone, shale fine clastic sedimentary rocks", "terrane": "Stikinia", "terrane_name": "Stikinia", "era": "Paleozoic", "copper_ppm": 63.63, "gold_ppm": 0.016, "molybdenum_ppm": 14.88, "arsenic_ppm": 17.60000038, "cobalt_ppm": 14.3, "score_porphyry": 1.4508538577820675, "rank_porphyry": 695, "dist_to_fault_km": 1.75, "dist_to_terrane_boundary_km": 23.37, "grid_id": "144_64", "year": 1987 }, "geometry": { "type": "Point", "coordinates": [ -131.96562, 57.87147 ] } },
{ "type": "Feature", "properties": { "sample_id": "ID104G871152", "latitude": 57.87258, "longitude": -131.90367, "rock_class": "volcanic rocks", "rock_type": "undivided volcanic rocks", "terrane": "Stikinia", "terrane_name": "Stikinia", "era": "Paleozoic", "copper_ppm": 114.56, "gold_ppm": 0.013, "molybdenum_ppm": 3.04, "arsenic_ppm": 37.40000153, "cobalt_ppm": 21.3, "score_porphyry": 1.3104748995093149, "rank_porphyry": 947, "dist_to_fault_km": 2.38, "dist_to_terrane_boundary_km": 26.74, "grid_id": "144_65", "year": 1987 }, "geometry": { "type": "Point", "coordinates": [ -131.90367, 57.87258 ] } },
{ "type": "Feature", "properties": { "sample_id": "ID104G871153", "latitude": 57.87253, "longitude": -131.90367, "rock_class": "volcanic rocks", "rock_type": "undivided volcanic rocks", "terrane": "Stikinia", "terrane_name": "Stikinia", "era": "Paleozoic", "copper_ppm": 98.75, "gold_ppm": 0.034, "molybdenum_ppm": 3.01, "arsenic_ppm": 30.70000076, "cobalt_ppm": 19.0, "score_porphyry": 1.3033649970632952, "rank_porphyry": 957, "dist_to_fault_km": 2.39, "dist_to_terrane_boundary_km": 26.74, "grid_id": "144_65", "year": 1987 }, "geometry": { "type": "Point", "coordinates": [ -131.90367, 57.87253 ] } },
{ "type": "Feature", "properties": { "sample_id": "ID104G871154", "latitude": 57.8725, "longitude": -131.87346, "rock_class": "sedimentary rocks", "rock_type": "marine sedimentary and volcanic rocks", "terrane": "Stikinia", "terrane_name": "Stikinia", "era": "Mesozoic", "copper_ppm": 163.34, "gold_ppm": 0.0005, "molybdenum_ppm": 25.68, "arsenic_ppm": 58.0, "cobalt_ppm": 27.2, "score_porphyry": 2.2286672105525231, "rank_porphyry": 192, "dist_to_fault_km": 2.73, "dist_to_terrane_boundary_km": 28.39, "grid_id": "144_65", "year": 1987 }, "geometry": { "type": "Point", "coordinates": [ -131.87346, 57.8725 ] } },
{ "type": "Feature", "properties": { "sample_id": "ID104G871155", "latitude": 57.8523, "longitude": -131.8012, "rock_class": "sedimentary rocks", "rock_type": "marine sedimentary and volcanic rocks", "terrane": "Stikinia", "terrane_name": "Stikinia", "era": "Mesozoic", "copper_ppm": 145.8, "gold_ppm": 0.29, "molybdenum_ppm": 3.24, "arsenic_ppm": 17.89999962, "cobalt_ppm": 22.6, "score_porphyry": 2.5738147002977887, "rank_porphyry": 134, "dist_to_fault_km": 2.7, "dist_to_terrane_boundary_km": 31.72, "grid_id": "144_65", "year": 1987 }, "geometry": { "type": "Point", "coordinates": [ -131.8012, 57.8523 ] } },
{ "type": "Feature", "properties": { "sample_id": "ID104G871158", "latitude": 57.80897, "longitude": -131.78111, "rock_class": "intrusive rocks", "rock_type": "monzodioritic to gabbroic intrusive rocks", "terrane": "Stikinia", "terrane_name": "Stikinia", "era": "Mesozoic", "copper_ppm": 638.83, "gold_ppm": 0.0005, "molybdenum_ppm": 5.78, "arsenic_ppm": 4.300000191, "cobalt_ppm": 27.7, "score_porphyry": 2.0621678934454937, "rank_porphyry": 254, "dist_to_fault_km": 2.88, "dist_to_terrane_boundary_km": 31.97, "grid_id": "143_65", "year": 1987 }, "geometry": { "type": "Point", "coordinates": [ -131.78111, 57.80897 ] } },
{ "type": "Feature", "properties": { "sample_id": "ID104G871165", "latitude": 57.81184, "longitude": -131.90497, "rock_class": "sedimentary rocks", "rock_type": "undivided sedimentary rocks", "terrane": "Stikinia", "terrane_name": "Stikinia", "era": "Mesozoic", "copper_ppm": 136.4, "gold_ppm": 0.025, "molybdenum_ppm": 3.58, "arsenic_ppm": 11.10000038, "cobalt_ppm": 18.0, "score_porphyry": 1.3464609001136443, "rank_porphyry": 872, "dist_to_fault_km": 5.18, "dist_to_terrane_boundary_km": 24.72, "grid_id": "143_64", "year": 1987 }, "geometry": { "type": "Point", "coordinates": [ -131.90497, 57.81184 ] } },
{ "type": "Feature", "properties": { "sample_id": "ID104G871167", "latitude": 57.81023, "longitude": -131.86104, "rock_class": "sedimentary rocks", "rock_type": "undivided sedimentary rocks", "terrane": "Stikinia", "terrane_name": "Stikinia", "era": "Mesozoic", "copper_ppm": 365.51, "gold_ppm": 0.23, "molybdenum_ppm": 9.61, "arsenic_ppm": 2.7999999519999998, "cobalt_ppm": 20.1, "score_porphyry": 2.9198138743578532, "rank_porphyry": 89, "dist_to_fault_km": 4.06, "dist_to_terrane_boundary_km": 27.28, "grid_id": "143_65", "year": 1987 }, "geometry": { "type": "Point", "coordinates": [ -131.86104, 57.81023 ] } },
{ "type": "Feature", "properties": { "sample_id": "ID104G871178", "latitude": 57.87223, "longitude": -131.91629, "rock_class": "volcanic rocks", "rock_type": "undivided volcanic rocks", "terrane": "Stikinia", "terrane_name": "Stikinia", "era": "Paleozoic", "copper_ppm": 120.34, "gold_ppm": 0.007, "molybdenum_ppm": 2.86, "arsenic_ppm": 32.29999924, "cobalt_ppm": 22.0, "score_porphyry": 1.2759274207918927, "rank_porphyry": 1010, "dist_to_fault_km": 2.31, "dist_to_terrane_boundary_km": 26.04, "grid_id": "144_64", "year": 1987 }, "geometry": { "type": "Point", "coordinates": [ -131.91629, 57.87223 ] } },
{ "type": "Feature", "properties": { "sample_id": "ID104G871200", "latitude": 57.57618, "longitude": -130.18279, "rock_class": "sedimentary rocks", "rock_type": "siltstone", "terrane": "Overlap", "terrane_name": "Stikinia", "era": "Mesozoic", "copper_ppm": 39.49, "gold_ppm": 0.016, "molybdenum_ppm": 18.33, "arsenic_ppm": 12.89999962, "cobalt_ppm": 17.8, "score_porphyry": 1.3217347464633034, "rank_porphyry": 927, "dist_to_fault_km": 2.06, "dist_to_terrane_boundary_km": 91.9, "grid_id": "140_75", "year": 1987 }, "geometry": { "type": "Point", "coordinates": [ -130.18279, 57.57618 ] } },
{ "type": "Feature", "properties": { "sample_id": "ID104G871279", "latitude": 57.96434, "longitude": -131.79451, "rock_class": "intrusive rocks", "rock_type": "quartz dioritic intrusive rocks", "terrane": "Stikinia", "terrane_name": "Stikinia", "era": "Mesozoic", "copper_ppm": 130.25, "gold_ppm": 0.0005, "molybdenum_ppm": 2.84, "arsenic_ppm": 39.5, "cobalt_ppm": 31.7, "score_porphyry": 1.3605392365814266, "rank_porphyry": 840, "dist_to_fault_km": 2.95, "dist_to_terrane_boundary_km": 37.23, "grid_id": "145_65", "year": 1987 }, "geometry": { "type": "Point", "coordinates": [ -131.79451, 57.96434 ] } },
{ "type": "Feature", "properties": { "sample_id": "ID104G871297", "latitude": 57.70487, "longitude": -130.49984, "rock_class": "volcanic rocks", "rock_type": "basalt flows, fragmentals", "terrane": "Stikinia", "terrane_name": "Stikinia", "era": "Mesozoic", "copper_ppm": 391.89, "gold_ppm": 0.086, "molybdenum_ppm": 24.39, "arsenic_ppm": 283.7000122, "cobalt_ppm": 35.5, "score_porphyry": 3.2222243083000381, "rank_porphyry": 70, "dist_to_fault_km": 3.44, "dist_to_terrane_boundary_km": 81.87, "grid_id": "142_73", "year": 1987 }, "geometry": { "type": "Point", "coordinates": [ -130.49984, 57.70487 ] } },
{ "type": "Feature", "properties": { "sample_id": "ID104G871298", "latitude": 57.69677, "longitude": -130.49613, "rock_class": "volcanic rocks", "rock_type": "basalt flows, fragmentals", "terrane": "Stikinia", "terrane_name": "Stikinia", "era": "Mesozoic", "copper_ppm": 284.03, "gold_ppm": 0.229, "molybdenum_ppm": 6.86, "arsenic_ppm": 112.1999969, "cobalt_ppm": 46.1, "score_porphyry": 3.1843365922990627, "rank_porphyry": 72, "dist_to_fault_km": 3.21, "dist_to_terrane_boundary_km": 82.76, "grid_id": "142_73", "year": 1987 }, "geometry": { "type": "Point", "coordinates": [ -130.49613, 57.69677 ] } },
{ "type": "Feature", "properties": { "sample_id": "ID104G871308", "latitude": 57.58306, "longitude": -130.44926, "rock_class": "sedimentary rocks", "rock_type": "shale, siltstone, sandstone", "terrane": "Stikinia", "terrane_name": "Stikinia", "era": "Mesozoic", "copper_ppm": 46.96, "gold_ppm": 0.005, "molybdenum_ppm": 24.56, "arsenic_ppm": 24.10000038, "cobalt_ppm": 12.1, "score_porphyry": 1.4504510714963286, "rank_porphyry": 696, "dist_to_fault_km": 0.05, "dist_to_terrane_boundary_km": 95.27, "grid_id": "140_73", "year": 1987 }, "geometry": { "type": "Point", "coordinates": [ -130.44926, 57.58306 ] } },
{ "type": "Feature", "properties": { "sample_id": "ID104G871316", "latitude": 57.83173, "longitude": -130.13225, "rock_class": "volcanic rocks", "rock_type": "andesite breccia", "terrane": "Stikinia", "terrane_name": "Stikinia", "era": "Mesozoic", "copper_ppm": 158.23, "gold_ppm": 0.103, "molybdenum_ppm": 3.14, "arsenic_ppm": 10.19999981, "cobalt_ppm": 28.1, "score_porphyry": 1.8060803868725275, "rank_porphyry": 360, "dist_to_fault_km": 2.15, "dist_to_terrane_boundary_km": 63.53, "grid_id": "143_75", "year": 1987 }, "geometry": { "type": "Point", "coordinates": [ -130.13225, 57.83173 ] } },
{ "type": "Feature", "properties": { "sample_id": "ID104G871344", "latitude": 57.2583, "longitude": -130.40251, "rock_class": "sedimentary rocks", "rock_type": "undifferentiated marine sedimentary and volcanic rocks", "terrane": "Stikinia", "terrane_name": "Stikinia", "era": "Mesozoic", "copper_ppm": 82.56, "gold_ppm": 0.006, "molybdenum_ppm": 9.96, "arsenic_ppm": 13.5, "cobalt_ppm": 21.1, "score_porphyry": 1.4133779098147197, "rank_porphyry": 748, "dist_to_fault_km": 2.15, "dist_to_terrane_boundary_km": 87.33, "grid_id": "137_73", "year": 1987 }, "geometry": { "type": "Point", "coordinates": [ -130.40251, 57.2583 ] } },
{ "type": "Feature", "properties": { "sample_id": "ID104G871345", "latitude": 57.25246, "longitude": -130.43385, "rock_class": "sedimentary rocks", "rock_type": "undifferentiated marine sedimentary and volcanic rocks", "terrane": "Stikinia", "terrane_name": "Stikinia", "era": "Mesozoic", "copper_ppm": 102.68, "gold_ppm": 0.044, "molybdenum_ppm": 4.57, "arsenic_ppm": 25.60000038, "cobalt_ppm": 21.2, "score_porphyry": 1.4965688439977467, "rank_porphyry": 629, "dist_to_fault_km": 3.52, "dist_to_terrane_boundary_km": 86.28, "grid_id": "137_73", "year": 1987 }, "geometry": { "type": "Point", "coordinates": [ -130.43385, 57.25246 ] } },
{ "type": "Feature", "properties": { "sample_id": "ID104G871347", "latitude": 57.28411, "longitude": -130.39598, "rock_class": "sedimentary rocks", "rock_type": "undifferentiated marine sedimentary and volcanic rocks", "terrane": "Stikinia", "terrane_name": "Stikinia", "era": "Mesozoic", "copper_ppm": 492.2, "gold_ppm": 0.454, "molybdenum_ppm": 9.91, "arsenic_ppm": 66.40000153, "cobalt_ppm": 38.0, "score_porphyry": 4.3068970369472117, "rank_porphyry": 42, "dist_to_fault_km": 0.13, "dist_to_terrane_boundary_km": 90.22, "grid_id": "137_73", "year": 1987 }, "geometry": { "type": "Point", "coordinates": [ -130.39598, 57.28411 ] } },
{ "type": "Feature", "properties": { "sample_id": "ID104G871348", "latitude": 57.29486, "longitude": -130.41303, "rock_class": "sedimentary rocks", "rock_type": "undifferentiated marine sedimentary and volcanic rocks", "terrane": "Stikinia", "terrane_name": "Stikinia", "era": "Mesozoic", "copper_ppm": 88.38, "gold_ppm": 0.056, "molybdenum_ppm": 2.42, "arsenic_ppm": 60.59999847, "cobalt_ppm": 17.8, "score_porphyry": 1.3549953442418012, "rank_porphyry": 858, "dist_to_fault_km": 0.29, "dist_to_terrane_boundary_km": 91.16, "grid_id": "137_73", "year": 1987 }, "geometry": { "type": "Point", "coordinates": [ -130.41303, 57.29486 ] } },
{ "type": "Feature", "properties": { "sample_id": "ID104G871358", "latitude": 57.39027, "longitude": -130.45721, "rock_class": "sedimentary rocks", "rock_type": "fine-grained sedimentary rocks", "terrane": "Stikinia", "terrane_name": "Stikinia", "era": "Mesozoic", "copper_ppm": 36.19, "gold_ppm": 0.2, "molybdenum_ppm": 10.89, "arsenic_ppm": 19.5, "cobalt_ppm": 17.9, "score_porphyry": 1.9626883315700008, "rank_porphyry": 283, "dist_to_fault_km": 0.89, "dist_to_terrane_boundary_km": 99.55, "grid_id": "138_73", "year": 1987 }, "geometry": { "type": "Point", "coordinates": [ -130.45721, 57.39027 ] } },
{ "type": "Feature", "properties": { "sample_id": "ID104G871426", "latitude": 57.22855, "longitude": -130.74068, "rock_class": "volcanic rocks", "rock_type": "alkaline volcanic rocks", "terrane": "Younger Volcanics", "terrane_name": "Stikinia", "era": "Cenozoic", "copper_ppm": 89.18, "gold_ppm": 0.275, "molybdenum_ppm": 3.54, "arsenic_ppm": 7.199999809, "cobalt_ppm": 27.1, "score_porphyry": 2.2652696976440034, "rank_porphyry": 182, "dist_to_fault_km": 1.77, "dist_to_terrane_boundary_km": 77.46, "grid_id": "136_71", "year": 1987 }, "geometry": { "type": "Point", "coordinates": [ -130.74068, 57.22855 ] } },
{ "type": "Feature", "properties": { "sample_id": "ID104G871442", "latitude": 57.16419, "longitude": -130.92081, "rock_class": "sedimentary rocks", "rock_type": "mudstone, siltstone, shale fine clastic sedimentary rocks", "terrane": "Stikinia", "terrane_name": "Stikinia", "era": "Paleozoic", "copper_ppm": 72.0, "gold_ppm": 0.457, "molybdenum_ppm": 1.32, "arsenic_ppm": 60.59999847, "cobalt_ppm": 22.0, "score_porphyry": 2.747051251621849, "rank_porphyry": 113, "dist_to_fault_km": 1.18, "dist_to_terrane_boundary_km": 65.7, "grid_id": "136_70", "year": 1987 }, "geometry": { "type": "Point", "coordinates": [ -130.92081, 57.16419 ] } },
{ "type": "Feature", "properties": { "sample_id": "ID104G871479", "latitude": 57.91107, "longitude": -131.71357, "rock_class": "sedimentary rocks", "rock_type": "marine sedimentary and volcanic rocks", "terrane": "Stikinia", "terrane_name": "Stikinia", "era": "Mesozoic", "copper_ppm": 174.81, "gold_ppm": 0.006, "molybdenum_ppm": 3.06, "arsenic_ppm": 22.70000076, "cobalt_ppm": 26.5, "score_porphyry": 1.4546981001019981, "rank_porphyry": 691, "dist_to_fault_km": 1.2, "dist_to_terrane_boundary_km": 38.79, "grid_id": "144_66", "year": 1987 }, "geometry": { "type": "Point", "coordinates": [ -131.71357, 57.91107 ] } },
{ "type": "Feature", "properties": { "sample_id": "ID104G871480", "latitude": 57.90202, "longitude": -131.43321, "rock_class": "sedimentary rocks", "rock_type": "marine sedimentary and volcanic rocks", "terrane": "Stikinia", "terrane_name": "Stikinia", "era": "Mesozoic", "copper_ppm": 329.19, "gold_ppm": 0.079, "molybdenum_ppm": 2.11, "arsenic_ppm": 7.699999809, "cobalt_ppm": 44.9, "score_porphyry": 1.9705974657107599, "rank_porphyry": 279, "dist_to_fault_km": 8.22, "dist_to_terrane_boundary_km": 54.23, "grid_id": "144_67", "year": 1987 }, "geometry": { "type": "Point", "coordinates": [ -131.43321, 57.90202 ] } },
{ "type": "Feature", "properties": { "sample_id": "ID104G871484", "latitude": 57.97507, "longitude": -131.4855, "rock_class": "sedimentary rocks", "rock_type": "marine sedimentary and volcanic rocks", "terrane": "Stikinia", "terrane_name": "Stikinia", "era": "Mesozoic", "copper_ppm": 136.05, "gold_ppm": 0.099, "molybdenum_ppm": 0.41, "arsenic_ppm": 17.5, "cobalt_ppm": 28.6, "score_porphyry": 1.3572082842110265, "rank_porphyry": 852, "dist_to_fault_km": 9.04, "dist_to_terrane_boundary_km": 54.01, "grid_id": "145_67", "year": 1987 }, "geometry": { "type": "Point", "coordinates": [ -131.4855, 57.97507 ] } },
{ "type": "Feature", "properties": { "sample_id": "ID104G871511", "latitude": 57.83073, "longitude": -131.71335, "rock_class": "sedimentary rocks", "rock_type": "marine sedimentary and volcanic rocks", "terrane": "Stikinia", "terrane_name": "Stikinia", "era": "Mesozoic", "copper_ppm": 57.49, "gold_ppm": 0.254, "molybdenum_ppm": 0.86, "arsenic_ppm": 4.9000000950000002, "cobalt_ppm": 17.8, "score_porphyry": 1.5338568814775284, "rank_porphyry": 585, "dist_to_fault_km": 2.02, "dist_to_terrane_boundary_km": 36.29, "grid_id": "144_66", "year": 1987 }, "geometry": { "type": "Point", "coordinates": [ -131.71335, 57.83073 ] } },
{ "type": "Feature", "properties": { "sample_id": "ID104G871512", "latitude": 57.79513, "longitude": -131.68109, "rock_class": "sedimentary rocks", "rock_type": "marine sedimentary and volcanic rocks", "terrane": "Stikinia", "terrane_name": "Stikinia", "era": "Mesozoic", "copper_ppm": 217.08, "gold_ppm": 0.018, "molybdenum_ppm": 10.27, "arsenic_ppm": 10.39999962, "cobalt_ppm": 32.5, "score_porphyry": 1.9663358733960319, "rank_porphyry": 281, "dist_to_fault_km": 2.74, "dist_to_terrane_boundary_km": 37.76, "grid_id": "143_66", "year": 1987 }, "geometry": { "type": "Point", "coordinates": [ -131.68109, 57.79513 ] } },
{ "type": "Feature", "properties": { "sample_id": "ID104G871513", "latitude": 57.81596, "longitude": -131.64746, "rock_class": "sedimentary rocks", "rock_type": "marine sedimentary and volcanic rocks", "terrane": "Stikinia", "terrane_name": "Stikinia", "era": "Mesozoic", "copper_ppm": 210.81, "gold_ppm": 0.038, "molybdenum_ppm": 2.29, "arsenic_ppm": 7.5, "cobalt_ppm": 30.1, "score_porphyry": 1.5272507742928303, "rank_porphyry": 591, "dist_to_fault_km": 1.16, "dist_to_terrane_boundary_km": 39.94, "grid_id": "143_66", "year": 1987 }, "geometry": { "type": "Point", "coordinates": [ -131.64746, 57.81596 ] } },
{ "type": "Feature", "properties": { "sample_id": "ID104G871514", "latitude": 57.81143, "longitude": -131.6448, "rock_class": "sedimentary rocks", "rock_type": "marine sedimentary and volcanic rocks", "terrane": "Stikinia", "terrane_name": "Stikinia", "era": "Mesozoic", "copper_ppm": 198.39, "gold_ppm": 0.009, "molybdenum_ppm": 1.51, "arsenic_ppm": 8.300000191000001, "cobalt_ppm": 34.4, "score_porphyry": 1.286529324527691, "rank_porphyry": 990, "dist_to_fault_km": 1.64, "dist_to_terrane_boundary_km": 40.05, "grid_id": "143_66", "year": 1987 }, "geometry": { "type": "Point", "coordinates": [ -131.6448, 57.81143 ] } },
{ "type": "Feature", "properties": { "sample_id": "ID104G871516", "latitude": 57.1743, "longitude": -131.6003, "rock_class": "sedimentary rocks", "rock_type": "marine sedimentary and volcanic rocks", "terrane": "Stikinia", "terrane_name": "Stikinia", "era": "Mesozoic", "copper_ppm": 386.06, "gold_ppm": 0.154, "molybdenum_ppm": 5.11, "arsenic_ppm": 14.5, "cobalt_ppm": 17.6, "score_porphyry": 2.5382126025077762, "rank_porphyry": 141, "dist_to_fault_km": 0.48, "dist_to_terrane_boundary_km": 26.64, "grid_id": "136_66", "year": 1987 }, "geometry": { "type": "Point", "coordinates": [ -131.6003, 57.1743 ] } },
{ "type": "Feature", "properties": { "sample_id": "ID104G871527", "latitude": 57.12086, "longitude": -131.60141, "rock_class": "intrusive rocks", "rock_type": "monzodioritic to gabbroic intrusive rocks", "terrane": "Stikinia", "terrane_name": "Stikinia", "era": "Mesozoic", "copper_ppm": 108.41, "gold_ppm": 0.115, "molybdenum_ppm": 0.66, "arsenic_ppm": 14.39999962, "cobalt_ppm": 20.9, "score_porphyry": 1.3175106960299521, "rank_porphyry": 933, "dist_to_fault_km": 2.32, "dist_to_terrane_boundary_km": 24.89, "grid_id": "136_66", "year": 1987 }, "geometry": { "type": "Point", "coordinates": [ -131.60141, 57.12086 ] } },
{ "type": "Feature", "properties": { "sample_id": "ID104G871537", "latitude": 57.04868, "longitude": -131.58064, "rock_class": "sedimentary rocks", "rock_type": "marine sedimentary and volcanic rocks", "terrane": "Stikinia", "terrane_name": "Stikinia", "era": "Mesozoic", "copper_ppm": 132.04, "gold_ppm": 0.034, "molybdenum_ppm": 3.33, "arsenic_ppm": 6.5999999049999998, "cobalt_ppm": 27.2, "score_porphyry": 1.3751013717141398, "rank_porphyry": 819, "dist_to_fault_km": 1.79, "dist_to_terrane_boundary_km": 25.19, "grid_id": "135_66", "year": 1987 }, "geometry": { "type": "Point", "coordinates": [ -131.58064, 57.04868 ] } },
{ "type": "Feature", "properties": { "sample_id": "ID104G871538", "latitude": 57.02395, "longitude": -131.60615, "rock_class": "sedimentary rocks", "rock_type": "undivided sedimentary rocks", "terrane": "Stikinia", "terrane_name": "Stikinia", "era": "Paleozoic", "copper_ppm": 58.81, "gold_ppm": 0.007, "molybdenum_ppm": 46.77, "arsenic_ppm": 7.9000000950000002, "cobalt_ppm": 14.9, "score_porphyry": 1.7291438446760621, "rank_porphyry": 412, "dist_to_fault_km": 1.28, "dist_to_terrane_boundary_km": 23.62, "grid_id": "135_66", "year": 1987 }, "geometry": { "type": "Point", "coordinates": [ -131.60615, 57.02395 ] } },
{ "type": "Feature", "properties": { "sample_id": "ID104G873046", "latitude": 57.45902, "longitude": -131.54497, "rock_class": "intrusive rocks", "rock_type": "granodioritic intrusive rocks", "terrane": "Post Accretionary", "terrane_name": "Stikinia", "era": "Mesozoic", "copper_ppm": 66.6, "gold_ppm": 0.107, "molybdenum_ppm": 9.95, "arsenic_ppm": 90.09999847, "cobalt_ppm": 12.0, "score_porphyry": 1.8902664345266866, "rank_porphyry": 310, "dist_to_fault_km": 3.75, "dist_to_terrane_boundary_km": 44.72, "grid_id": "139_66", "year": 1987 }, "geometry": { "type": "Point", "coordinates": [ -131.54497, 57.45902 ] } },
{ "type": "Feature", "properties": { "sample_id": "ID104G873057", "latitude": 57.57817, "longitude": -131.57502, "rock_class": "volcanic rocks", "rock_type": "undivided volcanic rocks", "terrane": "Stikinia", "terrane_name": "Stikinia", "era": "Mesozoic", "copper_ppm": 96.1, "gold_ppm": 0.051, "molybdenum_ppm": 3.28, "arsenic_ppm": 60.09999847, "cobalt_ppm": 24.1, "score_porphyry": 1.506765201616785, "rank_porphyry": 618, "dist_to_fault_km": 4.0, "dist_to_terrane_boundary_km": 45.3, "grid_id": "141_66", "year": 1987 }, "geometry": { "type": "Point", "coordinates": [ -131.57502, 57.57817 ] } },
{ "type": "Feature", "properties": { "sample_id": "ID104G873080", "latitude": 57.5271, "longitude": -131.37874, "rock_class": "volcanic rocks", "rock_type": "undivided volcanic rocks", "terrane": "Stikinia", "terrane_name": "Stikinia", "era": "Mesozoic", "copper_ppm": 315.97, "gold_ppm": 0.04, "molybdenum_ppm": 2.48, "arsenic_ppm": 11.30000019, "cobalt_ppm": 45.7, "score_porphyry": 1.8523398599875673, "rank_porphyry": 328, "dist_to_fault_km": 1.61, "dist_to_terrane_boundary_km": 56.33, "grid_id": "140_67", "year": 1987 }, "geometry": { "type": "Point", "coordinates": [ -131.37874, 57.5271 ] } },
{ "type": "Feature", "properties": { "sample_id": "ID104G873109", "latitude": 57.46657, "longitude": -131.03173, "rock_class": "intrusive rocks", "rock_type": "tonalite intrusive rocks", "terrane": "Post Accretionary", "terrane_name": "Stikinia", "era": "Mesozoic", "copper_ppm": 227.83, "gold_ppm": 0.014, "molybdenum_ppm": 3.95, "arsenic_ppm": 61.59999847, "cobalt_ppm": 51.8, "score_porphyry": 1.9084961038737802, "rank_porphyry": 300, "dist_to_fault_km": 4.35, "dist_to_terrane_boundary_km": 72.73, "grid_id": "139_69", "year": 1987 }, "geometry": { "type": "Point", "coordinates": [ -131.03173, 57.46657 ] } },
{ "type": "Feature", "properties": { "sample_id": "ID104G873126", "latitude": 57.50581, "longitude": -131.32575, "rock_class": "intrusive rocks", "rock_type": "quartz dioritic intrusive rocks", "terrane": "Stikinia", "terrane_name": "Stikinia", "era": "Mesozoic", "copper_ppm": 207.23, "gold_ppm": 0.025, "molybdenum_ppm": 7.25, "arsenic_ppm": 258.5, "cobalt_ppm": 33.3, "score_porphyry": 2.1900624454292972, "rank_porphyry": 207, "dist_to_fault_km": 0.97, "dist_to_terrane_boundary_km": 58.77, "grid_id": "140_68", "year": 1987 }, "geometry": { "type": "Point", "coordinates": [ -131.32575, 57.50581 ] } },
{ "type": "Feature", "properties": { "sample_id": "ID104G873137", "latitude": 57.62285, "longitude": -131.3024, "rock_class": "volcanic rocks", "rock_type": "calc-alkaline volcanic rocks", "terrane": "Stikinia", "terrane_name": "Stikinia", "era": "Mesozoic", "copper_ppm": 64.34, "gold_ppm": 0.237, "molybdenum_ppm": 0.79, "arsenic_ppm": 9.699999809, "cobalt_ppm": 16.8, "score_porphyry": 1.5539682391935703, "rank_porphyry": 565, "dist_to_fault_km": 1.47, "dist_to_terrane_boundary_km": 61.48, "grid_id": "141_68", "year": 1987 }, "geometry": { "type": "Point", "coordinates": [ -131.3024, 57.62285 ] } },
{ "type": "Feature", "properties": { "sample_id": "ID104G873151", "latitude": 57.40828, "longitude": -131.0586, "rock_class": "intrusive rocks", "rock_type": "tonalite intrusive rocks", "terrane": "Post Accretionary", "terrane_name": "Stikinia", "era": "Mesozoic", "copper_ppm": 241.09, "gold_ppm": 0.0005, "molybdenum_ppm": 3.39, "arsenic_ppm": 6.300000191, "cobalt_ppm": 19.3, "score_porphyry": 1.4250997023495366, "rank_porphyry": 729, "dist_to_fault_km": 2.79, "dist_to_terrane_boundary_km": 67.76, "grid_id": "139_69", "year": 1987 }, "geometry": { "type": "Point", "coordinates": [ -131.0586, 57.40828 ] } },
{ "type": "Feature", "properties": { "sample_id": "ID104G873153", "latitude": 57.43776, "longitude": -131.05396, "rock_class": "intrusive rocks", "rock_type": "tonalite intrusive rocks", "terrane": "Post Accretionary", "terrane_name": "Stikinia", "era": "Mesozoic", "copper_ppm": 160.48, "gold_ppm": 0.023, "molybdenum_ppm": 23.33, "arsenic_ppm": 7.199999809, "cobalt_ppm": 9.6, "score_porphyry": 1.9140253294749416, "rank_porphyry": 299, "dist_to_fault_km": 4.32, "dist_to_terrane_boundary_km": 69.79, "grid_id": "139_69", "year": 1987 }, "geometry": { "type": "Point", "coordinates": [ -131.05396, 57.43776 ] } },
{ "type": "Feature", "properties": { "sample_id": "ID104G873154", "latitude": 57.45734, "longitude": -131.03754, "rock_class": "intrusive rocks", "rock_type": "tonalite intrusive rocks", "terrane": "Post Accretionary", "terrane_name": "Stikinia", "era": "Mesozoic", "copper_ppm": 146.37, "gold_ppm": 0.006, "molybdenum_ppm": 8.0, "arsenic_ppm": 21.29999924, "cobalt_ppm": 18.1, "score_porphyry": 1.6127985339683095, "rank_porphyry": 502, "dist_to_fault_km": 4.22, "dist_to_terrane_boundary_km": 71.85, "grid_id": "139_69", "year": 1987 }, "geometry": { "type": "Point", "coordinates": [ -131.03754, 57.45734 ] } },
{ "type": "Feature", "properties": { "sample_id": "ID104G873155", "latitude": 57.44868, "longitude": -131.04282, "rock_class": "intrusive rocks", "rock_type": "tonalite intrusive rocks", "terrane": "Post Accretionary", "terrane_name": "Stikinia", "era": "Mesozoic", "copper_ppm": 321.18, "gold_ppm": 0.008, "molybdenum_ppm": 21.24, "arsenic_ppm": 12.89999962, "cobalt_ppm": 13.7, "score_porphyry": 2.2320929656174715, "rank_porphyry": 190, "dist_to_fault_km": 4.0, "dist_to_terrane_boundary_km": 71.03, "grid_id": "139_69", "year": 1987 }, "geometry": { "type": "Point", "coordinates": [ -131.04282, 57.44868 ] } },
{ "type": "Feature", "properties": { "sample_id": "ID104G873158", "latitude": 57.46326, "longitude": -130.96631, "rock_class": "volcanic rocks", "rock_type": "undivided volcanic rocks", "terrane": "Stikinia", "terrane_name": "Stikinia", "era": "Mesozoic", "copper_ppm": 136.34, "gold_ppm": 0.004, "molybdenum_ppm": 2.2, "arsenic_ppm": 41.09999847, "cobalt_ppm": 24.7, "score_porphyry": 1.2886859722809478, "rank_porphyry": 984, "dist_to_fault_km": 0.5, "dist_to_terrane_boundary_km": 75.74, "grid_id": "139_70", "year": 1987 }, "geometry": { "type": "Point", "coordinates": [ -130.96631, 57.46326 ] } },
{ "type": "Feature", "properties": { "sample_id": "ID104G873172", "latitude": 57.69881, "longitude": -130.96894, "rock_class": "sedimentary rocks", "rock_type": "undivided sedimentary rocks", "terrane": "Stikinia", "terrane_name": "Stikinia", "era": "Paleozoic", "copper_ppm": 21.48, "gold_ppm": 0.8, "molybdenum_ppm": 0.68, "arsenic_ppm": 3.9000000950000002, "cobalt_ppm": 12.1, "score_porphyry": 2.7725431546160069, "rank_porphyry": 106, "dist_to_fault_km": 0.28, "dist_to_terrane_boundary_km": 80.58, "grid_id": "142_70", "year": 1987 }, "geometry": { "type": "Point", "coordinates": [ -130.96894, 57.69881 ] } },
{ "type": "Feature", "properties": { "sample_id": "ID104G873191", "latitude": 57.51356, "longitude": -130.90078, "rock_class": "intrusive rocks", "rock_type": "intrusive rocks, undivided", "terrane": "Stikinia", "terrane_name": "Stikinia", "era": "Paleozoic", "copper_ppm": 114.87, "gold_ppm": 0.009, "molybdenum_ppm": 15.82, "arsenic_ppm": 44.5, "cobalt_ppm": 44.3, "score_porphyry": 1.9904399918232616, "rank_porphyry": 272, "dist_to_fault_km": 1.09, "dist_to_terrane_boundary_km": 82.15, "grid_id": "140_70", "year": 1987 }, "geometry": { "type": "Point", "coordinates": [ -130.90078, 57.51356 ] } },
{ "type": "Feature", "properties": { "sample_id": "ID104G873205", "latitude": 57.7586, "longitude": -130.27463, "rock_class": "sedimentary rocks", "rock_type": "sandstone, mudstone, argillite", "terrane": "Stikinia", "terrane_name": "Stikinia", "era": "Mesozoic", "copper_ppm": 103.9, "gold_ppm": 0.263, "molybdenum_ppm": 2.47, "arsenic_ppm": 11.69999981, "cobalt_ppm": 23.7, "score_porphyry": 2.2051863756677608, "rank_porphyry": 202, "dist_to_fault_km": 0.08, "dist_to_terrane_boundary_km": 73.9, "grid_id": "142_74", "year": 1987 }, "geometry": { "type": "Point", "coordinates": [ -130.27463, 57.7586 ] } },
{ "type": "Feature", "properties": { "sample_id": "ID104G873208", "latitude": 57.71791, "longitude": -130.22497, "rock_class": "volcanic rocks", "rock_type": "andesite breccia", "terrane": "Stikinia", "terrane_name": "Stikinia", "era": "Mesozoic", "copper_ppm": 105.13, "gold_ppm": 0.14, "molybdenum_ppm": 2.97, "arsenic_ppm": 22.39999962, "cobalt_ppm": 25.0, "score_porphyry": 1.8271459183424912, "rank_porphyry": 346, "dist_to_fault_km": 0.07, "dist_to_terrane_boundary_km": 77.25, "grid_id": "142_74", "year": 1987 }, "geometry": { "type": "Point", "coordinates": [ -130.22497, 57.71791 ] } },
{ "type": "Feature", "properties": { "sample_id": "ID104G873210", "latitude": 57.76422, "longitude": -130.30154, "rock_class": "sedimentary rocks", "rock_type": "sandstone, mudstone, argillite", "terrane": "Stikinia", "terrane_name": "Stikinia", "era": "Mesozoic", "copper_ppm": 254.9, "gold_ppm": 0.031, "molybdenum_ppm": 3.11, "arsenic_ppm": 19.5, "cobalt_ppm": 28.0, "score_porphyry": 1.7455656091134222, "rank_porphyry": 398, "dist_to_fault_km": 0.55, "dist_to_terrane_boundary_km": 73.88, "grid_id": "142_74", "year": 1987 }, "geometry": { "type": "Point", "coordinates": [ -130.30154, 57.76422 ] } },
{ "type": "Feature", "properties": { "sample_id": "ID104G873211", "latitude": 57.76477, "longitude": -130.30752, "rock_class": "sedimentary rocks", "rock_type": "sandstone, mudstone, argillite", "terrane": "Stikinia", "terrane_name": "Stikinia", "era": "Mesozoic", "copper_ppm": 129.31, "gold_ppm": 0.104, "molybdenum_ppm": 2.59, "arsenic_ppm": 123.0999985, "cobalt_ppm": 26.5, "score_porphyry": 1.9065164815512101, "rank_porphyry": 302, "dist_to_fault_km": 0.74, "dist_to_terrane_boundary_km": 73.96, "grid_id": "142_74", "year": 1987 }, "geometry": { "type": "Point", "coordinates": [ -130.30752, 57.76477 ] } },
{ "type": "Feature", "properties": { "sample_id": "ID104G873216", "latitude": 57.82528, "longitude": -130.24837, "rock_class": "volcanic rocks", "rock_type": "andesite breccia", "terrane": "Stikinia", "terrane_name": "Stikinia", "era": "Mesozoic", "copper_ppm": 243.97, "gold_ppm": 0.086, "molybdenum_ppm": 4.44, "arsenic_ppm": 15.30000019, "cobalt_ppm": 24.9, "score_porphyry": 2.0486657508206179, "rank_porphyry": 257, "dist_to_fault_km": 1.77, "dist_to_terrane_boundary_km": 66.39, "grid_id": "143_74", "year": 1987 }, "geometry": { "type": "Point", "coordinates": [ -130.24837, 57.82528 ] } },
{ "type": "Feature", "properties": { "sample_id": "ID104G873243", "latitude": 57.63737, "longitude": -130.22318, "rock_class": "sedimentary rocks", "rock_type": "sandstone, mudstone, argillite", "terrane": "Stikinia", "terrane_name": "Stikinia", "era": "Mesozoic", "copper_ppm": 150.64, "gold_ppm": 0.051, "molybdenum_ppm": 3.95, "arsenic_ppm": 23.89999962, "cobalt_ppm": 22.0, "score_porphyry": 1.655410171320236, "rank_porphyry": 463, "dist_to_fault_km": 0.16, "dist_to_terrane_boundary_km": 85.85, "grid_id": "141_74", "year": 1987 }, "geometry": { "type": "Point", "coordinates": [ -130.22318, 57.63737 ] } },
{ "type": "Feature", "properties": { "sample_id": "ID104G873244", "latitude": 57.64447, "longitude": -130.19128, "rock_class": "sedimentary rocks", "rock_type": "sandstone, mudstone, argillite", "terrane": "Stikinia", "terrane_name": "Stikinia", "era": "Mesozoic", "copper_ppm": 82.21, "gold_ppm": 0.063, "molybdenum_ppm": 2.97, "arsenic_ppm": 17.5, "cobalt_ppm": 19.8, "score_porphyry": 1.3052884353913687, "rank_porphyry": 956, "dist_to_fault_km": 0.08, "dist_to_terrane_boundary_km": 84.61, "grid_id": "141_75", "year": 1987 }, "geometry": { "type": "Point", "coordinates": [ -130.19128, 57.64447 ] } },
{ "type": "Feature", "properties": { "sample_id": "ID104G873247", "latitude": 57.67422, "longitude": -130.16283, "rock_class": "sedimentary rocks", "rock_type": "sandstone, mudstone, argillite", "terrane": "Stikinia", "terrane_name": "Stikinia", "era": "Mesozoic", "copper_ppm": 140.43, "gold_ppm": 0.055, "molybdenum_ppm": 3.59, "arsenic_ppm": 33.79999924, "cobalt_ppm": 19.9, "score_porphyry": 1.6314020152530948, "rank_porphyry": 481, "dist_to_fault_km": 0.23, "dist_to_terrane_boundary_km": 80.98, "grid_id": "141_75", "year": 1987 }, "geometry": { "type": "Point", "coordinates": [ -130.16283, 57.67422 ] } },
{ "type": "Feature", "properties": { "sample_id": "ID104G873267", "latitude": 57.67014, "longitude": -130.47991, "rock_class": "volcanic rocks", "rock_type": "basalt flows, fragmentals", "terrane": "Stikinia", "terrane_name": "Stikinia", "era": "Mesozoic", "copper_ppm": 110.67, "gold_ppm": 0.035, "molybdenum_ppm": 2.66, "arsenic_ppm": 49.29999924, "cobalt_ppm": 30.8, "score_porphyry": 1.4548467264423508, "rank_porphyry": 690, "dist_to_fault_km": 4.04, "dist_to_terrane_boundary_km": 85.66, "grid_id": "141_73", "year": 1987 }, "geometry": { "type": "Point", "coordinates": [ -130.47991, 57.67014 ] } },
{ "type": "Feature", "properties": { "sample_id": "ID104G873278", "latitude": 57.59237, "longitude": -130.51668, "rock_class": "sedimentary rocks", "rock_type": "undivided sedimentary rocks", "terrane": "Overlap", "terrane_name": "Stikinia", "era": "Mesozoic", "copper_ppm": 40.73, "gold_ppm": 0.0005, "molybdenum_ppm": 23.64, "arsenic_ppm": 20.79999924, "cobalt_ppm": 12.2, "score_porphyry": 1.3375020392852706, "rank_porphyry": 894, "dist_to_fault_km": 0.3, "dist_to_terrane_boundary_km": 94.46, "grid_id": "140_73", "year": 1987 }, "geometry": { "type": "Point", "coordinates": [ -130.51668, 57.59237 ] } },
{ "type": "Feature", "properties": { "sample_id": "ID104G873279", "latitude": 57.59592, "longitude": -130.51185, "rock_class": "sedimentary rocks", "rock_type": "undivided sedimentary rocks", "terrane": "Overlap", "terrane_name": "Stikinia", "era": "Mesozoic", "copper_ppm": 54.44, "gold_ppm": 0.004, "molybdenum_ppm": 16.88, "arsenic_ppm": 22.70000076, "cobalt_ppm": 22.8, "score_porphyry": 1.4726738817797518, "rank_porphyry": 664, "dist_to_fault_km": 0.39, "dist_to_terrane_boundary_km": 94.04, "grid_id": "140_73", "year": 1987 }, "geometry": { "type": "Point", "coordinates": [ -130.51185, 57.59592 ] } },
{ "type": "Feature", "properties": { "sample_id": "ID104G873282", "latitude": 57.54362, "longitude": -130.52268, "rock_class": "sedimentary rocks", "rock_type": "siltstone", "terrane": "Overlap", "terrane_name": "Stikinia", "era": "Mesozoic", "copper_ppm": 60.76, "gold_ppm": 0.004, "molybdenum_ppm": 42.72, "arsenic_ppm": 26.60000038, "cobalt_ppm": 13.1, "score_porphyry": 1.7916578165447727, "rank_porphyry": 367, "dist_to_fault_km": 0.19, "dist_to_terrane_boundary_km": 99.9, "grid_id": "140_72", "year": 1987 }, "geometry": { "type": "Point", "coordinates": [ -130.52268, 57.54362 ] } },
{ "type": "Feature", "properties": { "sample_id": "ID104G873332", "latitude": 57.29879, "longitude": -130.72362, "rock_class": "volcanic rocks", "rock_type": "alkaline volcanic rocks", "terrane": "Younger Volcanics", "terrane_name": "Stikinia", "era": "Cenozoic", "copper_ppm": 151.03, "gold_ppm": 0.004, "molybdenum_ppm": 4.59, "arsenic_ppm": 5.800000191, "cobalt_ppm": 27.0, "score_porphyry": 1.3756147843290565, "rank_porphyry": 817, "dist_to_fault_km": 5.53, "dist_to_terrane_boundary_km": 81.14, "grid_id": "137_71", "year": 1987 }, "geometry": { "type": "Point", "coordinates": [ -130.72362, 57.29879 ] } },
{ "type": "Feature", "properties": { "sample_id": "ID104G873345", "latitude": 57.26432, "longitude": -130.554, "rock_class": "volcanic rocks", "rock_type": "basalt flows, fragmentals", "terrane": "Stikinia", "terrane_name": "Stikinia", "era": "Mesozoic", "copper_ppm": 80.69, "gold_ppm": 0.0005, "molybdenum_ppm": 6.44, "arsenic_ppm": 43.70000076, "cobalt_ppm": 20.1, "score_porphyry": 1.3351408838662162, "rank_porphyry": 900, "dist_to_fault_km": 0.97, "dist_to_terrane_boundary_km": 86.36, "grid_id": "137_72", "year": 1987 }, "geometry": { "type": "Point", "coordinates": [ -130.554, 57.26432 ] } },
{ "type": "Feature", "properties": { "sample_id": "ID104G873347", "latitude": 57.13441, "longitude": -131.42723, "rock_class": "sedimentary rocks", "rock_type": "marine sedimentary and volcanic rocks", "terrane": "Stikinia", "terrane_name": "Stikinia", "era": "Mesozoic", "copper_ppm": 288.69, "gold_ppm": 0.084, "molybdenum_ppm": 3.7, "arsenic_ppm": 12.30000019, "cobalt_ppm": 29.1, "score_porphyry": 2.064067312515788, "rank_porphyry": 251, "dist_to_fault_km": 1.23, "dist_to_terrane_boundary_km": 35.53, "grid_id": "136_67", "year": 1987 }, "geometry": { "type": "Point", "coordinates": [ -131.42723, 57.13441 ] } },
{ "type": "Feature", "properties": { "sample_id": "ID104G873348", "latitude": 57.13028, "longitude": -131.42372, "rock_class": "intrusive rocks", "rock_type": "syenitic to monzonitic intrusive rocks", "terrane": "Stikinia", "terrane_name": "Stikinia", "era": "Mesozoic", "copper_ppm": 111.85, "gold_ppm": 0.078, "molybdenum_ppm": 1.82, "arsenic_ppm": 10.89999962, "cobalt_ppm": 13.8, "score_porphyry": 1.2729788896554202, "rank_porphyry": 1016, "dist_to_fault_km": 1.53, "dist_to_terrane_boundary_km": 35.67, "grid_id": "136_67", "year": 1987 }, "geometry": { "type": "Point", "coordinates": [ -131.42372, 57.13028 ] } },
{ "type": "Feature", "properties": { "sample_id": "ID104G873350", "latitude": 57.16031, "longitude": -131.44854, "rock_class": "intrusive rocks", "rock_type": "syenitic to monzonitic intrusive rocks", "terrane": "Stikinia", "terrane_name": "Stikinia", "era": "Mesozoic", "copper_ppm": 709.62, "gold_ppm": 0.512, "molybdenum_ppm": 19.67, "arsenic_ppm": 13.80000019, "cobalt_ppm": 27.7, "score_porphyry": 4.701212839929978, "rank_porphyry": 36, "dist_to_fault_km": 1.61, "dist_to_terrane_boundary_km": 34.86, "grid_id": "136_67", "year": 1987 }, "geometry": { "type": "Point", "coordinates": [ -131.44854, 57.16031 ] } },
{ "type": "Feature", "properties": { "sample_id": "ID104G873351", "latitude": 57.17441, "longitude": -131.43718, "rock_class": "sedimentary rocks", "rock_type": "marine sedimentary and volcanic rocks", "terrane": "Stikinia", "terrane_name": "Stikinia", "era": "Mesozoic", "copper_ppm": 129.03, "gold_ppm": 0.084, "molybdenum_ppm": 3.63, "arsenic_ppm": 3.5999999049999998, "cobalt_ppm": 18.2, "score_porphyry": 1.5041280024190855, "rank_porphyry": 621, "dist_to_fault_km": 1.38, "dist_to_terrane_boundary_km": 35.94, "grid_id": "136_67", "year": 1987 }, "geometry": { "type": "Point", "coordinates": [ -131.43718, 57.17441 ] } },
{ "type": "Feature", "properties": { "sample_id": "ID104G873353", "latitude": 57.18988, "longitude": -131.43113, "rock_class": "volcanic rocks", "rock_type": "undivided volcanic rocks", "terrane": "Stikinia", "terrane_name": "Stikinia", "era": "Mesozoic", "copper_ppm": 146.4, "gold_ppm": 0.054, "molybdenum_ppm": 5.01, "arsenic_ppm": 4.5, "cobalt_ppm": 31.6, "score_porphyry": 1.6359949421454343, "rank_porphyry": 479, "dist_to_fault_km": 0.05, "dist_to_terrane_boundary_km": 36.81, "grid_id": "136_67", "year": 1987 }, "geometry": { "type": "Point", "coordinates": [ -131.43113, 57.18988 ] } },
{ "type": "Feature", "properties": { "sample_id": "ID104G873373", "latitude": 57.18223, "longitude": -131.33293, "rock_class": "sedimentary rocks", "rock_type": "limestone, marble, calcareous sedimentary rocks", "terrane": "Stikinia", "terrane_name": "Stikinia", "era": "Paleozoic", "copper_ppm": 79.46, "gold_ppm": 0.028, "molybdenum_ppm": 8.88, "arsenic_ppm": 52.0, "cobalt_ppm": 20.6, "score_porphyry": 1.595186894963299, "rank_porphyry": 519, "dist_to_fault_km": 0.74, "dist_to_terrane_boundary_km": 42.23, "grid_id": "136_67", "year": 1987 }, "geometry": { "type": "Point", "coordinates": [ -131.33293, 57.18223 ] } },
{ "type": "Feature", "properties": { "sample_id": "ID104G873383", "latitude": 57.23285, "longitude": -131.57328, "rock_class": "sedimentary rocks", "rock_type": "limestone, marble, calcareous sedimentary rocks", "terrane": "Stikinia", "terrane_name": "Stikinia", "era": "Paleozoic", "copper_ppm": 134.13, "gold_ppm": 0.007, "molybdenum_ppm": 27.34, "arsenic_ppm": 29.70000076, "cobalt_ppm": 18.6, "score_porphyry": 2.0623474616450501, "rank_porphyry": 253, "dist_to_fault_km": 0.16, "dist_to_terrane_boundary_km": 31.13, "grid_id": "137_66", "year": 1987 }, "geometry": { "type": "Point", "coordinates": [ -131.57328, 57.23285 ] } },
{ "type": "Feature", "properties": { "sample_id": "ID104G873385", "latitude": 57.2431, "longitude": -131.52675, "rock_class": "sedimentary rocks", "rock_type": "limestone, marble, calcareous sedimentary rocks", "terrane": "Stikinia", "terrane_name": "Stikinia", "era": "Paleozoic", "copper_ppm": 291.82, "gold_ppm": 0.129, "molybdenum_ppm": 7.22, "arsenic_ppm": 21.79999924, "cobalt_ppm": 23.1, "score_porphyry": 2.5050388986153411, "rank_porphyry": 147, "dist_to_fault_km": 0.41, "dist_to_terrane_boundary_km": 34.11, "grid_id": "137_66", "year": 1987 }, "geometry": { "type": "Point", "coordinates": [ -131.52675, 57.2431 ] } },
{ "type": "Feature", "properties": { "sample_id": "ID104G873409", "latitude": 57.30095, "longitude": -131.58529, "rock_class": "volcanic rocks", "rock_type": "undivided volcanic rocks", "terrane": "Stikinia", "terrane_name": "Stikinia", "era": "Paleozoic", "copper_ppm": 104.76, "gold_ppm": 0.005, "molybdenum_ppm": 8.18, "arsenic_ppm": 11.5, "cobalt_ppm": 18.6, "score_porphyry": 1.409273615718651, "rank_porphyry": 757, "dist_to_fault_km": 0.26, "dist_to_terrane_boundary_km": 35.27, "grid_id": "138_66", "year": 1987 }, "geometry": { "type": "Point", "coordinates": [ -131.58529, 57.30095 ] } },
{ "type": "Feature", "properties": { "sample_id": "ID104G873492", "latitude": 57.05811, "longitude": -131.2985, "rock_class": "volcanic rocks", "rock_type": "undivided volcanic rocks", "terrane": "Stikinia", "terrane_name": "Stikinia", "era": "Mesozoic", "copper_ppm": 306.34, "gold_ppm": 0.034, "molybdenum_ppm": 2.2, "arsenic_ppm": 37.20000076, "cobalt_ppm": 23.0, "score_porphyry": 1.7771796332281564, "rank_porphyry": 375, "dist_to_fault_km": 0.02, "dist_to_terrane_boundary_km": 42.3, "grid_id": "135_67", "year": 1987 }, "geometry": { "type": "Point", "coordinates": [ -131.2985, 57.05811 ] } },
{ "type": "Feature", "properties": { "sample_id": "ID104G873494", "latitude": 57.03891, "longitude": -131.30709, "rock_class": "volcanic rocks", "rock_type": "undivided volcanic rocks", "terrane": "Stikinia", "terrane_name": "Stikinia", "era": "Mesozoic", "copper_ppm": 141.72, "gold_ppm": 0.016, "molybdenum_ppm": 5.66, "arsenic_ppm": 9.5, "cobalt_ppm": 13.6, "score_porphyry": 1.403536824590782, "rank_porphyry": 774, "dist_to_fault_km": 0.1, "dist_to_terrane_boundary_km": 41.59, "grid_id": "135_67", "year": 1987 }, "geometry": { "type": "Point", "coordinates": [ -131.30709, 57.03891 ] } },
{ "type": "Feature", "properties": { "sample_id": "ID104G873553", "latitude": 57.21511, "longitude": -130.51508, "rock_class": "volcanic rocks", "rock_type": "basalt flows, fragmentals", "terrane": "Stikinia", "terrane_name": "Stikinia", "era": "Mesozoic", "copper_ppm": 54.48, "gold_ppm": 0.049, "molybdenum_ppm": 5.54, "arsenic_ppm": 112.5, "cobalt_ppm": 14.7, "score_porphyry": 1.3899533209994199, "rank_porphyry": 795, "dist_to_fault_km": 0.69, "dist_to_terrane_boundary_km": 81.27, "grid_id": "136_72", "year": 1987 }, "geometry": { "type": "Point", "coordinates": [ -130.51508, 57.21511 ] } },
{ "type": "Feature", "properties": { "sample_id": "ID104G873597", "latitude": 57.00483, "longitude": -130.40361, "rock_class": "sedimentary rocks", "rock_type": "undivided sedimentary rocks", "terrane": "Overlap", "terrane_name": "Stikinia", "era": "Mesozoic", "copper_ppm": 145.17, "gold_ppm": 0.004, "molybdenum_ppm": 8.27, "arsenic_ppm": 15.69999981, "cobalt_ppm": 27.3, "score_porphyry": 1.6504718724262495, "rank_porphyry": 469, "dist_to_fault_km": 0.09, "dist_to_terrane_boundary_km": 60.15, "grid_id": "134_73", "year": 1987 }, "geometry": { "type": "Point", "coordinates": [ -130.40361, 57.00483 ] } },
{ "type": "Feature", "properties": { "sample_id": "ID104G873598", "latitude": 57.02196, "longitude": -130.44416, "rock_class": "sedimentary rocks", "rock_type": "sandstone, conglomerate", "terrane": "Stikinia", "terrane_name": "Stikinia", "era": "Mesozoic", "copper_ppm": 121.5, "gold_ppm": 0.0005, "molybdenum_ppm": 5.15, "arsenic_ppm": 9.5, "cobalt_ppm": 28.2, "score_porphyry": 1.3506273178001549, "rank_porphyry": 866, "dist_to_fault_km": 0.11, "dist_to_terrane_boundary_km": 61.2, "grid_id": "134_73", "year": 1987 }, "geometry": { "type": "Point", "coordinates": [ -130.44416, 57.02196 ] } },
{ "type": "Feature", "properties": { "sample_id": "ID104G873604", "latitude": 57.07214, "longitude": -130.51021, "rock_class": "volcanic rocks", "rock_type": "felsic volcanic rocks", "terrane": "Stikinia", "terrane_name": "Stikinia", "era": "Mesozoic", "copper_ppm": 74.96, "gold_ppm": 0.007, "molybdenum_ppm": 9.54, "arsenic_ppm": 22.20000076, "cobalt_ppm": 17.9, "score_porphyry": 1.3813473463887467, "rank_porphyry": 811, "dist_to_fault_km": 1.59, "dist_to_terrane_boundary_km": 65.64, "grid_id": "135_72", "year": 1987 }, "geometry": { "type": "Point", "coordinates": [ -130.51021, 57.07214 ] } },
{ "type": "Feature", "properties": { "sample_id": "ID104G873607", "latitude": 57.11758, "longitude": -130.53663, "rock_class": "sedimentary rocks", "rock_type": "sandstone, conglomerate", "terrane": "Stikinia", "terrane_name": "Stikinia", "era": "Mesozoic", "copper_ppm": 76.93, "gold_ppm": 0.0005, "molybdenum_ppm": 16.27, "arsenic_ppm": 31.10000038, "cobalt_ppm": 17.9, "score_porphyry": 1.5867110676215626, "rank_porphyry": 526, "dist_to_fault_km": 2.46, "dist_to_terrane_boundary_km": 70.32, "grid_id": "135_72", "year": 1987 }, "geometry": { "type": "Point", "coordinates": [ -130.53663, 57.11758 ] } },
{ "type": "Feature", "properties": { "sample_id": "ID104G873608", "latitude": 57.1103, "longitude": -130.56118, "rock_class": "sedimentary rocks", "rock_type": "sandstone, conglomerate", "terrane": "Stikinia", "terrane_name": "Stikinia", "era": "Mesozoic", "copper_ppm": 86.39, "gold_ppm": 0.007, "molybdenum_ppm": 10.05, "arsenic_ppm": 30.20000076, "cobalt_ppm": 19.8, "score_porphyry": 1.5113056510856935, "rank_porphyry": 610, "dist_to_fault_km": 0.94, "dist_to_terrane_boundary_km": 69.28, "grid_id": "135_72", "year": 1987 }, "geometry": { "type": "Point", "coordinates": [ -130.56118, 57.1103 ] } },
{ "type": "Feature", "properties": { "sample_id": "ID104G873610", "latitude": 57.08344, "longitude": -130.58568, "rock_class": "sedimentary rocks", "rock_type": "volcaniclastic sandstone", "terrane": "Stikinia", "terrane_name": "Stikinia", "era": "Mesozoic", "copper_ppm": 119.44, "gold_ppm": 0.034, "molybdenum_ppm": 5.06, "arsenic_ppm": 63.79999924, "cobalt_ppm": 31.4, "score_porphyry": 1.7101141078643813, "rank_porphyry": 425, "dist_to_fault_km": 0.12, "dist_to_terrane_boundary_km": 66.11, "grid_id": "135_72", "year": 1987 }, "geometry": { "type": "Point", "coordinates": [ -130.58568, 57.08344 ] } },
{ "type": "Feature", "properties": { "sample_id": "ID104G873617", "latitude": 57.79552, "longitude": -131.56129, "rock_class": "sedimentary rocks", "rock_type": "undivided sedimentary rocks", "terrane": "Stikinia", "terrane_name": "Stikinia", "era": "Mesozoic", "copper_ppm": 309.8, "gold_ppm": 0.0005, "molybdenum_ppm": 4.44, "arsenic_ppm": 28.5, "cobalt_ppm": 21.1, "score_porphyry": 1.7830956443719175, "rank_porphyry": 372, "dist_to_fault_km": 2.06, "dist_to_terrane_boundary_km": 44.87, "grid_id": "143_66", "year": 1987 }, "geometry": { "type": "Point", "coordinates": [ -131.56129, 57.79552 ] } },
{ "type": "Feature", "properties": { "sample_id": "ID104G873619", "latitude": 57.81137, "longitude": -131.56162, "rock_class": "sedimentary rocks", "rock_type": "undivided sedimentary rocks", "terrane": "Stikinia", "terrane_name": "Stikinia", "era": "Mesozoic", "copper_ppm": 187.21, "gold_ppm": 0.016, "molybdenum_ppm": 3.37, "arsenic_ppm": 11.10000038, "cobalt_ppm": 24.6, "score_porphyry": 1.4800276086714539, "rank_porphyry": 648, "dist_to_fault_km": 3.13, "dist_to_terrane_boundary_km": 44.97, "grid_id": "143_67", "year": 1987 }, "geometry": { "type": "Point", "coordinates": [ -131.56162, 57.81137 ] } },
{ "type": "Feature", "properties": { "sample_id": "ID104G873645", "latitude": 57.92057, "longitude": -130.52108, "rock_class": "sedimentary rocks", "rock_type": "undivided sedimentary rocks", "terrane": "Stikinia", "terrane_name": "Stikinia", "era": "Paleozoic", "copper_ppm": 82.36, "gold_ppm": 0.205, "molybdenum_ppm": 1.56, "arsenic_ppm": 10.19999981, "cobalt_ppm": 24.2, "score_porphyry": 1.7398740547342397, "rank_porphyry": 405, "dist_to_fault_km": 1.94, "dist_to_terrane_boundary_km": 58.07, "grid_id": "144_73", "year": 1987 }, "geometry": { "type": "Point", "coordinates": [ -130.52108, 57.92057 ] } },
{ "type": "Feature", "properties": { "sample_id": "ID104H041002", "latitude": 57.81906985, "longitude": -129.9619928, "rock_class": "volcanic rocks", "rock_type": "andesite breccia", "terrane": "Stikinia", "terrane_name": "Stikinia", "era": "Mesozoic", "copper_ppm": 157.75, "gold_ppm": null, "molybdenum_ppm": 1.65, "arsenic_ppm": 11.0, "cobalt_ppm": 62.8, "score_porphyry": 1.3191109157610188, "rank_porphyry": 932, "dist_to_fault_km": 0.35, "dist_to_terrane_boundary_km": 62.34, "grid_id": "143_76", "year": 2004 }, "geometry": { "type": "Point", "coordinates": [ -129.961992800000019, 57.81906985 ] } },
{ "type": "Feature", "properties": { "sample_id": "ID104H041007", "latitude": 57.77748937, "longitude": -129.8364423, "rock_class": "volcanic rocks", "rock_type": "andesite breccia", "terrane": "Stikinia", "terrane_name": "Stikinia", "era": "Mesozoic", "copper_ppm": 483.56, "gold_ppm": null, "molybdenum_ppm": 2.83, "arsenic_ppm": 20.89999962, "cobalt_ppm": 24.3, "score_porphyry": 1.8656212197429112, "rank_porphyry": 321, "dist_to_fault_km": 0.83, "dist_to_terrane_boundary_km": 64.55, "grid_id": "142_77", "year": 2004 }, "geometry": { "type": "Point", "coordinates": [ -129.836442299999987, 57.77748937 ] } },
{ "type": "Feature", "properties": { "sample_id": "ID104H041160", "latitude": 57.80398726, "longitude": -129.9096969, "rock_class": "volcanic rocks", "rock_type": "andesite breccia", "terrane": "Stikinia", "terrane_name": "Stikinia", "era": "Mesozoic", "copper_ppm": 218.34, "gold_ppm": null, "molybdenum_ppm": 2.08, "arsenic_ppm": 13.69999981, "cobalt_ppm": 55.7, "score_porphyry": 1.5241523829437689, "rank_porphyry": 594, "dist_to_fault_km": 0.02, "dist_to_terrane_boundary_km": 63.02, "grid_id": "143_76", "year": 2004 }, "geometry": { "type": "Point", "coordinates": [ -129.9096969, 57.80398726 ] } },
{ "type": "Feature", "properties": { "sample_id": "ID104H041359", "latitude": 57.72922461, "longitude": -129.9280208, "rock_class": "volcanic rocks", "rock_type": "andesite breccia", "terrane": "Stikinia", "terrane_name": "Stikinia", "era": "Mesozoic", "copper_ppm": 74.2, "gold_ppm": null, "molybdenum_ppm": 4.52, "arsenic_ppm": 85.09999847, "cobalt_ppm": 21.7, "score_porphyry": 1.2883894210596174, "rank_porphyry": 985, "dist_to_fault_km": 1.09, "dist_to_terrane_boundary_km": 71.3, "grid_id": "142_76", "year": 2004 }, "geometry": { "type": "Point", "coordinates": [ -129.928020800000013, 57.729224609999989 ] } },
{ "type": "Feature", "properties": { "sample_id": "ID104H041397", "latitude": 57.71162073, "longitude": -129.8628512, "rock_class": "sedimentary rocks", "rock_type": "sandstone, mudstone, argillite", "terrane": "Stikinia", "terrane_name": "Stikinia", "era": "Mesozoic", "copper_ppm": 91.76, "gold_ppm": null, "molybdenum_ppm": 4.14, "arsenic_ppm": 69.69999695, "cobalt_ppm": 20.0, "score_porphyry": 1.3211469665288265, "rank_porphyry": 929, "dist_to_fault_km": 3.03, "dist_to_terrane_boundary_km": 72.03, "grid_id": "142_77", "year": 2004 }, "geometry": { "type": "Point", "coordinates": [ -129.8628512, 57.71162073 ] } },
{ "type": "Feature", "properties": { "sample_id": "ID104I111250", "latitude": 58.01841, "longitude": -129.30299, "rock_class": "intrusive rocks", "rock_type": "quartz monzonitic intrusive rocks", "terrane": "Stikinia", "terrane_name": "Stikinia", "era": "Mesozoic", "copper_ppm": 228.15, "gold_ppm": 0.005300000191, "molybdenum_ppm": 5.93, "arsenic_ppm": 3.2999999519999998, "cobalt_ppm": 25.7, "score_porphyry": 1.5947746281024633, "rank_porphyry": 520, "dist_to_fault_km": 5.97, "dist_to_terrane_boundary_km": 26.91, "grid_id": "145_80", "year": 2011 }, "geometry": { "type": "Point", "coordinates": [ -129.30299, 58.01841 ] } },
{ "type": "Feature", "properties": { "sample_id": "ID104I111253", "latitude": 58.11392, "longitude": -129.29013, "rock_class": "volcanic rocks", "rock_type": "undivided volcanic rocks", "terrane": "Stikinia", "terrane_name": "Stikinia", "era": "Mesozoic", "copper_ppm": 156.93, "gold_ppm": 0.0032000000480000004, "molybdenum_ppm": 2.27, "arsenic_ppm": 30.20000076, "cobalt_ppm": 26.9, "score_porphyry": 1.3396078251336796, "rank_porphyry": 889, "dist_to_fault_km": 0.13, "dist_to_terrane_boundary_km": 17.62, "grid_id": "146_80", "year": 2011 }, "geometry": { "type": "Point", "coordinates": [ -129.29013, 58.11392 ] } },
{ "type": "Feature", "properties": { "sample_id": "ID104I111255", "latitude": 58.12477, "longitude": -129.3501, "rock_class": "intrusive rocks", "rock_type": "quartz monzonitic intrusive rocks", "terrane": "Post Accretionary", "terrane_name": "Stikinia", "era": "Mesozoic", "copper_ppm": 177.32, "gold_ppm": 0.004, "molybdenum_ppm": 12.79, "arsenic_ppm": 32.5, "cobalt_ppm": 12.1, "score_porphyry": 1.8304915144528426, "rank_porphyry": 343, "dist_to_fault_km": 1.52, "dist_to_terrane_boundary_km": 18.22, "grid_id": "146_80", "year": 2011 }, "geometry": { "type": "Point", "coordinates": [ -129.3501, 58.12477 ] } },
{ "type": "Feature", "properties": { "sample_id": "ID104I111273", "latitude": 58.18545, "longitude": -129.44692, "rock_class": "intrusive rocks", "rock_type": "quartz monzonitic intrusive rocks", "terrane": "Stikinia", "terrane_name": "Stikinia", "era": "Mesozoic", "copper_ppm": 149.4, "gold_ppm": 0.015, "molybdenum_ppm": 8.75, "arsenic_ppm": 3.9000000950000002, "cobalt_ppm": 15.9, "score_porphyry": 1.516669340664395, "rank_porphyry": 601, "dist_to_fault_km": 1.96, "dist_to_terrane_boundary_km": 14.14, "grid_id": "147_79", "year": 2011 }, "geometry": { "type": "Point", "coordinates": [ -129.44692, 58.18545 ] } },
{ "type": "Feature", "properties": { "sample_id": "ID104I111274", "latitude": 58.18925, "longitude": -129.39856, "rock_class": "intrusive rocks", "rock_type": "quartz monzonitic intrusive rocks", "terrane": "Post Accretionary", "terrane_name": "Stikinia", "era": "Mesozoic", "copper_ppm": 74.61, "gold_ppm": 0.024, "molybdenum_ppm": 14.06, "arsenic_ppm": 5.199999809, "cobalt_ppm": 12.6, "score_porphyry": 1.4040668122088187, "rank_porphyry": 773, "dist_to_fault_km": 1.26, "dist_to_terrane_boundary_km": 12.76, "grid_id": "147_80", "year": 2011 }, "geometry": { "type": "Point", "coordinates": [ -129.39856, 58.18925 ] } },
{ "type": "Feature", "properties": { "sample_id": "ID104I111299", "latitude": 58.16191, "longitude": -129.34131, "rock_class": "intrusive rocks", "rock_type": "quartz monzonitic intrusive rocks", "terrane": "Post Accretionary", "terrane_name": "Stikinia", "era": "Mesozoic", "copper_ppm": 241.92, "gold_ppm": 0.0040999999050000003, "molybdenum_ppm": 5.47, "arsenic_ppm": 23.79999924, "cobalt_ppm": 11.4, "score_porphyry": 1.635548855367966, "rank_porphyry": 480, "dist_to_fault_km": 3.5, "dist_to_terrane_boundary_km": 14.26, "grid_id": "146_80", "year": 2011 }, "geometry": { "type": "Point", "coordinates": [ -129.34131, 58.16191 ] } },
{ "type": "Feature", "properties": { "sample_id": "ID104I111309", "latitude": 58.18677, "longitude": -129.43106, "rock_class": "intrusive rocks", "rock_type": "quartz monzonitic intrusive rocks", "terrane": "Post Accretionary", "terrane_name": "Stikinia", "era": "Mesozoic", "copper_ppm": 147.25, "gold_ppm": 0.006, "molybdenum_ppm": 15.29, "arsenic_ppm": 6.300000191, "cobalt_ppm": 11.5, "score_porphyry": 1.6534156645741802, "rank_porphyry": 465, "dist_to_fault_km": 1.3, "dist_to_terrane_boundary_km": 13.68, "grid_id": "147_79", "year": 2011 }, "geometry": { "type": "Point", "coordinates": [ -129.43106, 58.18677 ] } },
{ "type": "Feature", "properties": { "sample_id": "ID104I111310", "latitude": 58.19804, "longitude": -129.43953, "rock_class": "intrusive rocks", "rock_type": "quartz monzonitic intrusive rocks", "terrane": "Post Accretionary", "terrane_name": "Stikinia", "era": "Mesozoic", "copper_ppm": 116.38, "gold_ppm": 0.0069000000949999999, "molybdenum_ppm": 17.8, "arsenic_ppm": 16.20000076, "cobalt_ppm": 11.0, "score_porphyry": 1.6904141966518749, "rank_porphyry": 440, "dist_to_fault_km": 2.09, "dist_to_terrane_boundary_km": 12.67, "grid_id": "147_79", "year": 2011 }, "geometry": { "type": "Point", "coordinates": [ -129.43953, 58.19804 ] } },
{ "type": "Feature", "properties": { "sample_id": "ID104I111351", "latitude": 58.26298, "longitude": -129.55587, "rock_class": "volcanic rocks", "rock_type": "undivided volcanic rocks", "terrane": "Stikinia", "terrane_name": "Stikinia", "era": "Mesozoic", "copper_ppm": 249.48, "gold_ppm": 0.0029000000950000003, "molybdenum_ppm": 24.94, "arsenic_ppm": 3.0999999049999998, "cobalt_ppm": 38.4, "score_porphyry": 2.2004972787396548, "rank_porphyry": 205, "dist_to_fault_km": 3.17, "dist_to_terrane_boundary_km": 7.96, "grid_id": "148_79", "year": 2011 }, "geometry": { "type": "Point", "coordinates": [ -129.55587, 58.26298 ] } },
{ "type": "Feature", "properties": { "sample_id": "ID104I111352", "latitude": 58.26298, "longitude": -129.55587, "rock_class": "volcanic rocks", "rock_type": "undivided volcanic rocks", "terrane": "Stikinia", "terrane_name": "Stikinia", "era": "Mesozoic", "copper_ppm": 245.89, "gold_ppm": 0.0020999999049999998, "molybdenum_ppm": 23.33, "arsenic_ppm": 3.4000000950000002, "cobalt_ppm": 39.1, "score_porphyry": 2.1756409524145512, "rank_porphyry": 213, "dist_to_fault_km": 3.17, "dist_to_terrane_boundary_km": 7.96, "grid_id": "148_79", "year": 2011 }, "geometry": { "type": "Point", "coordinates": [ -129.55587, 58.26298 ] } },
{ "type": "Feature", "properties": { "sample_id": "ID104I111360", "latitude": 58.31457, "longitude": -129.7084, "rock_class": "volcanic rocks", "rock_type": "mafic lava", "terrane": "Stikinia", "terrane_name": "Stikinia", "era": "Mesozoic", "copper_ppm": 193.63, "gold_ppm": 0.007900000095, "molybdenum_ppm": 2.02, "arsenic_ppm": 8.5, "cobalt_ppm": 52.6, "score_porphyry": 1.4182354313090249, "rank_porphyry": 743, "dist_to_fault_km": 6.72, "dist_to_terrane_boundary_km": 5.17, "grid_id": "148_78", "year": 2011 }, "geometry": { "type": "Point", "coordinates": [ -129.7084, 58.31457 ] } },
{ "type": "Feature", "properties": { "sample_id": "ID104I111363", "latitude": 58.23984, "longitude": -129.5681, "rock_class": "volcanic rocks", "rock_type": "undivided volcanic rocks", "terrane": "Stikinia", "terrane_name": "Stikinia", "era": "Mesozoic", "copper_ppm": 209.89, "gold_ppm": 0.005, "molybdenum_ppm": 3.02, "arsenic_ppm": 22.29999924, "cobalt_ppm": 26.3, "score_porphyry": 1.5251911576347168, "rank_porphyry": 592, "dist_to_fault_km": 0.64, "dist_to_terrane_boundary_km": 10.64, "grid_id": "147_79", "year": 2011 }, "geometry": { "type": "Point", "coordinates": [ -129.5681, 58.23984 ] } },
{ "type": "Feature", "properties": { "sample_id": "ID104I111366", "latitude": 58.19985, "longitude": -129.48257, "rock_class": "intrusive rocks", "rock_type": "quartz monzonitic intrusive rocks", "terrane": "Stikinia", "terrane_name": "Stikinia", "era": "Mesozoic", "copper_ppm": 126.13, "gold_ppm": 0.006300000191, "molybdenum_ppm": 7.75, "arsenic_ppm": 6.800000191, "cobalt_ppm": 15.9, "score_porphyry": 1.4045061804943002, "rank_porphyry": 772, "dist_to_fault_km": 1.89, "dist_to_terrane_boundary_km": 13.36, "grid_id": "147_79", "year": 2011 }, "geometry": { "type": "Point", "coordinates": [ -129.48257, 58.19985 ] } },
{ "type": "Feature", "properties": { "sample_id": "ID104I111396", "latitude": 58.28277, "longitude": -129.55175, "rock_class": "volcanic rocks", "rock_type": "mafic lava", "terrane": "Stikinia", "terrane_name": "Stikinia", "era": "Mesozoic", "copper_ppm": 158.64, "gold_ppm": 0.0027999999519999997, "molybdenum_ppm": 20.2, "arsenic_ppm": 3.0999999049999998, "cobalt_ppm": 31.6, "score_porphyry": 1.8838819801640176, "rank_porphyry": 312, "dist_to_fault_km": 5.15, "dist_to_terrane_boundary_km": 5.79, "grid_id": "148_79", "year": 2011 }, "geometry": { "type": "Point", "coordinates": [ -129.55175, 58.28277 ] } },
{ "type": "Feature", "properties": { "sample_id": "ID104I111400", "latitude": 58.237, "longitude": -129.36529, "rock_class": "volcanic rocks", "rock_type": "mafic lava", "terrane": "Stikinia", "terrane_name": "Stikinia", "era": "Mesozoic", "copper_ppm": 225.9, "gold_ppm": 0.0045999999049999999, "molybdenum_ppm": 2.86, "arsenic_ppm": 6.5999999049999998, "cobalt_ppm": 21.8, "score_porphyry": 1.390999258361155, "rank_porphyry": 793, "dist_to_fault_km": 5.15, "dist_to_terrane_boundary_km": 7.09, "grid_id": "147_80", "year": 2011 }, "geometry": { "type": "Point", "coordinates": [ -129.36529, 58.237 ] } },
{ "type": "Feature", "properties": { "sample_id": "ID104I111403", "latitude": 58.31979, "longitude": -129.68144, "rock_class": "volcanic rocks", "rock_type": "mafic lava", "terrane": "Stikinia", "terrane_name": "Stikinia", "era": "Mesozoic", "copper_ppm": 120.88, "gold_ppm": 0.02160000038, "molybdenum_ppm": 4.11, "arsenic_ppm": 6.0999999049999998, "cobalt_ppm": 29.1, "score_porphyry": 1.3443754332026021, "rank_porphyry": 878, "dist_to_fault_km": 6.69, "dist_to_terrane_boundary_km": 4.14, "grid_id": "148_78", "year": 2011 }, "geometry": { "type": "Point", "coordinates": [ -129.68144, 58.31979 ] } },
{ "type": "Feature", "properties": { "sample_id": "ID104I111410", "latitude": 58.25718, "longitude": -129.97174, "rock_class": "volcanic rocks", "rock_type": "undivided volcanic rocks", "terrane": "Stikinia", "terrane_name": "Stikinia", "era": "Mesozoic", "copper_ppm": 187.46, "gold_ppm": 0.0022000000480000004, "molybdenum_ppm": 3.87, "arsenic_ppm": 6.5, "cobalt_ppm": 23.9, "score_porphyry": 1.3997243867563163, "rank_porphyry": 783, "dist_to_fault_km": 4.41, "dist_to_terrane_boundary_km": 15.73, "grid_id": "148_76", "year": 2011 }, "geometry": { "type": "Point", "coordinates": [ -129.97174, 58.25718 ] } },
{ "type": "Feature", "properties": { "sample_id": "ID104I111454", "latitude": 58.24681, "longitude": -129.66875, "rock_class": "volcanic rocks", "rock_type": "undivided volcanic rocks", "terrane": "Stikinia", "terrane_name": "Stikinia", "era": "Mesozoic", "copper_ppm": 139.63, "gold_ppm": 0.00060000002399999996, "molybdenum_ppm": 3.79, "arsenic_ppm": 56.70000076, "cobalt_ppm": 28.2, "score_porphyry": 1.4951180534806126, "rank_porphyry": 630, "dist_to_fault_km": 0.84, "dist_to_terrane_boundary_km": 11.67, "grid_id": "147_78", "year": 2011 }, "geometry": { "type": "Point", "coordinates": [ -129.66875, 58.24681 ] } },
{ "type": "Feature", "properties": { "sample_id": "ID104I111457", "latitude": 58.2971, "longitude": -129.74325, "rock_class": "volcanic rocks", "rock_type": "mafic lava", "terrane": "Stikinia", "terrane_name": "Stikinia", "era": "Mesozoic", "copper_ppm": 126.83, "gold_ppm": 9.5875, "molybdenum_ppm": 0.62, "arsenic_ppm": 6.5, "cobalt_ppm": 22.5, "score_porphyry": 12.493574951120948, "rank_porphyry": 3, "dist_to_fault_km": 5.16, "dist_to_terrane_boundary_km": 7.64, "grid_id": "148_78", "year": 2011 }, "geometry": { "type": "Point", "coordinates": [ -129.74325, 58.2971 ] } },
{ "type": "Feature", "properties": { "sample_id": "ID104I951022", "latitude": 58.25974, "longitude": -129.99667, "rock_class": "volcanic rocks", "rock_type": "undivided volcanic rocks", "terrane": "Stikinia", "terrane_name": "Stikinia", "era": "Mesozoic", "copper_ppm": 129.9, "gold_ppm": 0.0011000000240000002, "molybdenum_ppm": 3.97, "arsenic_ppm": 50.29999924, "cobalt_ppm": 22.3, "score_porphyry": 1.4269131435265658, "rank_porphyry": 724, "dist_to_fault_km": 4.02, "dist_to_terrane_boundary_km": 16.1, "grid_id": "148_76", "year": 1995 }, "geometry": { "type": "Point", "coordinates": [ -129.99667, 58.25974 ] } },
{ "type": "Feature", "properties": { "sample_id": "ID104I951123", "latitude": 58.9052, "longitude": -129.65203, "rock_class": "intrusive rocks", "rock_type": "granite, alkali feldspar granite intrusive rocks", "terrane": "Post Accretionary", "terrane_name": "Cassiar", "era": "Mesozoic", "copper_ppm": 15.97, "gold_ppm": 7.086200195000001, "molybdenum_ppm": 0.71, "arsenic_ppm": 1.3999999759999999, "cobalt_ppm": 7.4, "score_porphyry": 9.9591179803697862, "rank_porphyry": 6, "dist_to_fault_km": 6.5, "dist_to_terrane_boundary_km": 2.79, "grid_id": "155_78", "year": 1995 }, "geometry": { "type": "Point", "coordinates": [ -129.65203, 58.9052 ] } },
{ "type": "Feature", "properties": { "sample_id": "ID104I951193", "latitude": 58.9192, "longitude": -129.23953, "rock_class": "metamorphic rocks", "rock_type": "mylonitic metamorphic rocks", "terrane": "Yukon-Tanana", "terrane_name": "Slide Mountain", "era": "Precambrian to Paleozoic", "copper_ppm": 123.24, "gold_ppm": 0.0022000000480000004, "molybdenum_ppm": 3.24, "arsenic_ppm": 23.0, "cobalt_ppm": 24.1, "score_porphyry": 1.2806210421216284, "rank_porphyry": 1004, "dist_to_fault_km": 0.11, "dist_to_terrane_boundary_km": 0.13, "grid_id": "155_81", "year": 1995 }, "geometry": { "type": "Point", "coordinates": [ -129.23953, 58.9192 ] } },
{ "type": "Feature", "properties": { "sample_id": "ID104I951328", "latitude": 58.80706, "longitude": -129.7277, "rock_class": "intrusive rocks", "rock_type": "granodioritic intrusive rocks", "terrane": "Quesnellia", "terrane_name": "Quesnellia", "era": "Mesozoic", "copper_ppm": 41.66, "gold_ppm": 1.702699951, "molybdenum_ppm": 0.92, "arsenic_ppm": 5.800000191, "cobalt_ppm": 15.2, "score_porphyry": 5.2052544741796556, "rank_porphyry": 32, "dist_to_fault_km": 0.04, "dist_to_terrane_boundary_km": 8.65, "grid_id": "154_78", "year": 1995 }, "geometry": { "type": "Point", "coordinates": [ -129.7277, 58.80706 ] } },
{ "type": "Feature", "properties": { "sample_id": "ID104I951469", "latitude": 58.31136, "longitude": -129.55385, "rock_class": "intrusive rocks", "rock_type": "granodioritic intrusive rocks", "terrane": "Post Accretionary", "terrane_name": "Stikinia", "era": "Mesozoic", "copper_ppm": 40.11, "gold_ppm": 0.0005, "molybdenum_ppm": 90.38, "arsenic_ppm": 1.1000000240000001, "cobalt_ppm": 13.4, "score_porphyry": 1.6102484025620603, "rank_porphyry": 507, "dist_to_fault_km": 6.03, "dist_to_terrane_boundary_km": 2.79, "grid_id": "148_79", "year": 1995 }, "geometry": { "type": "Point", "coordinates": [ -129.55385, 58.31136 ] } },
{ "type": "Feature", "properties": { "sample_id": "ID104I951471", "latitude": 58.31253, "longitude": -129.63347, "rock_class": "volcanic rocks", "rock_type": "mafic lava", "terrane": "Stikinia", "terrane_name": "Stikinia", "era": "Mesozoic", "copper_ppm": 393.24, "gold_ppm": 0.009199999809, "molybdenum_ppm": 5.12, "arsenic_ppm": 5.300000191, "cobalt_ppm": 121.1, "score_porphyry": 2.1223704781332309, "rank_porphyry": 228, "dist_to_fault_km": 5.93, "dist_to_terrane_boundary_km": 4.07, "grid_id": "148_78", "year": 1995 }, "geometry": { "type": "Point", "coordinates": [ -129.63347, 58.31253 ] } },
{ "type": "Feature", "properties": { "sample_id": "ID104I951472", "latitude": 58.33819, "longitude": -129.67851, "rock_class": "volcanic rocks", "rock_type": "mafic lava", "terrane": "Stikinia", "terrane_name": "Stikinia", "era": "Mesozoic", "copper_ppm": 139.38, "gold_ppm": 0.0040999999050000003, "molybdenum_ppm": 3.86, "arsenic_ppm": 10.0, "cobalt_ppm": 24.0, "score_porphyry": 1.3158558379474161, "rank_porphyry": 938, "dist_to_fault_km": 5.19, "dist_to_terrane_boundary_km": 2.14, "grid_id": "148_78", "year": 1995 }, "geometry": { "type": "Point", "coordinates": [ -129.67851, 58.33819 ] } },
{ "type": "Feature", "properties": { "sample_id": "ID104I951473", "latitude": 58.33349, "longitude": -129.72776, "rock_class": "volcanic rocks", "rock_type": "mafic lava", "terrane": "Stikinia", "terrane_name": "Stikinia", "era": "Mesozoic", "copper_ppm": 285.0, "gold_ppm": 0.0037999999519999998, "molybdenum_ppm": 2.62, "arsenic_ppm": 6.4000000950000002, "cobalt_ppm": 46.4, "score_porphyry": 1.5945615797200612, "rank_porphyry": 521, "dist_to_fault_km": 5.71, "dist_to_terrane_boundary_km": 3.5, "grid_id": "148_78", "year": 1995 }, "geometry": { "type": "Point", "coordinates": [ -129.72776, 58.33349 ] } },
{ "type": "Feature", "properties": { "sample_id": "ID104I951489", "latitude": 58.26397, "longitude": -129.55734, "rock_class": "volcanic rocks", "rock_type": "undivided volcanic rocks", "terrane": "Stikinia", "terrane_name": "Stikinia", "era": "Mesozoic", "copper_ppm": 217.06, "gold_ppm": 0.0025, "molybdenum_ppm": 22.29, "arsenic_ppm": 2.7999999519999998, "cobalt_ppm": 36.7, "score_porphyry": 2.0780591894510203, "rank_porphyry": 246, "dist_to_fault_km": 3.22, "dist_to_terrane_boundary_km": 7.88, "grid_id": "148_79", "year": 1995 }, "geometry": { "type": "Point", "coordinates": [ -129.55734, 58.26397 ] } },
{ "type": "Feature", "properties": { "sample_id": "ID104I951490", "latitude": 58.28448, "longitude": -129.58638, "rock_class": "volcanic rocks", "rock_type": "mafic lava", "terrane": "Stikinia", "terrane_name": "Stikinia", "era": "Mesozoic", "copper_ppm": 104.48, "gold_ppm": 0.0012000000479999999, "molybdenum_ppm": 14.79, "arsenic_ppm": 2.0, "cobalt_ppm": 23.8, "score_porphyry": 1.4923532170263218, "rank_porphyry": 637, "dist_to_fault_km": 4.46, "dist_to_terrane_boundary_km": 6.22, "grid_id": "148_78", "year": 1995 }, "geometry": { "type": "Point", "coordinates": [ -129.58638, 58.28448 ] } },
{ "type": "Feature", "properties": { "sample_id": "ID104I951491", "latitude": 58.30219, "longitude": -129.56896, "rock_class": "volcanic rocks", "rock_type": "mafic lava", "terrane": "Stikinia", "terrane_name": "Stikinia", "era": "Mesozoic", "copper_ppm": 195.22, "gold_ppm": 0.0011000000240000002, "molybdenum_ppm": 276.64, "arsenic_ppm": 2.0, "cobalt_ppm": 20.2, "score_porphyry": 2.8590228781472868, "rank_porphyry": 94, "dist_to_fault_km": 6.64, "dist_to_terrane_boundary_km": 4.03, "grid_id": "148_79", "year": 1995 }, "geometry": { "type": "Point", "coordinates": [ -129.56896, 58.30219 ] } },
{ "type": "Feature", "properties": { "sample_id": "ID104I953029", "latitude": 58.03089, "longitude": -128.11562, "rock_class": "volcanic rocks", "rock_type": "undivided volcanic rocks", "terrane": "Stikinia", "terrane_name": "Stikinia", "era": "Mesozoic", "copper_ppm": 67.08, "gold_ppm": 0.0018999999759999999, "molybdenum_ppm": 10.5, "arsenic_ppm": 29.5, "cobalt_ppm": 22.7, "score_porphyry": 1.4094462507422154, "rank_porphyry": 754, "dist_to_fault_km": 0.09, "dist_to_terrane_boundary_km": 9.29, "grid_id": "145_87", "year": 1995 }, "geometry": { "type": "Point", "coordinates": [ -128.11562, 58.03089 ] } },
{ "type": "Feature", "properties": { "sample_id": "ID104I953255", "latitude": 58.1492, "longitude": -129.32458, "rock_class": "volcanic rocks", "rock_type": "undivided volcanic rocks", "terrane": "Stikinia", "terrane_name": "Stikinia", "era": "Mesozoic", "copper_ppm": 106.69, "gold_ppm": 0.01789999962, "molybdenum_ppm": 9.83, "arsenic_ppm": 25.20000076, "cobalt_ppm": 9.5, "score_porphyry": 1.5113538109626157, "rank_porphyry": 609, "dist_to_fault_km": 1.91, "dist_to_terrane_boundary_km": 15.12, "grid_id": "146_80", "year": 1995 }, "geometry": { "type": "Point", "coordinates": [ -129.32458, 58.1492 ] } },
{ "type": "Feature", "properties": { "sample_id": "ID104I953259", "latitude": 58.1158, "longitude": -129.39543, "rock_class": "intrusive rocks", "rock_type": "monzodioritic to gabbroic intrusive rocks", "terrane": "Post Accretionary", "terrane_name": "Stikinia", "era": "Mesozoic", "copper_ppm": 92.78, "gold_ppm": 0.007800000191, "molybdenum_ppm": 11.94, "arsenic_ppm": 5.0, "cobalt_ppm": 12.5, "score_porphyry": 1.3586603956272121, "rank_porphyry": 845, "dist_to_fault_km": 0.24, "dist_to_terrane_boundary_km": 20.27, "grid_id": "146_80", "year": 1995 }, "geometry": { "type": "Point", "coordinates": [ -129.39543, 58.1158 ] } },
{ "type": "Feature", "properties": { "sample_id": "ID104I953271", "latitude": 58.24727, "longitude": -129.36672, "rock_class": "volcanic rocks", "rock_type": "mafic lava", "terrane": "Stikinia", "terrane_name": "Stikinia", "era": "Mesozoic", "copper_ppm": 168.97, "gold_ppm": 0.0027000000480000004, "molybdenum_ppm": 5.56, "arsenic_ppm": 5.0, "cobalt_ppm": 23.5, "score_porphyry": 1.4449350890488926, "rank_porphyry": 704, "dist_to_fault_km": 5.68, "dist_to_terrane_boundary_km": 6.05, "grid_id": "147_80", "year": 1995 }, "geometry": { "type": "Point", "coordinates": [ -129.36672, 58.24727 ] } },
{ "type": "Feature", "properties": { "sample_id": "ID104I953460", "latitude": 58.83651, "longitude": -128.33338, "rock_class": "sedimentary rocks", "rock_type": "limestone, slate, siltstone, argillite", "terrane": "North America - basinal strata", "terrane_name": "Cassiar", "era": "Paleozoic", "copper_ppm": 55.26, "gold_ppm": 0.00040000000600000005, "molybdenum_ppm": 19.25, "arsenic_ppm": 26.0, "cobalt_ppm": 12.7, "score_porphyry": 1.4250673580812492, "rank_porphyry": 730, "dist_to_fault_km": 1.82, "dist_to_terrane_boundary_km": 2.35, "grid_id": "154_86", "year": 1995 }, "geometry": { "type": "Point", "coordinates": [ -128.33338, 58.83651 ] } },
{ "type": "Feature", "properties": { "sample_id": "ID104I953476", "latitude": 58.87071, "longitude": -128.40817, "rock_class": "sedimentary rocks", "rock_type": "quartzite, quartz arenite sedimentary rocks", "terrane": "Cassiar", "terrane_name": "Cassiar", "era": "Paleozoic", "copper_ppm": 88.59, "gold_ppm": 0.001, "molybdenum_ppm": 5.41, "arsenic_ppm": 34.79999924, "cobalt_ppm": 18.8, "score_porphyry": 1.2868949891005166, "rank_porphyry": 987, "dist_to_fault_km": 0.55, "dist_to_terrane_boundary_km": 2.19, "grid_id": "154_86", "year": 1995 }, "geometry": { "type": "Point", "coordinates": [ -128.40817, 58.87071 ] } },
{ "type": "Feature", "properties": { "sample_id": "ID104I953478", "latitude": 58.87805, "longitude": -128.45692, "rock_class": "sedimentary rocks", "rock_type": "limestone, marble, calcareous sedimentary rocks", "terrane": "Cassiar", "terrane_name": "Cassiar", "era": "Paleozoic", "copper_ppm": 376.81, "gold_ppm": 0.00010000000150000001, "molybdenum_ppm": 37.82, "arsenic_ppm": 57.70000076, "cobalt_ppm": 47.9, "score_porphyry": 2.8468791394348463, "rank_porphyry": 96, "dist_to_fault_km": 0.34, "dist_to_terrane_boundary_km": 1.42, "grid_id": "154_85", "year": 1995 }, "geometry": { "type": "Point", "coordinates": [ -128.45692, 58.87805 ] } },
{ "type": "Feature", "properties": { "sample_id": "ID104I953483", "latitude": 58.85851, "longitude": -128.71588, "rock_class": "intrusive rocks", "rock_type": "granite, alkali feldspar granite intrusive rocks", "terrane": "Post Accretionary", "terrane_name": "Yukon-Tanana", "era": "Cenozoic", "copper_ppm": 148.32, "gold_ppm": 0.00040000000600000005, "molybdenum_ppm": 3.7, "arsenic_ppm": 12.89999962, "cobalt_ppm": 36.2, "score_porphyry": 1.4078419344288347, "rank_porphyry": 763, "dist_to_fault_km": 1.16, "dist_to_terrane_boundary_km": 5.88, "grid_id": "154_84", "year": 1995 }, "geometry": { "type": "Point", "coordinates": [ -128.71588, 58.85851 ] } },
{ "type": "Feature", "properties": { "sample_id": "ID104I953484", "latitude": 58.85851, "longitude": -128.71588, "rock_class": "intrusive rocks", "rock_type": "granite, alkali feldspar granite intrusive rocks", "terrane": "Post Accretionary", "terrane_name": "Yukon-Tanana", "era": "Cenozoic", "copper_ppm": 148.93, "gold_ppm": 0.00010000000150000001, "molybdenum_ppm": 3.85, "arsenic_ppm": 13.10000038, "cobalt_ppm": 36.3, "score_porphyry": 1.4223829125362943, "rank_porphyry": 736, "dist_to_fault_km": 1.16, "dist_to_terrane_boundary_km": 5.88, "grid_id": "154_84", "year": 1995 }, "geometry": { "type": "Point", "coordinates": [ -128.71588, 58.85851 ] } },
{ "type": "Feature", "properties": { "sample_id": "ID104I955002", "latitude": 58.87381, "longitude": -128.48068, "rock_class": "sedimentary rocks", "rock_type": "chert, siliceous argillite, siliciclastic rocks", "terrane": "Cassiar", "terrane_name": "Cassiar", "era": "Paleozoic", "copper_ppm": 78.43, "gold_ppm": 0.0011000000240000002, "molybdenum_ppm": 15.37, "arsenic_ppm": 39.09999847, "cobalt_ppm": 19.2, "score_porphyry": 1.6127076805411478, "rank_porphyry": 503, "dist_to_fault_km": 0.02, "dist_to_terrane_boundary_km": 0.02, "grid_id": "154_85", "year": 1995 }, "geometry": { "type": "Point", "coordinates": [ -128.48068, 58.87381 ] } },
{ "type": "Feature", "properties": { "sample_id": "ID104I955003", "latitude": 58.87381, "longitude": -128.48068, "rock_class": "sedimentary rocks", "rock_type": "chert, siliceous argillite, siliciclastic rocks", "terrane": "Cassiar", "terrane_name": "Cassiar", "era": "Paleozoic", "copper_ppm": 78.05, "gold_ppm": 0.0011000000240000002, "molybdenum_ppm": 14.93, "arsenic_ppm": 38.79999924, "cobalt_ppm": 18.8, "score_porphyry": 1.5955959552211969, "rank_porphyry": 518, "dist_to_fault_km": 0.02, "dist_to_terrane_boundary_km": 0.02, "grid_id": "154_85", "year": 1995 }, "geometry": { "type": "Point", "coordinates": [ -128.48068, 58.87381 ] } },
{ "type": "Feature", "properties": { "sample_id": "ID104I955007", "latitude": 58.81332, "longitude": -128.4421, "rock_class": "sedimentary rocks", "rock_type": "mudstone, siltstone, shale fine clastic sedimentary rocks", "terrane": "Slide Mountain", "terrane_name": "Slide Mountain", "era": "Paleozoic", "copper_ppm": 172.34, "gold_ppm": 0.0017000000479999999, "molybdenum_ppm": 13.63, "arsenic_ppm": 10.5, "cobalt_ppm": 33.2, "score_porphyry": 1.8882273739229831, "rank_porphyry": 311, "dist_to_fault_km": 0.96, "dist_to_terrane_boundary_km": 0.96, "grid_id": "153_85", "year": 1995 }, "geometry": { "type": "Point", "coordinates": [ -128.4421, 58.81332 ] } },
{ "type": "Feature", "properties": { "sample_id": "ID104I955008", "latitude": 58.80039, "longitude": -128.43133, "rock_class": "sedimentary rocks", "rock_type": "limestone, marble, calcareous sedimentary rocks", "terrane": "Cassiar", "terrane_name": "Cassiar", "era": "Paleozoic", "copper_ppm": 86.35, "gold_ppm": 0.0011000000240000002, "molybdenum_ppm": 15.52, "arsenic_ppm": 15.60000038, "cobalt_ppm": 12.4, "score_porphyry": 1.4936555170995769, "rank_porphyry": 631, "dist_to_fault_km": 0.16, "dist_to_terrane_boundary_km": 0.16, "grid_id": "153_85", "year": 1995 }, "geometry": { "type": "Point", "coordinates": [ -128.43133, 58.80039 ] } },
{ "type": "Feature", "properties": { "sample_id": "ID104I955009", "latitude": 58.81984, "longitude": -128.45122, "rock_class": "sedimentary rocks", "rock_type": "mudstone, siltstone, shale fine clastic sedimentary rocks", "terrane": "Slide Mountain", "terrane_name": "Slide Mountain", "era": "Paleozoic", "copper_ppm": 77.18, "gold_ppm": 0.00040000000600000005, "molybdenum_ppm": 16.96, "arsenic_ppm": 19.0, "cobalt_ppm": 17.9, "score_porphyry": 1.5532879214706865, "rank_porphyry": 567, "dist_to_fault_km": 1.83, "dist_to_terrane_boundary_km": 1.83, "grid_id": "153_85", "year": 1995 }, "geometry": { "type": "Point", "coordinates": [ -128.45122, 58.81984 ] } },
{ "type": "Feature", "properties": { "sample_id": "ID104I955010", "latitude": 58.79571, "longitude": -128.43639, "rock_class": "sedimentary rocks", "rock_type": "limestone, marble, calcareous sedimentary rocks", "terrane": "Cassiar", "terrane_name": "Cassiar", "era": "Paleozoic", "copper_ppm": 69.12, "gold_ppm": 0.0012000000479999999, "molybdenum_ppm": 22.97, "arsenic_ppm": 21.0, "cobalt_ppm": 8.6, "score_porphyry": 1.5094100266638033, "rank_porphyry": 615, "dist_to_fault_km": 0.68, "dist_to_terrane_boundary_km": 0.68, "grid_id": "153_85", "year": 1995 }, "geometry": { "type": "Point", "coordinates": [ -128.43639, 58.79571 ] } },
{ "type": "Feature", "properties": { "sample_id": "ID104I955066", "latitude": 58.51817, "longitude": -129.18351, "rock_class": "volcanic rocks", "rock_type": "undivided volcanic rocks", "terrane": "Cache Creek", "terrane_name": "Cache Creek", "era": "Paleozoic to Mesozoic", "copper_ppm": 225.46, "gold_ppm": 0.0024000000950000003, "molybdenum_ppm": 2.45, "arsenic_ppm": 15.89999962, "cobalt_ppm": 12.5, "score_porphyry": 1.3259558679686476, "rank_porphyry": 915, "dist_to_fault_km": 0.04, "dist_to_terrane_boundary_km": 0.13, "grid_id": "150_81", "year": 1995 }, "geometry": { "type": "Point", "coordinates": [ -129.18351, 58.51817 ] } },
{ "type": "Feature", "properties": { "sample_id": "ID104I955126", "latitude": 58.96903, "longitude": -128.55592, "rock_class": "sedimentary rocks", "rock_type": "limestone, slate, siltstone, argillite", "terrane": "North America - basinal strata", "terrane_name": "Cassiar", "era": "Paleozoic", "copper_ppm": 72.95, "gold_ppm": 0.006699999809000001, "molybdenum_ppm": 8.29, "arsenic_ppm": 39.79999924, "cobalt_ppm": 21.4, "score_porphyry": 1.4081394336708923, "rank_porphyry": 761, "dist_to_fault_km": 0.86, "dist_to_terrane_boundary_km": 0.86, "grid_id": "155_85", "year": 1995 }, "geometry": { "type": "Point", "coordinates": [ -128.55592, 58.96903 ] } },
{ "type": "Feature", "properties": { "sample_id": "ID104I955140", "latitude": 58.75635, "longitude": -128.5248, "rock_class": "intrusive rocks", "rock_type": "diabase, basaltic intrusive rocks", "terrane": "Slide Mountain", "terrane_name": "Slide Mountain", "era": "Paleozoic", "copper_ppm": 238.89, "gold_ppm": 0.006800000191, "molybdenum_ppm": 0.49, "arsenic_ppm": 48.09999847, "cobalt_ppm": 65.8, "score_porphyry": 1.4443724877455837, "rank_porphyry": 705, "dist_to_fault_km": 3.67, "dist_to_terrane_boundary_km": 3.67, "grid_id": "153_85", "year": 1995 }, "geometry": { "type": "Point", "coordinates": [ -128.5248, 58.75635 ] } },
{ "type": "Feature", "properties": { "sample_id": "ID104I955243", "latitude": 58.44864, "longitude": -128.74135, "rock_class": "sedimentary rocks", "rock_type": "limestone, slate, siltstone, argillite", "terrane": "Quesnellia", "terrane_name": "Quesnellia", "era": "Paleozoic", "copper_ppm": 73.35, "gold_ppm": 0.02079999924, "molybdenum_ppm": 6.57, "arsenic_ppm": 37.40000153, "cobalt_ppm": 17.4, "score_porphyry": 1.3586692730488603, "rank_porphyry": 844, "dist_to_fault_km": 1.8, "dist_to_terrane_boundary_km": 7.23, "grid_id": "149_83", "year": 1995 }, "geometry": { "type": "Point", "coordinates": [ -128.74135, 58.44864 ] } },
{ "type": "Feature", "properties": { "sample_id": "ID104I955259", "latitude": 58.48179, "longitude": -129.04954, "rock_class": "intrusive rocks", "rock_type": "granodioritic intrusive rocks", "terrane": "Quesnellia", "terrane_name": "Quesnellia", "era": "Mesozoic", "copper_ppm": 246.95, "gold_ppm": 0.0075999999049999999, "molybdenum_ppm": 4.27, "arsenic_ppm": 9.600000381, "cobalt_ppm": 13.2, "score_porphyry": 1.5174393805973434, "rank_porphyry": 600, "dist_to_fault_km": 1.71, "dist_to_terrane_boundary_km": 1.73, "grid_id": "150_82", "year": 1995 }, "geometry": { "type": "Point", "coordinates": [ -129.04954, 58.48179 ] } },
{ "type": "Feature", "properties": { "sample_id": "ID104I955262", "latitude": 58.4822, "longitude": -129.07275, "rock_class": "intrusive rocks", "rock_type": "granodioritic intrusive rocks", "terrane": "Quesnellia", "terrane_name": "Quesnellia", "era": "Mesozoic", "copper_ppm": 446.38, "gold_ppm": 0.0055, "molybdenum_ppm": 9.33, "arsenic_ppm": 12.19999981, "cobalt_ppm": 14.0, "score_porphyry": 2.0685750826517064, "rank_porphyry": 250, "dist_to_fault_km": 0.85, "dist_to_terrane_boundary_km": 0.86, "grid_id": "150_82", "year": 1995 }, "geometry": { "type": "Point", "coordinates": [ -129.07275, 58.4822 ] } },
{ "type": "Feature", "properties": { "sample_id": "ID104J001125", "latitude": 58.42382, "longitude": -130.474, "rock_class": "sedimentary rocks", "rock_type": "argillite, greywacke, wacke, conglomerate turbidites", "terrane": "Overlap", "terrane_name": "Stikinia", "era": "Mesozoic", "copper_ppm": 83.65, "gold_ppm": 0.0025999999049999998, "molybdenum_ppm": 7.77, "arsenic_ppm": 16.20000076, "cobalt_ppm": 20.4, "score_porphyry": 1.3279708046264698, "rank_porphyry": 911, "dist_to_fault_km": 4.8, "dist_to_terrane_boundary_km": 2.98, "grid_id": "150_73", "year": 2000 }, "geometry": { "type": "Point", "coordinates": [ -130.474, 58.42382 ] } },
{ "type": "Feature", "properties": { "sample_id": "ID104J001167", "latitude": 58.8627, "longitude": -130.58658, "rock_class": "sedimentary rocks", "rock_type": "chert, siliceous argillite, siliciclastic rocks", "terrane": "Cache Creek", "terrane_name": "Cache Creek", "era": "Paleozoic to Mesozoic", "copper_ppm": 108.07, "gold_ppm": 0.01160000038, "molybdenum_ppm": 9.47, "arsenic_ppm": 39.59999847, "cobalt_ppm": 40.0, "score_porphyry": 1.7618954195380676, "rank_porphyry": 384, "dist_to_fault_km": 7.05, "dist_to_terrane_boundary_km": 7.08, "grid_id": "155_73", "year": 2000 }, "geometry": { "type": "Point", "coordinates": [ -130.58658, 58.8627 ] } },
{ "type": "Feature", "properties": { "sample_id": "ID104J001172", "latitude": 58.86275, "longitude": -130.45898, "rock_class": "sedimentary rocks", "rock_type": "chert, siliceous argillite, siliciclastic rocks", "terrane": "Cache Creek", "terrane_name": "Cache Creek", "era": "Paleozoic to Mesozoic", "copper_ppm": 186.73, "gold_ppm": 0.007, "molybdenum_ppm": 3.7, "arsenic_ppm": 11.0, "cobalt_ppm": 8.1, "score_porphyry": 1.2777252805527286, "rank_porphyry": 1007, "dist_to_fault_km": 2.35, "dist_to_terrane_boundary_km": 2.63, "grid_id": "155_74", "year": 2000 }, "geometry": { "type": "Point", "coordinates": [ -130.45898, 58.86275 ] } },
{ "type": "Feature", "properties": { "sample_id": "ID104J001174", "latitude": 58.81246, "longitude": -130.4484, "rock_class": "sedimentary rocks", "rock_type": "chert, siliceous argillite, siliciclastic rocks", "terrane": "Cache Creek", "terrane_name": "Cache Creek", "era": "Paleozoic to Mesozoic", "copper_ppm": 106.12, "gold_ppm": 0.0032000000480000004, "molybdenum_ppm": 8.52, "arsenic_ppm": 7.199999809, "cobalt_ppm": 19.7, "score_porphyry": 1.3858234018527893, "rank_porphyry": 800, "dist_to_fault_km": 4.01, "dist_to_terrane_boundary_km": 7.43, "grid_id": "154_74", "year": 2000 }, "geometry": { "type": "Point", "coordinates": [ -130.4484, 58.81246 ] } },
{ "type": "Feature", "properties": { "sample_id": "ID104J001197", "latitude": 58.91958, "longitude": -130.3099, "rock_class": "volcanic rocks", "rock_type": "undivided volcanic rocks", "terrane": "Quesnellia", "terrane_name": "Quesnellia", "era": "Mesozoic", "copper_ppm": 616.47, "gold_ppm": 0.004199999809, "molybdenum_ppm": 7.86, "arsenic_ppm": 2.5999999049999998, "cobalt_ppm": 7.2, "score_porphyry": 1.9045071700114176, "rank_porphyry": 305, "dist_to_fault_km": 3.38, "dist_to_terrane_boundary_km": 6.9, "grid_id": "155_75", "year": 2000 }, "geometry": { "type": "Point", "coordinates": [ -130.3099, 58.91958 ] } },
{ "type": "Feature", "properties": { "sample_id": "ID104J001218", "latitude": 58.91093, "longitude": -130.77529, "rock_class": "sedimentary rocks", "rock_type": "chert, siliceous argillite, siliciclastic rocks", "terrane": "Cache Creek", "terrane_name": "Cache Creek", "era": "Paleozoic to Mesozoic", "copper_ppm": 61.16, "gold_ppm": 0.01169999981, "molybdenum_ppm": 17.65, "arsenic_ppm": 6.9000000950000002, "cobalt_ppm": 25.1, "score_porphyry": 1.480066395594565, "rank_porphyry": 647, "dist_to_fault_km": 11.96, "dist_to_terrane_boundary_km": 11.89, "grid_id": "155_72", "year": 2000 }, "geometry": { "type": "Point", "coordinates": [ -130.77529, 58.91093 ] } },
{ "type": "Feature", "properties": { "sample_id": "ID104J001232", "latitude": 58.90127, "longitude": -130.32096, "rock_class": "volcanic rocks", "rock_type": "undivided volcanic rocks", "terrane": "Quesnellia", "terrane_name": "Quesnellia", "era": "Mesozoic", "copper_ppm": 115.57, "gold_ppm": 0.008300000191000001, "molybdenum_ppm": 33.68, "arsenic_ppm": 9.5, "cobalt_ppm": 14.2, "score_porphyry": 1.9225234148409622, "rank_porphyry": 295, "dist_to_fault_km": 1.82, "dist_to_terrane_boundary_km": 4.82, "grid_id": "155_75", "year": 2000 }, "geometry": { "type": "Point", "coordinates": [ -130.32096, 58.90127 ] } },
{ "type": "Feature", "properties": { "sample_id": "ID104J001297", "latitude": 58.72867, "longitude": -130.31883, "rock_class": "sedimentary rocks", "rock_type": "chert, siliceous argillite, siliciclastic rocks", "terrane": "Cache Creek", "terrane_name": "Cache Creek", "era": "Paleozoic to Mesozoic", "copper_ppm": 384.12, "gold_ppm": 0.0039000000950000003, "molybdenum_ppm": 1.98, "arsenic_ppm": 9.199999809, "cobalt_ppm": 8.2, "score_porphyry": 1.3955649313389051, "rank_porphyry": 787, "dist_to_fault_km": 1.62, "dist_to_terrane_boundary_km": 11.43, "grid_id": "153_74", "year": 2000 }, "geometry": { "type": "Point", "coordinates": [ -130.31883, 58.72867 ] } },
{ "type": "Feature", "properties": { "sample_id": "ID104J001418", "latitude": 58.71301, "longitude": -131.85209, "rock_class": "sedimentary rocks", "rock_type": "argillite, greywacke, wacke, conglomerate turbidites", "terrane": "Overlap", "terrane_name": "Cache Creek", "era": "Mesozoic", "copper_ppm": 100.16, "gold_ppm": 0.0020999999049999998, "molybdenum_ppm": 7.54, "arsenic_ppm": 9.5, "cobalt_ppm": 24.2, "score_porphyry": 1.3732284008164279, "rank_porphyry": 824, "dist_to_fault_km": 0.11, "dist_to_terrane_boundary_km": 1.02, "grid_id": "153_66", "year": 2000 }, "geometry": { "type": "Point", "coordinates": [ -131.85209, 58.71301 ] } },
{ "type": "Feature", "properties": { "sample_id": "ID104J003156", "latitude": 58.10658, "longitude": -131.67601, "rock_class": "sedimentary rocks", "rock_type": "marine sedimentary and volcanic rocks", "terrane": "Stikinia", "terrane_name": "Stikinia", "era": "Mesozoic", "copper_ppm": 273.28, "gold_ppm": 0.01530000019, "molybdenum_ppm": 1.81, "arsenic_ppm": 8.800000191000001, "cobalt_ppm": 28.5, "score_porphyry": 1.4786719233228853, "rank_porphyry": 652, "dist_to_fault_km": 9.75, "dist_to_terrane_boundary_km": 48.24, "grid_id": "147_66", "year": 2000 }, "geometry": { "type": "Point", "coordinates": [ -131.67601, 58.10658 ] } },
{ "type": "Feature", "properties": { "sample_id": "ID104J003213", "latitude": 58.14227, "longitude": -131.85411, "rock_class": "sedimentary rocks", "rock_type": "marine sedimentary and volcanic rocks", "terrane": "Stikinia", "terrane_name": "Stikinia", "era": "Mesozoic", "copper_ppm": 321.2, "gold_ppm": 0.0024000000950000003, "molybdenum_ppm": 0.63, "arsenic_ppm": 10.0, "cobalt_ppm": 38.0, "score_porphyry": 1.338307595397692, "rank_porphyry": 892, "dist_to_fault_km": 7.41, "dist_to_terrane_boundary_km": 40.22, "grid_id": "147_65", "year": 2000 }, "geometry": { "type": "Point", "coordinates": [ -131.85411, 58.14227 ] } },
{ "type": "Feature", "properties": { "sample_id": "ID104J003225", "latitude": 58.2327, "longitude": -131.76082, "rock_class": "sedimentary rocks", "rock_type": "marine sedimentary and volcanic rocks", "terrane": "Stikinia", "terrane_name": "Stikinia", "era": "Mesozoic", "copper_ppm": 691.46, "gold_ppm": 0.007900000095, "molybdenum_ppm": 3.54, "arsenic_ppm": 21.5, "cobalt_ppm": 103.0, "score_porphyry": 2.3597850785529095, "rank_porphyry": 169, "dist_to_fault_km": 0.02, "dist_to_terrane_boundary_km": 43.71, "grid_id": "148_66", "year": 2000 }, "geometry": { "type": "Point", "coordinates": [ -131.76082, 58.2327 ] } },
{ "type": "Feature", "properties": { "sample_id": "ID104J003229", "latitude": 58.21384, "longitude": -131.72096, "rock_class": "sedimentary rocks", "rock_type": "marine sedimentary and volcanic rocks", "terrane": "Stikinia", "terrane_name": "Stikinia", "era": "Mesozoic", "copper_ppm": 730.99, "gold_ppm": 0.1015999985, "molybdenum_ppm": 4.17, "arsenic_ppm": 56.70000076, "cobalt_ppm": 60.3, "score_porphyry": 2.8813810910231892, "rank_porphyry": 90, "dist_to_fault_km": 0.07, "dist_to_terrane_boundary_km": 45.36, "grid_id": "148_66", "year": 2000 }, "geometry": { "type": "Point", "coordinates": [ -131.72096, 58.21384 ] } },
{ "type": "Feature", "properties": { "sample_id": "ID104J003231", "latitude": 58.18976, "longitude": -131.61447, "rock_class": "sedimentary rocks", "rock_type": "marine sedimentary and volcanic rocks", "terrane": "Stikinia", "terrane_name": "Stikinia", "era": "Mesozoic", "copper_ppm": 272.63, "gold_ppm": 0.01180000019, "molybdenum_ppm": 1.66, "arsenic_ppm": 40.5, "cobalt_ppm": 47.6, "score_porphyry": 1.6794365222253034, "rank_porphyry": 444, "dist_to_fault_km": 4.08, "dist_to_terrane_boundary_km": 46.87, "grid_id": "148_67", "year": 2000 }, "geometry": { "type": "Point", "coordinates": [ -131.61447, 58.18976 ] } },
{ "type": "Feature", "properties": { "sample_id": "ID104J003249", "latitude": 58.1838, "longitude": -131.58, "rock_class": "sedimentary rocks", "rock_type": "marine sedimentary and volcanic rocks", "terrane": "Stikinia", "terrane_name": "Stikinia", "era": "Mesozoic", "copper_ppm": 464.87, "gold_ppm": 0.04929999924, "molybdenum_ppm": 1.62, "arsenic_ppm": 10.30000019, "cobalt_ppm": 77.4, "score_porphyry": 2.0440503095156295, "rank_porphyry": 258, "dist_to_fault_km": 6.18, "dist_to_terrane_boundary_km": 47.04, "grid_id": "147_67", "year": 2000 }, "geometry": { "type": "Point", "coordinates": [ -131.58, 58.1838 ] } },
{ "type": "Feature", "properties": { "sample_id": "ID104J003370", "latitude": 58.24459, "longitude": -130.24442, "rock_class": "intrusive rocks", "rock_type": "quartz monzonitic intrusive rocks", "terrane": "Stikinia", "terrane_name": "Stikinia", "era": "Mesozoic", "copper_ppm": 72.31, "gold_ppm": 0.0035, "molybdenum_ppm": 7.36, "arsenic_ppm": 33.40000153, "cobalt_ppm": 18.6, "score_porphyry": 1.3057116746186546, "rank_porphyry": 955, "dist_to_fault_km": 3.91, "dist_to_terrane_boundary_km": 21.32, "grid_id": "148_75", "year": 2000 }, "geometry": { "type": "Point", "coordinates": [ -130.24442, 58.24459 ] } },
{ "type": "Feature", "properties": { "sample_id": "ID104J111071", "latitude": 58.0945, "longitude": -131.65846, "rock_class": "sedimentary rocks", "rock_type": "marine sedimentary and volcanic rocks", "terrane": "Stikinia", "terrane_name": "Stikinia", "era": "Mesozoic", "copper_ppm": 193.16, "gold_ppm": 0.007699999809000001, "molybdenum_ppm": 1.52, "arsenic_ppm": 10.60000038, "cobalt_ppm": 32.8, "score_porphyry": 1.2845616654475505, "rank_porphyry": 995, "dist_to_fault_km": 10.84, "dist_to_terrane_boundary_km": 48.8, "grid_id": "146_66", "year": 2011 }, "geometry": { "type": "Point", "coordinates": [ -131.65846, 58.0945 ] } },
{ "type": "Feature", "properties": { "sample_id": "ID104J111469", "latitude": 58.47015, "longitude": -130.41398, "rock_class": "intrusive rocks", "rock_type": "granite, alkali feldspar granite intrusive rocks", "terrane": "Post Accretionary", "terrane_name": "Cache Creek", "era": "Mesozoic", "copper_ppm": 39.06, "gold_ppm": 0.0018999999759999999, "molybdenum_ppm": 30.89, "arsenic_ppm": 12.30000019, "cobalt_ppm": 14.3, "score_porphyry": 1.4006988989500804, "rank_porphyry": 781, "dist_to_fault_km": 1.7, "dist_to_terrane_boundary_km": 3.06, "grid_id": "150_74", "year": 2011 }, "geometry": { "type": "Point", "coordinates": [ -130.41398, 58.47015 ] } },
{ "type": "Feature", "properties": { "sample_id": "ID104K871007", "latitude": 58.32538, "longitude": -132.34062, "rock_class": "volcanic rocks", "rock_type": "undivided volcanic rocks", "terrane": "Stikinia", "terrane_name": "Stikinia", "era": "Paleozoic", "copper_ppm": 118.25, "gold_ppm": 0.005, "molybdenum_ppm": 5.13, "arsenic_ppm": 144.6999969, "cobalt_ppm": 27.5, "score_porphyry": 1.6308887499561588, "rank_porphyry": 482, "dist_to_fault_km": 0.27, "dist_to_terrane_boundary_km": 30.54, "grid_id": "149_62", "year": 1987 }, "geometry": { "type": "Point", "coordinates": [ -132.34062, 58.32538 ] } },
{ "type": "Feature", "properties": { "sample_id": "ID104K871008", "latitude": 58.32538, "longitude": -132.34062, "rock_class": "volcanic rocks", "rock_type": "undivided volcanic rocks", "terrane": "Stikinia", "terrane_name": "Stikinia", "era": "Paleozoic", "copper_ppm": 118.07, "gold_ppm": 0.009, "molybdenum_ppm": 5.09, "arsenic_ppm": 140.1000061, "cobalt_ppm": 27.3, "score_porphyry": 1.6427688124628463, "rank_porphyry": 474, "dist_to_fault_km": 0.27, "dist_to_terrane_boundary_km": 30.54, "grid_id": "149_62", "year": 1987 }, "geometry": { "type": "Point", "coordinates": [ -132.34062, 58.32538 ] } },
{ "type": "Feature", "properties": { "sample_id": "ID104K871015", "latitude": 58.37922, "longitude": -132.3072, "rock_class": "intrusive rocks", "rock_type": "intrusive rocks, undivided", "terrane": "Post Accretionary", "terrane_name": "Stikinia", "era": "Mesozoic", "copper_ppm": 219.76, "gold_ppm": 0.214, "molybdenum_ppm": 7.46, "arsenic_ppm": 51.0, "cobalt_ppm": 28.2, "score_porphyry": 2.8694774128316567, "rank_porphyry": 93, "dist_to_fault_km": 1.08, "dist_to_terrane_boundary_km": 34.45, "grid_id": "150_63", "year": 1987 }, "geometry": { "type": "Point", "coordinates": [ -132.3072, 58.37922 ] } },
{ "type": "Feature", "properties": { "sample_id": "ID104K871064", "latitude": 58.10448, "longitude": -132.81244, "rock_class": "metamorphic rocks", "rock_type": "greenstone, greenschist metamorphic rocks", "terrane": "Yukon-Tanana", "terrane_name": "Coast plutonic complex", "era": "Paleozoic", "copper_ppm": 110.45, "gold_ppm": 0.01, "molybdenum_ppm": 4.99, "arsenic_ppm": 49.90000153, "cobalt_ppm": 28.1, "score_porphyry": 1.5093900186721205, "rank_porphyry": 616, "dist_to_fault_km": 4.83, "dist_to_terrane_boundary_km": 3.36, "grid_id": "147_59", "year": 1987 }, "geometry": { "type": "Point", "coordinates": [ -132.81244, 58.10448 ] } },
{ "type": "Feature", "properties": { "sample_id": "ID104K871071", "latitude": 58.17502, "longitude": -132.75371, "rock_class": "sedimentary rocks", "rock_type": "coarse clastic sedimentary rocks", "terrane": "Stikinia", "terrane_name": "Stikinia", "era": "Paleozoic", "copper_ppm": 112.68, "gold_ppm": 0.058, "molybdenum_ppm": 0.99, "arsenic_ppm": 57.5, "cobalt_ppm": 24.9, "score_porphyry": 1.3145349358813823, "rank_porphyry": 942, "dist_to_fault_km": 4.13, "dist_to_terrane_boundary_km": 5.07, "grid_id": "148_60", "year": 1987 }, "geometry": { "type": "Point", "coordinates": [ -132.75371, 58.17502 ] } },
{ "type": "Feature", "properties": { "sample_id": "ID104K871077", "latitude": 58.18341, "longitude": -132.66348, "rock_class": "sedimentary rocks", "rock_type": "coarse clastic sedimentary rocks", "terrane": "Stikinia", "terrane_name": "Stikinia", "era": "Paleozoic", "copper_ppm": 95.64, "gold_ppm": 0.006, "molybdenum_ppm": 5.09, "arsenic_ppm": 89.5, "cobalt_ppm": 28.2, "score_porphyry": 1.4925098810070783, "rank_porphyry": 635, "dist_to_fault_km": 1.46, "dist_to_terrane_boundary_km": 7.33, "grid_id": "148_60", "year": 1987 }, "geometry": { "type": "Point", "coordinates": [ -132.66348, 58.18341 ] } },
{ "type": "Feature", "properties": { "sample_id": "ID104K871120", "latitude": 58.4087, "longitude": -132.70793, "rock_class": "intrusive rocks", "rock_type": "granite, alkali feldspar granite intrusive rocks", "terrane": "Post Accretionary", "terrane_name": "Stikinia", "era": "Cenozoic", "copper_ppm": 91.79, "gold_ppm": 0.029, "molybdenum_ppm": 5.79, "arsenic_ppm": 13.39999962, "cobalt_ppm": 14.0, "score_porphyry": 1.3172023293279729, "rank_porphyry": 935, "dist_to_fault_km": 7.55, "dist_to_terrane_boundary_km": 18.55, "grid_id": "151_60", "year": 1987 }, "geometry": { "type": "Point", "coordinates": [ -132.70793, 58.4087 ] } },
{ "type": "Feature", "properties": { "sample_id": "ID104K871125", "latitude": 58.42483, "longitude": -132.64019, "rock_class": "volcanic rocks", "rock_type": "undivided volcanic rocks", "terrane": "Stikinia", "terrane_name": "Stikinia", "era": "Mesozoic", "copper_ppm": 115.81, "gold_ppm": 0.011, "molybdenum_ppm": 2.52, "arsenic_ppm": 33.0, "cobalt_ppm": 35.9, "score_porphyry": 1.3290060697169175, "rank_porphyry": 910, "dist_to_fault_km": 7.75, "dist_to_terrane_boundary_km": 22.1, "grid_id": "151_61", "year": 1987 }, "geometry": { "type": "Point", "coordinates": [ -132.64019, 58.42483 ] } },
{ "type": "Feature", "properties": { "sample_id": "ID104K871127", "latitude": 58.41806, "longitude": -132.62325, "rock_class": "volcanic rocks", "rock_type": "undivided volcanic rocks", "terrane": "Stikinia", "terrane_name": "Stikinia", "era": "Mesozoic", "copper_ppm": 143.62, "gold_ppm": 0.013, "molybdenum_ppm": 2.27, "arsenic_ppm": 18.60000038, "cobalt_ppm": 26.7, "score_porphyry": 1.2980068230228481, "rank_porphyry": 966, "dist_to_fault_km": 8.97, "dist_to_terrane_boundary_km": 22.06, "grid_id": "151_61", "year": 1987 }, "geometry": { "type": "Point", "coordinates": [ -132.62325, 58.41806 ] } },
{ "type": "Feature", "properties": { "sample_id": "ID104K871134", "latitude": 58.41337, "longitude": -132.48709, "rock_class": "volcanic rocks", "rock_type": "undivided volcanic rocks", "terrane": "Stikinia", "terrane_name": "Stikinia", "era": "Paleozoic", "copper_ppm": 41.5, "gold_ppm": 0.494, "molybdenum_ppm": 0.51, "arsenic_ppm": 5.9000000950000002, "cobalt_ppm": 16.2, "score_porphyry": 2.1784948199134715, "rank_porphyry": 210, "dist_to_fault_km": 5.27, "dist_to_terrane_boundary_km": 27.27, "grid_id": "150_62", "year": 1987 }, "geometry": { "type": "Point", "coordinates": [ -132.48709, 58.41337 ] } },
{ "type": "Feature", "properties": { "sample_id": "ID104K871151", "latitude": 58.52223, "longitude": -132.29401, "rock_class": "sedimentary rocks", "rock_type": "argillite, greywacke, wacke, conglomerate turbidites", "terrane": "Overlap", "terrane_name": "Stikinia", "era": "Mesozoic", "copper_ppm": 89.27, "gold_ppm": 0.02, "molybdenum_ppm": 4.84, "arsenic_ppm": 24.10000038, "cobalt_ppm": 20.4, "score_porphyry": 1.3241345660728592, "rank_porphyry": 921, "dist_to_fault_km": 8.7, "dist_to_terrane_boundary_km": 32.19, "grid_id": "152_63", "year": 1987 }, "geometry": { "type": "Point", "coordinates": [ -132.29401, 58.52223 ] } },
{ "type": "Feature", "properties": { "sample_id": "ID104K871165", "latitude": 58.3789, "longitude": -132.09786, "rock_class": "intrusive rocks", "rock_type": "granodioritic intrusive rocks", "terrane": "Stikinia", "terrane_name": "Stikinia", "era": "Mesozoic", "copper_ppm": 127.36, "gold_ppm": 0.038, "molybdenum_ppm": 7.59, "arsenic_ppm": 30.0, "cobalt_ppm": 20.4, "score_porphyry": 1.74246620621978, "rank_porphyry": 403, "dist_to_fault_km": 4.0, "dist_to_terrane_boundary_km": 34.87, "grid_id": "150_64", "year": 1987 }, "geometry": { "type": "Point", "coordinates": [ -132.09786, 58.3789 ] } },
{ "type": "Feature", "properties": { "sample_id": "ID104K871168", "latitude": 58.36409, "longitude": -132.15884, "rock_class": "intrusive rocks", "rock_type": "granodioritic intrusive rocks", "terrane": "Stikinia", "terrane_name": "Stikinia", "era": "Mesozoic", "copper_ppm": 96.21, "gold_ppm": 0.013, "molybdenum_ppm": 6.66, "arsenic_ppm": 36.20000076, "cobalt_ppm": 15.6, "score_porphyry": 1.424860303489867, "rank_porphyry": 731, "dist_to_fault_km": 1.1, "dist_to_terrane_boundary_km": 38.31, "grid_id": "150_64", "year": 1987 }, "geometry": { "type": "Point", "coordinates": [ -132.15884, 58.36409 ] } },
{ "type": "Feature", "properties": { "sample_id": "ID104K871178", "latitude": 58.26032, "longitude": -132.30347, "rock_class": "volcanic rocks", "rock_type": "undivided volcanic rocks", "terrane": "Stikinia", "terrane_name": "Stikinia", "era": "Paleozoic", "copper_ppm": 68.66, "gold_ppm": 0.228, "molybdenum_ppm": 0.68, "arsenic_ppm": 52.59999847, "cobalt_ppm": 19.5, "score_porphyry": 1.7161416277969133, "rank_porphyry": 422, "dist_to_fault_km": 0.1, "dist_to_terrane_boundary_km": 25.56, "grid_id": "149_63", "year": 1987 }, "geometry": { "type": "Point", "coordinates": [ -132.30347, 58.26032 ] } },
{ "type": "Feature", "properties": { "sample_id": "ID104K871183", "latitude": 58.29485, "longitude": -132.16288, "rock_class": "volcanic rocks", "rock_type": "undivided volcanic rocks", "terrane": "Stikinia", "terrane_name": "Stikinia", "era": "Paleozoic", "copper_ppm": 113.4, "gold_ppm": 0.006, "molybdenum_ppm": 3.92, "arsenic_ppm": 25.70000076, "cobalt_ppm": 24.0, "score_porphyry": 1.3303275806283339, "rank_porphyry": 907, "dist_to_fault_km": 0.31, "dist_to_terrane_boundary_km": 33.71, "grid_id": "149_63", "year": 1987 }, "geometry": { "type": "Point", "coordinates": [ -132.16288, 58.29485 ] } },
{ "type": "Feature", "properties": { "sample_id": "ID104K871194", "latitude": 58.36127, "longitude": -132.04256, "rock_class": "intrusive rocks", "rock_type": "granodioritic intrusive rocks", "terrane": "Stikinia", "terrane_name": "Stikinia", "era": "Mesozoic", "copper_ppm": 164.12, "gold_ppm": 0.008, "molybdenum_ppm": 3.18, "arsenic_ppm": 26.10000038, "cobalt_ppm": 21.0, "score_porphyry": 1.4217572450839069, "rank_porphyry": 738, "dist_to_fault_km": 4.37, "dist_to_terrane_boundary_km": 34.85, "grid_id": "150_64", "year": 1987 }, "geometry": { "type": "Point", "coordinates": [ -132.04256, 58.36127 ] } },
{ "type": "Feature", "properties": { "sample_id": "ID104K871258", "latitude": 58.50562, "longitude": -132.77495, "rock_class": "volcanic rocks", "rock_type": "undivided volcanic rocks", "terrane": "Stikinia", "terrane_name": "Stikinia", "era": "Mesozoic", "copper_ppm": 84.16, "gold_ppm": 0.326, "molybdenum_ppm": 0.86, "arsenic_ppm": 35.59999847, "cobalt_ppm": 25.0, "score_porphyry": 2.2303249573880035, "rank_porphyry": 191, "dist_to_fault_km": 2.28, "dist_to_terrane_boundary_km": 26.67, "grid_id": "152_60", "year": 1987 }, "geometry": { "type": "Point", "coordinates": [ -132.77495, 58.50562 ] } },
{ "type": "Feature", "properties": { "sample_id": "ID104K871262", "latitude": 58.51799, "longitude": -132.76445, "rock_class": "volcanic rocks", "rock_type": "undivided volcanic rocks", "terrane": "Stikinia", "terrane_name": "Stikinia", "era": "Mesozoic", "copper_ppm": null, "gold_ppm": 0.73, "molybdenum_ppm": null, "arsenic_ppm": null, "cobalt_ppm": null, "score_porphyry": 2.6946149713336096, "rank_porphyry": 120, "dist_to_fault_km": 1.45, "dist_to_terrane_boundary_km": 28.18, "grid_id": "152_60", "year": 1987 }, "geometry": { "type": "Point", "coordinates": [ -132.76445, 58.51799 ] } },
{ "type": "Feature", "properties": { "sample_id": "ID104K871263", "latitude": 58.54927, "longitude": -132.80003, "rock_class": "intrusive rocks", "rock_type": "feldspar porphyritic intrusive rocks", "terrane": "Post Accretionary", "terrane_name": "Stikinia", "era": "Mesozoic", "copper_ppm": 68.14, "gold_ppm": 0.085, "molybdenum_ppm": 2.22, "arsenic_ppm": 391.2999878, "cobalt_ppm": 11.9, "score_porphyry": 1.4768307525089155, "rank_porphyry": 654, "dist_to_fault_km": 0.98, "dist_to_terrane_boundary_km": 30.54, "grid_id": "152_60", "year": 1987 }, "geometry": { "type": "Point", "coordinates": [ -132.80003, 58.54927 ] } },
{ "type": "Feature", "properties": { "sample_id": "ID104K871353", "latitude": 58.92575, "longitude": -132.69017, "rock_class": "volcanic rocks", "rock_type": "rhyolite, felsic volcanic rocks", "terrane": "Overlap", "terrane_name": "Stikinia", "era": "Cenozoic", "copper_ppm": 48.08, "gold_ppm": 0.022, "molybdenum_ppm": 6.0, "arsenic_ppm": 95.80000305, "cobalt_ppm": 38.5, "score_porphyry": 1.3791656512325017, "rank_porphyry": 814, "dist_to_fault_km": 0.93, "dist_to_terrane_boundary_km": 0.66, "grid_id": "156_61", "year": 1987 }, "geometry": { "type": "Point", "coordinates": [ -132.69017, 58.92575 ] } },
{ "type": "Feature", "properties": { "sample_id": "ID104K871375", "latitude": 58.68552, "longitude": -133.68121, "rock_class": "sedimentary rocks", "rock_type": "mudstone, siltstone, shale fine clastic sedimentary rocks", "terrane": "Stikinia", "terrane_name": "Stikinia", "era": "Paleozoic to Mesozoic", "copper_ppm": 104.3, "gold_ppm": 0.003, "molybdenum_ppm": 6.53, "arsenic_ppm": 79.90000153, "cobalt_ppm": 32.6, "score_porphyry": 1.6122758143994043, "rank_porphyry": 504, "dist_to_fault_km": 0.02, "dist_to_terrane_boundary_km": 0.21, "grid_id": "154_55", "year": 1987 }, "geometry": { "type": "Point", "coordinates": [ -133.68121, 58.68552 ] } },
{ "type": "Feature", "properties": { "sample_id": "ID104K871397", "latitude": 58.52389, "longitude": -133.45061, "rock_class": "sedimentary rocks", "rock_type": "coarse clastic sedimentary rocks", "terrane": "Stikinia", "terrane_name": "Stikinia", "era": "Paleozoic", "copper_ppm": 153.8, "gold_ppm": 0.002, "molybdenum_ppm": 4.9, "arsenic_ppm": 386.5, "cobalt_ppm": 27.7, "score_porphyry": 1.8230965862326789, "rank_porphyry": 349, "dist_to_fault_km": 2.67, "dist_to_terrane_boundary_km": 9.18, "grid_id": "152_56", "year": 1987 }, "geometry": { "type": "Point", "coordinates": [ -133.45061, 58.52389 ] } },
{ "type": "Feature", "properties": { "sample_id": "ID104K871406", "latitude": 58.49699, "longitude": -133.41284, "rock_class": "volcanic rocks", "rock_type": "volcaniclastic rocks", "terrane": "Stikinia", "terrane_name": "Stikinia", "era": "Paleozoic", "copper_ppm": 35.71, "gold_ppm": 0.009, "molybdenum_ppm": 27.93, "arsenic_ppm": 24.70000076, "cobalt_ppm": 6.9, "score_porphyry": 1.3096063486108749, "rank_porphyry": 950, "dist_to_fault_km": 0.07, "dist_to_terrane_boundary_km": 6.71, "grid_id": "152_56", "year": 1987 }, "geometry": { "type": "Point", "coordinates": [ -133.41284, 58.49699 ] } },
{ "type": "Feature", "properties": { "sample_id": "ID104K871424", "latitude": 58.63592, "longitude": -133.50806, "rock_class": "volcanic rocks", "rock_type": "volcaniclastic rocks", "terrane": "Stikinia", "terrane_name": "Stikinia", "era": "Paleozoic", "copper_ppm": 213.97, "gold_ppm": 0.081, "molybdenum_ppm": 2.58, "arsenic_ppm": 18.89999962, "cobalt_ppm": 32.8, "score_porphyry": 1.8723839653141923, "rank_porphyry": 317, "dist_to_fault_km": 0.56, "dist_to_terrane_boundary_km": 11.66, "grid_id": "153_56", "year": 1987 }, "geometry": { "type": "Point", "coordinates": [ -133.50806, 58.63592 ] } },
{ "type": "Feature", "properties": { "sample_id": "ID104K871435", "latitude": 58.98879, "longitude": -133.53071, "rock_class": "sedimentary rocks", "rock_type": "argillite, greywacke, wacke, conglomerate turbidites", "terrane": "Overlap", "terrane_name": "Stikinia", "era": "Mesozoic", "copper_ppm": 128.96, "gold_ppm": 0.008, "molybdenum_ppm": 7.49, "arsenic_ppm": 41.90000153, "cobalt_ppm": 26.7, "score_porphyry": 1.677936792039882, "rank_porphyry": 446, "dist_to_fault_km": 1.29, "dist_to_terrane_boundary_km": 17.04, "grid_id": "157_56", "year": 1987 }, "geometry": { "type": "Point", "coordinates": [ -133.53071, 58.98879 ] } },
{ "type": "Feature", "properties": { "sample_id": "ID104K871436", "latitude": 58.99653, "longitude": -133.44511, "rock_class": "sedimentary rocks", "rock_type": "argillite, greywacke, wacke, conglomerate turbidites", "terrane": "Overlap", "terrane_name": "Stikinia", "era": "Mesozoic", "copper_ppm": 128.89, "gold_ppm": 0.014, "molybdenum_ppm": 2.03, "arsenic_ppm": 47.5, "cobalt_ppm": 20.1, "score_porphyry": 1.2711224615841623, "rank_porphyry": 1020, "dist_to_fault_km": 4.46, "dist_to_terrane_boundary_km": 13.57, "grid_id": "157_57", "year": 1987 }, "geometry": { "type": "Point", "coordinates": [ -133.44511, 58.99653 ] } },
{ "type": "Feature", "properties": { "sample_id": "ID104K871452", "latitude": 58.92759, "longitude": -133.49991, "rock_class": "volcanic rocks", "rock_type": "coarse volcaniclastic and pyroclastic volcanic rocks", "terrane": "Overlap", "terrane_name": "Stikinia", "era": "Cenozoic", "copper_ppm": 94.33, "gold_ppm": 0.0005, "molybdenum_ppm": 3.82, "arsenic_ppm": 83.30000305, "cobalt_ppm": 23.0, "score_porphyry": 1.325820960996634, "rank_porphyry": 916, "dist_to_fault_km": 1.3, "dist_to_terrane_boundary_km": 14.56, "grid_id": "157_56", "year": 1987 }, "geometry": { "type": "Point", "coordinates": [ -133.49991, 58.92759 ] } },
{ "type": "Feature", "properties": { "sample_id": "ID104K871472", "latitude": 58.83209, "longitude": -133.57524, "rock_class": "sedimentary rocks", "rock_type": "coarse clastic sedimentary rocks", "terrane": "Stikinia", "terrane_name": "Stikinia", "era": "Paleozoic", "copper_ppm": 97.6, "gold_ppm": 0.022, "molybdenum_ppm": 8.53, "arsenic_ppm": 139.6000061, "cobalt_ppm": 22.0, "score_porphyry": 1.7576209558456757, "rank_porphyry": 388, "dist_to_fault_km": 0.23, "dist_to_terrane_boundary_km": 6.26, "grid_id": "156_56", "year": 1987 }, "geometry": { "type": "Point", "coordinates": [ -133.57524, 58.83209 ] } },
{ "type": "Feature", "properties": { "sample_id": "ID104K871473", "latitude": 58.83265, "longitude": -133.56959, "rock_class": "sedimentary rocks", "rock_type": "marine sedimentary and volcanic rocks", "terrane": "Stikinia", "terrane_name": "Stikinia", "era": "Mesozoic", "copper_ppm": 68.43, "gold_ppm": 0.077, "molybdenum_ppm": 4.35, "arsenic_ppm": 23.29999924, "cobalt_ppm": 14.9, "score_porphyry": 1.3849377525564359, "rank_porphyry": 802, "dist_to_fault_km": 0.0, "dist_to_terrane_boundary_km": 6.59, "grid_id": "156_56", "year": 1987 }, "geometry": { "type": "Point", "coordinates": [ -133.56959, 58.83265 ] } },
{ "type": "Feature", "properties": { "sample_id": "ID104K871474", "latitude": 58.8036, "longitude": -133.56888, "rock_class": "intrusive rocks", "rock_type": "granite, alkali feldspar granite intrusive rocks", "terrane": "Post Accretionary", "terrane_name": "Stikinia", "era": "Cenozoic", "copper_ppm": 82.35, "gold_ppm": 0.009, "molybdenum_ppm": 7.84, "arsenic_ppm": 101.4000015, "cobalt_ppm": 18.4, "score_porphyry": 1.5251900805456824, "rank_porphyry": 593, "dist_to_fault_km": 0.2, "dist_to_terrane_boundary_km": 5.27, "grid_id": "155_56", "year": 1987 }, "geometry": { "type": "Point", "coordinates": [ -133.56888, 58.8036 ] } },
{ "type": "Feature", "properties": { "sample_id": "ID104K871475", "latitude": 58.8036, "longitude": -133.56888, "rock_class": "intrusive rocks", "rock_type": "granite, alkali feldspar granite intrusive rocks", "terrane": "Post Accretionary", "terrane_name": "Stikinia", "era": "Cenozoic", "copper_ppm": 95.36, "gold_ppm": 0.019, "molybdenum_ppm": 9.92, "arsenic_ppm": 98.40000153, "cobalt_ppm": 19.0, "score_porphyry": 1.7242590829798885, "rank_porphyry": 417, "dist_to_fault_km": 0.2, "dist_to_terrane_boundary_km": 5.27, "grid_id": "155_56", "year": 1987 }, "geometry": { "type": "Point", "coordinates": [ -133.56888, 58.8036 ] } },
{ "type": "Feature", "properties": { "sample_id": "ID104K871478", "latitude": 58.80081, "longitude": -133.5943, "rock_class": "volcanic rocks", "rock_type": "undivided volcanic rocks", "terrane": "Stikinia", "terrane_name": "Stikinia", "era": "Paleozoic to Mesozoic", "copper_ppm": 137.69, "gold_ppm": 0.024, "molybdenum_ppm": 6.51, "arsenic_ppm": 131.1999969, "cobalt_ppm": 41.7, "score_porphyry": 1.9330492444047449, "rank_porphyry": 293, "dist_to_fault_km": 0.05, "dist_to_terrane_boundary_km": 3.91, "grid_id": "155_56", "year": 1987 }, "geometry": { "type": "Point", "coordinates": [ -133.5943, 58.80081 ] } },
{ "type": "Feature", "properties": { "sample_id": "ID104K873107", "latitude": 58.31711, "longitude": -132.6957, "rock_class": "intrusive rocks", "rock_type": "quartz dioritic intrusive rocks", "terrane": "Stikinia", "terrane_name": "Stikinia", "era": "Mesozoic", "copper_ppm": 188.37, "gold_ppm": 0.017, "molybdenum_ppm": 18.1, "arsenic_ppm": 4.199999809, "cobalt_ppm": 14.5, "score_porphyry": 1.8828762689634129, "rank_porphyry": 313, "dist_to_fault_km": 5.91, "dist_to_terrane_boundary_km": 11.06, "grid_id": "149_60", "year": 1987 }, "geometry": { "type": "Point", "coordinates": [ -132.6957, 58.31711 ] } },
{ "type": "Feature", "properties": { "sample_id": "ID104K873108", "latitude": 58.34351, "longitude": -132.66426, "rock_class": "intrusive rocks", "rock_type": "quartz dioritic intrusive rocks", "terrane": "Stikinia", "terrane_name": "Stikinia", "era": "Mesozoic", "copper_ppm": 132.65, "gold_ppm": 0.102, "molybdenum_ppm": 2.64, "arsenic_ppm": 9.399999619000001, "cobalt_ppm": 13.5, "score_porphyry": 1.5403300735204304, "rank_porphyry": 579, "dist_to_fault_km": 9.27, "dist_to_terrane_boundary_km": 14.32, "grid_id": "150_61", "year": 1987 }, "geometry": { "type": "Point", "coordinates": [ -132.66426, 58.34351 ] } },
{ "type": "Feature", "properties": { "sample_id": "ID104K873109", "latitude": 58.34351, "longitude": -132.66426, "rock_class": "intrusive rocks", "rock_type": "quartz dioritic intrusive rocks", "terrane": "Stikinia", "terrane_name": "Stikinia", "era": "Mesozoic", "copper_ppm": null, "gold_ppm": 0.364, "molybdenum_ppm": null, "arsenic_ppm": null, "cobalt_ppm": null, "score_porphyry": 1.5141567916529393, "rank_porphyry": 606, "dist_to_fault_km": 9.27, "dist_to_terrane_boundary_km": 14.32, "grid_id": "150_61", "year": 1987 }, "geometry": { "type": "Point", "coordinates": [ -132.66426, 58.34351 ] } },
{ "type": "Feature", "properties": { "sample_id": "ID104K873110", "latitude": 58.34291, "longitude": -132.6149, "rock_class": "intrusive rocks", "rock_type": "quartz dioritic intrusive rocks", "terrane": "Stikinia", "terrane_name": "Stikinia", "era": "Mesozoic", "copper_ppm": 113.78, "gold_ppm": 0.165, "molybdenum_ppm": 0.97, "arsenic_ppm": 5.800000191, "cobalt_ppm": 9.7, "score_porphyry": 1.4102110857743901, "rank_porphyry": 751, "dist_to_fault_km": 7.1, "dist_to_terrane_boundary_km": 16.59, "grid_id": "150_61", "year": 1987 }, "geometry": { "type": "Point", "coordinates": [ -132.6149, 58.34291 ] } },
{ "type": "Feature", "properties": { "sample_id": "ID104K873112", "latitude": 58.31738, "longitude": -132.6374, "rock_class": "intrusive rocks", "rock_type": "quartz dioritic intrusive rocks", "terrane": "Stikinia", "terrane_name": "Stikinia", "era": "Mesozoic", "copper_ppm": 98.31, "gold_ppm": 0.008, "molybdenum_ppm": 12.71, "arsenic_ppm": 3.2000000480000002, "cobalt_ppm": 14.3, "score_porphyry": 1.3929658061613419, "rank_porphyry": 791, "dist_to_fault_km": 8.8, "dist_to_terrane_boundary_km": 14.0, "grid_id": "149_61", "year": 1987 }, "geometry": { "type": "Point", "coordinates": [ -132.6374, 58.31738 ] } },
{ "type": "Feature", "properties": { "sample_id": "ID104K873162", "latitude": 58.17389, "longitude": -132.23371, "rock_class": "sedimentary rocks", "rock_type": "marine sedimentary and volcanic rocks", "terrane": "Stikinia", "terrane_name": "Stikinia", "era": "Mesozoic", "copper_ppm": 161.28, "gold_ppm": 0.0005, "molybdenum_ppm": 3.76, "arsenic_ppm": 23.5, "cobalt_ppm": 30.2, "score_porphyry": 1.479014230215121, "rank_porphyry": 650, "dist_to_fault_km": 0.54, "dist_to_terrane_boundary_km": 21.75, "grid_id": "148_63", "year": 1987 }, "geometry": { "type": "Point", "coordinates": [ -132.23371, 58.17389 ] } },
{ "type": "Feature", "properties": { "sample_id": "ID104K873197", "latitude": 58.52522, "longitude": -132.23803, "rock_class": "sedimentary rocks", "rock_type": "argillite, greywacke, wacke, conglomerate turbidites", "terrane": "Overlap", "terrane_name": "Stikinia", "era": "Mesozoic", "copper_ppm": 159.93, "gold_ppm": 0.013, "molybdenum_ppm": 2.43, "arsenic_ppm": 113.1999969, "cobalt_ppm": 27.3, "score_porphyry": 1.5535355739076184, "rank_porphyry": 566, "dist_to_fault_km": 8.8, "dist_to_terrane_boundary_km": 29.32, "grid_id": "152_63", "year": 1987 }, "geometry": { "type": "Point", "coordinates": [ -132.23803, 58.52522 ] } },
{ "type": "Feature", "properties": { "sample_id": "ID104K873217", "latitude": 58.63466, "longitude": -132.87493, "rock_class": "volcanic rocks", "rock_type": "undivided volcanic rocks", "terrane": "Stikinia", "terrane_name": "Stikinia", "era": "Mesozoic", "copper_ppm": 123.35, "gold_ppm": 0.016, "molybdenum_ppm": 11.69, "arsenic_ppm": 63.0, "cobalt_ppm": 20.3, "score_porphyry": 1.8485106901198316, "rank_porphyry": 331, "dist_to_fault_km": 8.62, "dist_to_terrane_boundary_km": 34.09, "grid_id": "153_60", "year": 1987 }, "geometry": { "type": "Point", "coordinates": [ -132.87493, 58.63466 ] } },
{ "type": "Feature", "properties": { "sample_id": "ID104K873224", "latitude": 58.64512, "longitude": -132.98518, "rock_class": "sedimentary rocks", "rock_type": "conglomerate, coarse clastic sedimentary rocks", "terrane": "Overlap", "terrane_name": "Stikinia", "era": "Mesozoic", "copper_ppm": 81.75, "gold_ppm": 0.008, "molybdenum_ppm": 4.59, "arsenic_ppm": 61.0, "cobalt_ppm": 19.0, "score_porphyry": 1.2917216870374146, "rank_porphyry": 976, "dist_to_fault_km": 2.83, "dist_to_terrane_boundary_km": 33.06, "grid_id": "153_59", "year": 1987 }, "geometry": { "type": "Point", "coordinates": [ -132.98518, 58.64512 ] } },
{ "type": "Feature", "properties": { "sample_id": "ID104K873225", "latitude": 58.66187, "longitude": -132.97947, "rock_class": "sedimentary rocks", "rock_type": "conglomerate, coarse clastic sedimentary rocks", "terrane": "Overlap", "terrane_name": "Stikinia", "era": "Mesozoic", "copper_ppm": 115.88, "gold_ppm": 0.006, "molybdenum_ppm": 7.24, "arsenic_ppm": 15.5, "cobalt_ppm": 10.9, "score_porphyry": 1.3576493192692942, "rank_porphyry": 848, "dist_to_fault_km": 2.85, "dist_to_terrane_boundary_km": 32.45, "grid_id": "153_59", "year": 1987 }, "geometry": { "type": "Point", "coordinates": [ -132.97947, 58.66187 ] } },
{ "type": "Feature", "properties": { "sample_id": "ID104K873231", "latitude": 58.70676, "longitude": -132.93683, "rock_class": "sedimentary rocks", "rock_type": "conglomerate, coarse clastic sedimentary rocks", "terrane": "Overlap", "terrane_name": "Stikinia", "era": "Mesozoic", "copper_ppm": 333.51, "gold_ppm": 0.069, "molybdenum_ppm": 25.35, "arsenic_ppm": 87.0, "cobalt_ppm": 33.8, "score_porphyry": 2.9538747393286049, "rank_porphyry": 86, "dist_to_fault_km": 2.83, "dist_to_terrane_boundary_km": 26.94, "grid_id": "154_59", "year": 1987 }, "geometry": { "type": "Point", "coordinates": [ -132.93683, 58.70676 ] } },
{ "type": "Feature", "properties": { "sample_id": "ID104K873284", "latitude": 58.70556, "longitude": -133.39513, "rock_class": "sedimentary rocks", "rock_type": "conglomerate, coarse clastic sedimentary rocks", "terrane": "Overlap", "terrane_name": "Stikinia", "era": "Mesozoic", "copper_ppm": 79.23, "gold_ppm": 0.0005, "molybdenum_ppm": 3.91, "arsenic_ppm": 136.8999939, "cobalt_ppm": 19.7, "score_porphyry": 1.2801659673051267, "rank_porphyry": 1005, "dist_to_fault_km": 0.65, "dist_to_terrane_boundary_km": 14.71, "grid_id": "154_57", "year": 1987 }, "geometry": { "type": "Point", "coordinates": [ -133.39513, 58.70556 ] } },
{ "type": "Feature", "properties": { "sample_id": "ID104K873347", "latitude": 58.76148, "longitude": -133.19525, "rock_class": "sedimentary rocks", "rock_type": "undivided sedimentary rocks", "terrane": "Stikinia", "terrane_name": "Stikinia", "era": "Mesozoic", "copper_ppm": 97.81, "gold_ppm": 0.019, "molybdenum_ppm": 13.72, "arsenic_ppm": 46.40000153, "cobalt_ppm": 19.1, "score_porphyry": 1.7749220522166185, "rank_porphyry": 377, "dist_to_fault_km": 1.47, "dist_to_terrane_boundary_km": 24.82, "grid_id": "155_58", "year": 1987 }, "geometry": { "type": "Point", "coordinates": [ -133.19525, 58.76148 ] } },
{ "type": "Feature", "properties": { "sample_id": "ID104K873356", "latitude": 58.7642, "longitude": -133.26597, "rock_class": "sedimentary rocks", "rock_type": "undivided sedimentary rocks", "terrane": "Stikinia", "terrane_name": "Stikinia", "era": "Mesozoic", "copper_ppm": 106.33, "gold_ppm": 0.052, "molybdenum_ppm": 1.97, "arsenic_ppm": 220.1999969, "cobalt_ppm": 19.2, "score_porphyry": 1.511005911675209, "rank_porphyry": 612, "dist_to_fault_km": 1.64, "dist_to_terrane_boundary_km": 20.72, "grid_id": "155_58", "year": 1987 }, "geometry": { "type": "Point", "coordinates": [ -133.26597, 58.7642 ] } },
{ "type": "Feature", "properties": { "sample_id": "ID104K873359", "latitude": 58.74357, "longitude": -133.33884, "rock_class": "sedimentary rocks", "rock_type": "argillite, greywacke, wacke, conglomerate turbidites", "terrane": "Overlap", "terrane_name": "Stikinia", "era": "Mesozoic", "copper_ppm": 151.91, "gold_ppm": 0.215, "molybdenum_ppm": 3.54, "arsenic_ppm": 103.3000031, "cobalt_ppm": 17.3, "score_porphyry": 2.4551111377831716, "rank_porphyry": 153, "dist_to_fault_km": 0.8, "dist_to_terrane_boundary_km": 16.65, "grid_id": "155_57", "year": 1987 }, "geometry": { "type": "Point", "coordinates": [ -133.33884, 58.74357 ] } },
{ "type": "Feature", "properties": { "sample_id": "ID104K873387", "latitude": 58.71269, "longitude": -133.1119, "rock_class": "sedimentary rocks", "rock_type": "conglomerate, coarse clastic sedimentary rocks", "terrane": "Stikinia", "terrane_name": "Stikinia", "era": "Mesozoic", "copper_ppm": 53.81, "gold_ppm": 0.305, "molybdenum_ppm": 1.64, "arsenic_ppm": 170.5, "cobalt_ppm": 12.6, "score_porphyry": 2.1340455404802983, "rank_porphyry": 225, "dist_to_fault_km": 0.32, "dist_to_terrane_boundary_km": 29.42, "grid_id": "154_58", "year": 1987 }, "geometry": { "type": "Point", "coordinates": [ -133.1119, 58.71269 ] } },
{ "type": "Feature", "properties": { "sample_id": "ID104K873389", "latitude": 58.70046, "longitude": -133.06323, "rock_class": "sedimentary rocks", "rock_type": "conglomerate, coarse clastic sedimentary rocks", "terrane": "Stikinia", "terrane_name": "Stikinia", "era": "Mesozoic", "copper_ppm": null, "gold_ppm": 0.602, "molybdenum_ppm": null, "arsenic_ppm": null, "cobalt_ppm": null, "score_porphyry": 2.3128725318699099, "rank_porphyry": 175, "dist_to_fault_km": 0.15, "dist_to_terrane_boundary_km": 29.95, "grid_id": "154_59", "year": 1987 }, "geometry": { "type": "Point", "coordinates": [ -133.06323, 58.70046 ] } },
{ "type": "Feature", "properties": { "sample_id": "ID104N777020", "latitude": 59.64244207, "longitude": -132.8392969, "rock_class": "intrusive rocks", "rock_type": "granite, alkali feldspar granite intrusive rocks", "terrane": "Post Accretionary", "terrane_name": "Cache Creek", "era": "Mesozoic", "copper_ppm": 291.95, "gold_ppm": 0.0008, "molybdenum_ppm": 7.39, "arsenic_ppm": 9.8, "cobalt_ppm": 1.9, "score_porphyry": 1.4588050405412583, "rank_porphyry": 684, "dist_to_fault_km": 0.8, "dist_to_terrane_boundary_km": 36.69, "grid_id": "164_61", "year": 1977 }, "geometry": { "type": "Point", "coordinates": [ -132.8392969, 59.64244207 ] } },
{ "type": "Feature", "properties": { "sample_id": "ID104N777039", "latitude": 59.54927611, "longitude": -133.4920257, "rock_class": "volcanic rocks", "rock_type": "basaltic volcanic rocks", "terrane": "Cache Creek", "terrane_name": "Cache Creek", "era": "Paleozoic", "copper_ppm": 47.6, "gold_ppm": 0.2033, "molybdenum_ppm": 1.53, "arsenic_ppm": 11.4, "cobalt_ppm": 22.3, "score_porphyry": 1.480713548814923, "rank_porphyry": 646, "dist_to_fault_km": 0.17, "dist_to_terrane_boundary_km": 21.52, "grid_id": "164_57", "year": 1977 }, "geometry": { "type": "Point", "coordinates": [ -133.4920257, 59.54927611 ] } },
{ "type": "Feature", "properties": { "sample_id": "ID104N777117", "latitude": 59.86780726, "longitude": -132.2047743, "rock_class": "volcanic rocks", "rock_type": "basaltic volcanic rocks", "terrane": "Yukon-Tanana", "terrane_name": "Yukon-Tanana", "era": "Paleozoic", "copper_ppm": 105.01, "gold_ppm": 0.0033, "molybdenum_ppm": 19.49, "arsenic_ppm": 124.3, "cobalt_ppm": 17.7, "score_porphyry": 1.9472179797366485, "rank_porphyry": 289, "dist_to_fault_km": 6.21, "dist_to_terrane_boundary_km": 6.26, "grid_id": "166_65", "year": 1977 }, "geometry": { "type": "Point", "coordinates": [ -132.204774300000025, 59.867807260000014 ] } },
{ "type": "Feature", "properties": { "sample_id": "ID104N777212", "latitude": 59.83587927, "longitude": -133.5256551, "rock_class": "intrusive rocks", "rock_type": "tonalite intrusive rocks", "terrane": "Post Accretionary", "terrane_name": "Cache Creek", "era": "Mesozoic", "copper_ppm": 28.55, "gold_ppm": 0.0069, "molybdenum_ppm": 26.02, "arsenic_ppm": 248.0, "cobalt_ppm": 7.8, "score_porphyry": 1.4318048045724432, "rank_porphyry": 720, "dist_to_fault_km": 13.54, "dist_to_terrane_boundary_km": 37.05, "grid_id": "167_57", "year": 1977 }, "geometry": { "type": "Point", "coordinates": [ -133.5256551, 59.835879269999978 ] } },
{ "type": "Feature", "properties": { "sample_id": "ID104N777213", "latitude": 59.81016407, "longitude": -133.5350637, "rock_class": "intrusive rocks", "rock_type": "tonalite intrusive rocks", "terrane": "Post Accretionary", "terrane_name": "Cache Creek", "era": "Mesozoic", "copper_ppm": 39.29, "gold_ppm": 0.0109, "molybdenum_ppm": 20.91, "arsenic_ppm": 199.6, "cobalt_ppm": 6.6, "score_porphyry": 1.4615894323778862, "rank_porphyry": 681, "dist_to_fault_km": 12.57, "dist_to_terrane_boundary_km": 34.91, "grid_id": "166_57", "year": 1977 }, "geometry": { "type": "Point", "coordinates": [ -133.5350637, 59.810164069999985 ] } },
{ "type": "Feature", "properties": { "sample_id": "ID104N779022", "latitude": 59.44361586, "longitude": -133.119339, "rock_class": "sedimentary rocks", "rock_type": "chert, siliceous argillite, siliciclastic rocks", "terrane": "Cache Creek", "terrane_name": "Cache Creek", "era": "Paleozoic to Mesozoic", "copper_ppm": 66.58, "gold_ppm": 0.2343, "molybdenum_ppm": 0.99, "arsenic_ppm": 3.8, "cobalt_ppm": 8.1, "score_porphyry": 1.3958977427503514, "rank_porphyry": 786, "dist_to_fault_km": 0.29, "dist_to_terrane_boundary_km": 32.19, "grid_id": "162_59", "year": 1977 }, "geometry": { "type": "Point", "coordinates": [ -133.119339, 59.44361586 ] } },
{ "type": "Feature", "properties": { "sample_id": "ID104N779036", "latitude": 59.33009399, "longitude": -132.9846152, "rock_class": "sedimentary rocks", "rock_type": "chert, siliceous argillite, siliciclastic rocks", "terrane": "Cache Creek", "terrane_name": "Cache Creek", "era": "Paleozoic to Mesozoic", "copper_ppm": 34.61, "gold_ppm": 0.3232, "molybdenum_ppm": 1.91, "arsenic_ppm": 2.4, "cobalt_ppm": 6.5, "score_porphyry": 1.5282909760125869, "rank_porphyry": 589, "dist_to_fault_km": 7.28, "dist_to_terrane_boundary_km": 30.71, "grid_id": "161_60", "year": 1977 }, "geometry": { "type": "Point", "coordinates": [ -132.9846152, 59.330093989999966 ] } },
{ "type": "Feature", "properties": { "sample_id": "ID104N779064", "latitude": 59.62275999, "longitude": -133.246464, "rock_class": "intrusive rocks", "rock_type": "granite, alkali feldspar granite intrusive rocks", "terrane": "Post Accretionary", "terrane_name": "Cache Creek", "era": "Mesozoic", "copper_ppm": 58.51, "gold_ppm": 0.0048, "molybdenum_ppm": 22.5, "arsenic_ppm": 17.0, "cobalt_ppm": 15.0, "score_porphyry": 1.5152865149570673, "rank_porphyry": 604, "dist_to_fault_km": 4.4, "dist_to_terrane_boundary_km": 37.64, "grid_id": "164_59", "year": 1977 }, "geometry": { "type": "Point", "coordinates": [ -133.246464, 59.62275999 ] } },
{ "type": "Feature", "properties": { "sample_id": "ID104N779178", "latitude": 59.54187679, "longitude": -132.9269395, "rock_class": "sedimentary rocks", "rock_type": "chert, siliceous argillite, siliciclastic rocks", "terrane": "Cache Creek", "terrane_name": "Cache Creek", "era": "Paleozoic to Mesozoic", "copper_ppm": 89.98, "gold_ppm": 0.0074, "molybdenum_ppm": 10.95, "arsenic_ppm": 17.3, "cobalt_ppm": 14.4, "score_porphyry": 1.4524171656634903, "rank_porphyry": 693, "dist_to_fault_km": 0.92, "dist_to_terrane_boundary_km": 45.15, "grid_id": "163_60", "year": 1977 }, "geometry": { "type": "Point", "coordinates": [ -132.9269395, 59.541876789999975 ] } },
{ "type": "Feature", "properties": { "sample_id": "ID104N779182", "latitude": 59.52642726, "longitude": -132.9903049, "rock_class": "sedimentary rocks", "rock_type": "mudstone/laminite fine clastic sedimentary rocks", "terrane": "Cache Creek", "terrane_name": "Cache Creek", "era": "Paleozoic to Mesozoic", "copper_ppm": 126.94, "gold_ppm": 0.003, "molybdenum_ppm": 13.43, "arsenic_ppm": 35.9, "cobalt_ppm": 17.9, "score_porphyry": 1.7683351287782783, "rank_porphyry": 381, "dist_to_fault_km": 0.02, "dist_to_terrane_boundary_km": 43.5, "grid_id": "163_60", "year": 1977 }, "geometry": { "type": "Point", "coordinates": [ -132.990304900000012, 59.526427259999984 ] } },
{ "type": "Feature", "properties": { "sample_id": "ID104N779188", "latitude": 59.48975951, "longitude": -132.8518894, "rock_class": "sedimentary rocks", "rock_type": "chert, siliceous argillite, siliciclastic rocks", "terrane": "Cache Creek", "terrane_name": "Cache Creek", "era": "Paleozoic to Mesozoic", "copper_ppm": 154.15, "gold_ppm": 0.009, "molybdenum_ppm": 13.06, "arsenic_ppm": 31.6, "cobalt_ppm": 10.8, "score_porphyry": 1.7781981473834165, "rank_porphyry": 374, "dist_to_fault_km": 3.35, "dist_to_terrane_boundary_km": 44.04, "grid_id": "163_61", "year": 1977 }, "geometry": { "type": "Point", "coordinates": [ -132.8518894, 59.489759509999985 ] } },
{ "type": "Feature", "properties": { "sample_id": "ID104N779198", "latitude": 59.44624509, "longitude": -132.8344518, "rock_class": "sedimentary rocks", "rock_type": "chert, siliceous argillite, siliciclastic rocks", "terrane": "Cache Creek", "terrane_name": "Cache Creek", "era": "Paleozoic to Mesozoic", "copper_ppm": 94.2, "gold_ppm": 0.0042, "molybdenum_ppm": 14.9, "arsenic_ppm": 33.4, "cobalt_ppm": 9.4, "score_porphyry": 1.5643145244104912, "rank_porphyry": 553, "dist_to_fault_km": 7.48, "dist_to_terrane_boundary_km": 45.32, "grid_id": "162_61", "year": 1977 }, "geometry": { "type": "Point", "coordinates": [ -132.834451800000011, 59.446245089999984 ] } },
{ "type": "Feature", "properties": { "sample_id": "ID104N779200", "latitude": 59.46038574, "longitude": -132.8519362, "rock_class": "sedimentary rocks", "rock_type": "chert, siliceous argillite, siliciclastic rocks", "terrane": "Cache Creek", "terrane_name": "Cache Creek", "era": "Paleozoic to Mesozoic", "copper_ppm": 201.67, "gold_ppm": 0.0048, "molybdenum_ppm": 6.96, "arsenic_ppm": 30.1, "cobalt_ppm": 31.6, "score_porphyry": 1.8335784949918832, "rank_porphyry": 339, "dist_to_fault_km": 6.21, "dist_to_terrane_boundary_km": 45.47, "grid_id": "162_61", "year": 1977 }, "geometry": { "type": "Point", "coordinates": [ -132.851936200000011, 59.460385739999985 ] } },
{ "type": "Feature", "properties": { "sample_id": "ID104N779202", "latitude": 59.46345614, "longitude": -132.8732382, "rock_class": "sedimentary rocks", "rock_type": "chert, siliceous argillite, siliciclastic rocks", "terrane": "Cache Creek", "terrane_name": "Cache Creek", "era": "Paleozoic to Mesozoic", "copper_ppm": 83.09, "gold_ppm": 0.0024, "molybdenum_ppm": 13.63, "arsenic_ppm": 37.2, "cobalt_ppm": 9.0, "score_porphyry": 1.4708689910495696, "rank_porphyry": 666, "dist_to_fault_km": 6.04, "dist_to_terrane_boundary_km": 44.71, "grid_id": "162_61", "year": 1977 }, "geometry": { "type": "Point", "coordinates": [ -132.8732382, 59.46345613999997 ] } },
{ "type": "Feature", "properties": { "sample_id": "ID104N779203", "latitude": 59.46345614, "longitude": -132.8732382, "rock_class": "sedimentary rocks", "rock_type": "chert, siliceous argillite, siliciclastic rocks", "terrane": "Cache Creek", "terrane_name": "Cache Creek", "era": "Paleozoic to Mesozoic", "copper_ppm": 81.64, "gold_ppm": 0.0022, "molybdenum_ppm": 12.89, "arsenic_ppm": 32.5, "cobalt_ppm": 8.7, "score_porphyry": 1.4226390927748647, "rank_porphyry": 734, "dist_to_fault_km": 6.04, "dist_to_terrane_boundary_km": 44.71, "grid_id": "162_61", "year": 1977 }, "geometry": { "type": "Point", "coordinates": [ -132.8732382, 59.46345613999997 ] } },
{ "type": "Feature", "properties": { "sample_id": "ID104N779363", "latitude": 59.6989446, "longitude": -133.3390845, "rock_class": "sedimentary rocks", "rock_type": "chert, siliceous argillite, siliciclastic rocks", "terrane": "Cache Creek", "terrane_name": "Cache Creek", "era": "Paleozoic to Mesozoic", "copper_ppm": 52.26, "gold_ppm": 0.0048, "molybdenum_ppm": 20.12, "arsenic_ppm": 62.3, "cobalt_ppm": 22.7, "score_porphyry": 1.625427802218552, "rank_porphyry": 486, "dist_to_fault_km": 2.5, "dist_to_terrane_boundary_km": 37.22, "grid_id": "165_58", "year": 1977 }, "geometry": { "type": "Point", "coordinates": [ -133.339084500000013, 59.698944599999983 ] } },
{ "type": "Feature", "properties": { "sample_id": "ID104N779365", "latitude": 59.70952473, "longitude": -133.3526214, "rock_class": "ultramafic rocks", "rock_type": "ultramafic rocks", "terrane": "Cache Creek", "terrane_name": "Cache Creek", "era": "Paleozoic", "copper_ppm": 228.34, "gold_ppm": 0.0136, "molybdenum_ppm": 4.99, "arsenic_ppm": 165.1, "cobalt_ppm": 20.1, "score_porphyry": 1.9204475455553256, "rank_porphyry": 296, "dist_to_fault_km": 1.88, "dist_to_terrane_boundary_km": 37.23, "grid_id": "165_58", "year": 1977 }, "geometry": { "type": "Point", "coordinates": [ -133.3526214, 59.709524729999984 ] } },
{ "type": "Feature", "properties": { "sample_id": "ID104N779366", "latitude": 59.72016154, "longitude": -133.3861152, "rock_class": "intrusive rocks", "rock_type": "granite, alkali feldspar granite intrusive rocks", "terrane": "Post Accretionary", "terrane_name": "Cache Creek", "era": "Mesozoic", "copper_ppm": 25.71, "gold_ppm": 0.003, "molybdenum_ppm": 70.17, "arsenic_ppm": 54.3, "cobalt_ppm": 1.9, "score_porphyry": 1.3875250352885027, "rank_porphyry": 798, "dist_to_fault_km": 0.14, "dist_to_terrane_boundary_km": 36.32, "grid_id": "165_58", "year": 1977 }, "geometry": { "type": "Point", "coordinates": [ -133.3861152, 59.720161539999971 ] } },
{ "type": "Feature", "properties": { "sample_id": "ID104N779367", "latitude": 59.72295359, "longitude": -133.3714694, "rock_class": "intrusive rocks", "rock_type": "granite, alkali feldspar granite intrusive rocks", "terrane": "Post Accretionary", "terrane_name": "Cache Creek", "era": "Mesozoic", "copper_ppm": 167.79, "gold_ppm": 0.0163, "molybdenum_ppm": 7.19, "arsenic_ppm": 129.9, "cobalt_ppm": 23.7, "score_porphyry": 1.9195544991681928, "rank_porphyry": 298, "dist_to_fault_km": 0.39, "dist_to_terrane_boundary_km": 37.18, "grid_id": "165_58", "year": 1977 }, "geometry": { "type": "Point", "coordinates": [ -133.3714694, 59.72295359 ] } },
{ "type": "Feature", "properties": { "sample_id": "ID104N779537", "latitude": 59.00378332, "longitude": -133.4740129, "rock_class": "sedimentary rocks", "rock_type": "argillite, greywacke, wacke, conglomerate turbidites", "terrane": "Overlap", "terrane_name": "Stikinia", "era": "Mesozoic", "copper_ppm": 112.1, "gold_ppm": 0.0069, "molybdenum_ppm": 2.6, "arsenic_ppm": 84.7, "cobalt_ppm": 23.5, "score_porphyry": 1.3268622679922888, "rank_porphyry": 914, "dist_to_fault_km": 4.18, "dist_to_terrane_boundary_km": 14.25, "grid_id": "158_57", "year": 1977 }, "geometry": { "type": "Point", "coordinates": [ -133.4740129, 59.003783319999989 ] } },
{ "type": "Feature", "properties": { "sample_id": "ID104N779718", "latitude": 59.7333149, "longitude": -133.4521711, "rock_class": "intrusive rocks", "rock_type": "tonalite intrusive rocks", "terrane": "Post Accretionary", "terrane_name": "Cache Creek", "era": "Mesozoic", "copper_ppm": 149.67, "gold_ppm": 0.0047, "molybdenum_ppm": 4.54, "arsenic_ppm": 322.7, "cobalt_ppm": 10.5, "score_porphyry": 1.6178632882504438, "rank_porphyry": 495, "dist_to_fault_km": 3.26, "dist_to_terrane_boundary_km": 34.03, "grid_id": "166_58", "year": 1977 }, "geometry": { "type": "Point", "coordinates": [ -133.452171100000015, 59.733314899999982 ] } },
{ "type": "Feature", "properties": { "sample_id": "ID104N779720", "latitude": 59.75719969, "longitude": -133.4267673, "rock_class": "intrusive rocks", "rock_type": "tonalite intrusive rocks", "terrane": "Post Accretionary", "terrane_name": "Cache Creek", "era": "Mesozoic", "copper_ppm": 240.33, "gold_ppm": 0.0412, "molybdenum_ppm": 47.31, "arsenic_ppm": 63.3, "cobalt_ppm": 23.8, "score_porphyry": 2.8174777710344792, "rank_porphyry": 99, "dist_to_fault_km": 4.52, "dist_to_terrane_boundary_km": 36.7, "grid_id": "166_58", "year": 1977 }, "geometry": { "type": "Point", "coordinates": [ -133.4267673, 59.75719969 ] } },
{ "type": "Feature", "properties": { "sample_id": "ID104N779748", "latitude": 59.77140944, "longitude": -133.4679495, "rock_class": "intrusive rocks", "rock_type": "tonalite intrusive rocks", "terrane": "Post Accretionary", "terrane_name": "Cache Creek", "era": "Mesozoic", "copper_ppm": 86.48, "gold_ppm": 0.0033, "molybdenum_ppm": 8.61, "arsenic_ppm": 28.7, "cobalt_ppm": 15.7, "score_porphyry": 1.3949297667816332, "rank_porphyry": 788, "dist_to_fault_km": 7.19, "dist_to_terrane_boundary_km": 35.64, "grid_id": "166_58", "year": 1977 }, "geometry": { "type": "Point", "coordinates": [ -133.4679495, 59.77140944 ] } },
{ "type": "Feature", "properties": { "sample_id": "ID104N779767", "latitude": 59.86108339, "longitude": -133.5437355, "rock_class": "intrusive rocks", "rock_type": "tonalite intrusive rocks", "terrane": "Post Accretionary", "terrane_name": "Cache Creek", "era": "Mesozoic", "copper_ppm": 22.31, "gold_ppm": 0.0042, "molybdenum_ppm": 35.01, "arsenic_ppm": 53.3, "cobalt_ppm": 24.4, "score_porphyry": 1.4519957400568064, "rank_porphyry": 694, "dist_to_fault_km": 16.1, "dist_to_terrane_boundary_km": 37.96, "grid_id": "167_57", "year": 1977 }, "geometry": { "type": "Point", "coordinates": [ -133.5437355, 59.861083389999969 ] } },
{ "type": "Feature", "properties": { "sample_id": "ID104N779769", "latitude": 59.8289346, "longitude": -133.6172802, "rock_class": "intrusive rocks", "rock_type": "tonalite intrusive rocks", "terrane": "Post Accretionary", "terrane_name": "Cache Creek", "era": "Mesozoic", "copper_ppm": 39.69, "gold_ppm": 0.0062, "molybdenum_ppm": 15.09, "arsenic_ppm": 246.7, "cobalt_ppm": 4.8, "score_porphyry": 1.2968670520255055, "rank_porphyry": 967, "dist_to_fault_km": 15.22, "dist_to_terrane_boundary_km": 32.5, "grid_id": "167_57", "year": 1977 }, "geometry": { "type": "Point", "coordinates": [ -133.61728020000001, 59.8289346 ] } },
{ "type": "Feature", "properties": { "sample_id": "ID104N779796", "latitude": 59.7658883, "longitude": -132.5430183, "rock_class": "sedimentary rocks", "rock_type": "chert, siliceous argillite, siliciclastic rocks", "terrane": "Cache Creek", "terrane_name": "Cache Creek", "era": "Paleozoic to Mesozoic", "copper_ppm": 120.39, "gold_ppm": 0.0101, "molybdenum_ppm": 10.9, "arsenic_ppm": 41.8, "cobalt_ppm": 24.6, "score_porphyry": 1.7743018123436203, "rank_porphyry": 379, "dist_to_fault_km": 4.52, "dist_to_terrane_boundary_km": 15.76, "grid_id": "165_63", "year": 1977 }, "geometry": { "type": "Point", "coordinates": [ -132.5430183, 59.7658883 ] } },
{ "type": "Feature", "properties": { "sample_id": "ID104N779857", "latitude": 59.53414918, "longitude": -132.7225864, "rock_class": "sedimentary rocks", "rock_type": "chert, siliceous argillite, siliciclastic rocks", "terrane": "Cache Creek", "terrane_name": "Cache Creek", "era": "Paleozoic to Mesozoic", "copper_ppm": 98.79, "gold_ppm": 0.0072, "molybdenum_ppm": 9.0, "arsenic_ppm": 21.7, "cobalt_ppm": 14.3, "score_porphyry": 1.4454743065148212, "rank_porphyry": 703, "dist_to_fault_km": 4.98, "dist_to_terrane_boundary_km": 35.2, "grid_id": "163_61", "year": 1977 }, "geometry": { "type": "Point", "coordinates": [ -132.722586400000012, 59.534149180000014 ] } },
{ "type": "Feature", "properties": { "sample_id": "ID104N779858", "latitude": 59.51235263, "longitude": -132.7624831, "rock_class": "sedimentary rocks", "rock_type": "chert, siliceous argillite, siliciclastic rocks", "terrane": "Cache Creek", "terrane_name": "Cache Creek", "era": "Paleozoic to Mesozoic", "copper_ppm": 184.15, "gold_ppm": 0.0072, "molybdenum_ppm": 14.55, "arsenic_ppm": 52.5, "cobalt_ppm": 26.5, "score_porphyry": 2.0912611046736034, "rank_porphyry": 240, "dist_to_fault_km": 2.43, "dist_to_terrane_boundary_km": 38.41, "grid_id": "163_61", "year": 1977 }, "geometry": { "type": "Point", "coordinates": [ -132.7624831, 59.512352629999974 ] } },
{ "type": "Feature", "properties": { "sample_id": "ID104N779859", "latitude": 59.50870249, "longitude": -132.7633611, "rock_class": "sedimentary rocks", "rock_type": "chert, siliceous argillite, siliciclastic rocks", "terrane": "Cache Creek", "terrane_name": "Cache Creek", "era": "Paleozoic to Mesozoic", "copper_ppm": 139.43, "gold_ppm": 0.0027, "molybdenum_ppm": 5.51, "arsenic_ppm": 21.1, "cobalt_ppm": 58.3, "score_porphyry": 1.6497908694179255, "rank_porphyry": 470, "dist_to_fault_km": 2.51, "dist_to_terrane_boundary_km": 38.67, "grid_id": "163_61", "year": 1977 }, "geometry": { "type": "Point", "coordinates": [ -132.7633611, 59.50870249 ] } },
{ "type": "Feature", "properties": { "sample_id": "ID104N779918", "latitude": 59.09351057, "longitude": -132.6160026, "rock_class": "sedimentary rocks", "rock_type": "chert, siliceous argillite, siliciclastic rocks", "terrane": "Cache Creek", "terrane_name": "Cache Creek", "era": "Paleozoic to Mesozoic", "copper_ppm": 126.4, "gold_ppm": 0.0048, "molybdenum_ppm": 8.08, "arsenic_ppm": 10.6, "cobalt_ppm": 20.1, "score_porphyry": 1.4936194757368755, "rank_porphyry": 632, "dist_to_fault_km": 4.92, "dist_to_terrane_boundary_km": 18.5, "grid_id": "158_62", "year": 1977 }, "geometry": { "type": "Point", "coordinates": [ -132.6160026, 59.09351057 ] } },
{ "type": "Feature", "properties": { "sample_id": "ID104N779919", "latitude": 59.09462992, "longitude": -132.6255981, "rock_class": "sedimentary rocks", "rock_type": "chert, siliceous argillite, siliciclastic rocks", "terrane": "Cache Creek", "terrane_name": "Cache Creek", "era": "Paleozoic to Mesozoic", "copper_ppm": 112.97, "gold_ppm": 0.0054, "molybdenum_ppm": 11.28, "arsenic_ppm": 10.9, "cobalt_ppm": 19.5, "score_porphyry": 1.5610056264463437, "rank_porphyry": 558, "dist_to_fault_km": 4.56, "dist_to_terrane_boundary_km": 18.5, "grid_id": "158_62", "year": 1977 }, "geometry": { "type": "Point", "coordinates": [ -132.6255981, 59.09462992 ] } },
{ "type": "Feature", "properties": { "sample_id": "ID104O785258", "latitude": 59.51939, "longitude": -130.49211, "rock_class": "sedimentary rocks", "rock_type": "mudstone, siltstone, shale fine clastic sedimentary rocks", "terrane": "Cassiar", "terrane_name": "Cassiar", "era": "Proterozoic", "copper_ppm": 72.95, "gold_ppm": 0.01480000019, "molybdenum_ppm": 11.54, "arsenic_ppm": 6.5, "cobalt_ppm": 18.1, "score_porphyry": 1.3585330509569291, "rank_porphyry": 847, "dist_to_fault_km": 0.54, "dist_to_terrane_boundary_km": 1.05, "grid_id": "162_74", "year": 1978 }, "geometry": { "type": "Point", "coordinates": [ -130.49211, 59.51939 ] } },
{ "type": "Feature", "properties": { "sample_id": "ID104O785260", "latitude": 59.49295, "longitude": -130.46145, "rock_class": "sedimentary rocks", "rock_type": "mudstone, siltstone, shale fine clastic sedimentary rocks", "terrane": "Cassiar", "terrane_name": "Cassiar", "era": "Proterozoic", "copper_ppm": 117.38, "gold_ppm": 0.0095, "molybdenum_ppm": 11.4, "arsenic_ppm": 16.10000038, "cobalt_ppm": 38.4, "score_porphyry": 1.7566558385358295, "rank_porphyry": 389, "dist_to_fault_km": 0.46, "dist_to_terrane_boundary_km": 0.42, "grid_id": "162_74", "year": 1978 }, "geometry": { "type": "Point", "coordinates": [ -130.46145, 59.49295 ] } },
{ "type": "Feature", "properties": { "sample_id": "ID104O785274", "latitude": 59.47795, "longitude": -130.38775, "rock_class": "sedimentary rocks", "rock_type": "mudstone, siltstone, shale fine clastic sedimentary rocks", "terrane": "Cassiar", "terrane_name": "Cassiar", "era": "Proterozoic", "copper_ppm": 238.76, "gold_ppm": 0.01389999962, "molybdenum_ppm": 44.31, "arsenic_ppm": 94.59999847, "cobalt_ppm": 32.7, "score_porphyry": 2.7539041047328654, "rank_porphyry": 110, "dist_to_fault_km": 0.47, "dist_to_terrane_boundary_km": 2.48, "grid_id": "161_75", "year": 1978 }, "geometry": { "type": "Point", "coordinates": [ -130.38775, 59.47795 ] } },
{ "type": "Feature", "properties": { "sample_id": "ID104O785332", "latitude": 59.39218, "longitude": -130.30902, "rock_class": "intrusive rocks", "rock_type": "granodioritic intrusive rocks", "terrane": "Post Accretionary", "terrane_name": "Yukon-Tanana", "era": "Mesozoic", "copper_ppm": 136.4, "gold_ppm": 0.2493000031, "molybdenum_ppm": 0.59, "arsenic_ppm": 2.2000000480000002, "cobalt_ppm": 41.0, "score_porphyry": 1.9200528847068663, "rank_porphyry": 297, "dist_to_fault_km": 0.06, "dist_to_terrane_boundary_km": 1.6, "grid_id": "160_75", "year": 1978 }, "geometry": { "type": "Point", "coordinates": [ -130.30902, 59.39218 ] } },
{ "type": "Feature", "properties": { "sample_id": "ID104O785474", "latitude": 59.65804, "longitude": -131.15113, "rock_class": "sedimentary rocks", "rock_type": "mudstone, siltstone, shale fine clastic sedimentary rocks", "terrane": "Yukon-Tanana", "terrane_name": "Yukon-Tanana", "era": "Mesozoic", "copper_ppm": 267.2, "gold_ppm": 0.0065, "molybdenum_ppm": 11.51, "arsenic_ppm": 25.89999962, "cobalt_ppm": 50.7, "score_porphyry": 2.2114887579261522, "rank_porphyry": 201, "dist_to_fault_km": 2.17, "dist_to_terrane_boundary_km": 29.47, "grid_id": "164_70", "year": 1978 }, "geometry": { "type": "Point", "coordinates": [ -131.15113, 59.65804 ] } },
{ "type": "Feature", "properties": { "sample_id": "ID104O785479", "latitude": 59.62365, "longitude": -131.11321, "rock_class": "sedimentary rocks", "rock_type": "mudstone, siltstone, shale fine clastic sedimentary rocks", "terrane": "Yukon-Tanana", "terrane_name": "Yukon-Tanana", "era": "Mesozoic", "copper_ppm": 81.46, "gold_ppm": 0.0045999999049999999, "molybdenum_ppm": 8.39, "arsenic_ppm": 30.20000076, "cobalt_ppm": 32.1, "score_porphyry": 1.4927244696248343, "rank_porphyry": 634, "dist_to_fault_km": 0.36, "dist_to_terrane_boundary_km": 26.67, "grid_id": "163_71", "year": 1978 }, "geometry": { "type": "Point", "coordinates": [ -131.11321, 59.62365 ] } },
{ "type": "Feature", "properties": { "sample_id": "ID104O785482", "latitude": 59.60801, "longitude": -131.08374, "rock_class": "sedimentary rocks", "rock_type": "mudstone, siltstone, shale fine clastic sedimentary rocks", "terrane": "Yukon-Tanana", "terrane_name": "Yukon-Tanana", "era": "Mesozoic", "copper_ppm": 104.45, "gold_ppm": 0.0045999999049999999, "molybdenum_ppm": 4.03, "arsenic_ppm": 21.29999924, "cobalt_ppm": 28.0, "score_porphyry": 1.3027022556916898, "rank_porphyry": 959, "dist_to_fault_km": 0.13, "dist_to_terrane_boundary_km": 25.64, "grid_id": "163_71", "year": 1978 }, "geometry": { "type": "Point", "coordinates": [ -131.08374, 59.60801 ] } },
{ "type": "Feature", "properties": { "sample_id": "ID104O785489", "latitude": 59.24621, "longitude": -130.97508, "rock_class": "intrusive rocks", "rock_type": "granite, alkali feldspar granite intrusive rocks", "terrane": "Post Accretionary", "terrane_name": "Quesnellia", "era": "Mesozoic", "copper_ppm": 27.44, "gold_ppm": 0.0015, "molybdenum_ppm": 39.2, "arsenic_ppm": 24.70000076, "cobalt_ppm": 11.6, "score_porphyry": 1.3680603429064973, "rank_porphyry": 831, "dist_to_fault_km": 5.87, "dist_to_terrane_boundary_km": 6.18, "grid_id": "159_71", "year": 1978 }, "geometry": { "type": "Point", "coordinates": [ -130.97508, 59.24621 ] } },
{ "type": "Feature", "properties": { "sample_id": "ID104O785497", "latitude": 59.27768, "longitude": -131.11383, "rock_class": "intrusive rocks", "rock_type": "granite, alkali feldspar granite intrusive rocks", "terrane": "Post Accretionary", "terrane_name": "Quesnellia", "era": "Mesozoic", "copper_ppm": 90.21, "gold_ppm": 0.0039000000950000003, "molybdenum_ppm": 11.24, "arsenic_ppm": 203.3000031, "cobalt_ppm": 18.8, "score_porphyry": 1.7433327322709584, "rank_porphyry": 402, "dist_to_fault_km": 2.43, "dist_to_terrane_boundary_km": 8.22, "grid_id": "159_70", "year": 1978 }, "geometry": { "type": "Point", "coordinates": [ -131.11383, 59.27768 ] } },
{ "type": "Feature", "properties": { "sample_id": "ID104O785516", "latitude": 59.2169, "longitude": -130.90728, "rock_class": "intrusive rocks", "rock_type": "granite, alkali feldspar granite intrusive rocks", "terrane": "Post Accretionary", "terrane_name": "Quesnellia", "era": "Mesozoic", "copper_ppm": 56.43, "gold_ppm": 0.00069999998799999993, "molybdenum_ppm": 10.3, "arsenic_ppm": 13.60000038, "cobalt_ppm": 27.0, "score_porphyry": 1.2721483480946545, "rank_porphyry": 1017, "dist_to_fault_km": 5.16, "dist_to_terrane_boundary_km": 4.99, "grid_id": "159_71", "year": 1978 }, "geometry": { "type": "Point", "coordinates": [ -130.90728, 59.2169 ] } },
{ "type": "Feature", "properties": { "sample_id": "ID104O785564", "latitude": 59.30905, "longitude": -131.25285, "rock_class": "volcanic rocks", "rock_type": "undivided volcanic rocks", "terrane": "Quesnellia", "terrane_name": "Quesnellia", "era": "Mesozoic", "copper_ppm": 232.87, "gold_ppm": 0.009699999809, "molybdenum_ppm": 0.57, "arsenic_ppm": 51.0, "cobalt_ppm": 25.6, "score_porphyry": 1.3093489086421193, "rank_porphyry": 951, "dist_to_fault_km": 3.64, "dist_to_terrane_boundary_km": 6.33, "grid_id": "160_70", "year": 1978 }, "geometry": { "type": "Point", "coordinates": [ -131.25285, 59.30905 ] } },
{ "type": "Feature", "properties": { "sample_id": "ID104O785652", "latitude": 59.21756, "longitude": -131.41707, "rock_class": "sedimentary rocks", "rock_type": "chert, siliceous argillite, siliciclastic rocks", "terrane": "Cache Creek", "terrane_name": "Cache Creek", "era": "Paleozoic to Mesozoic", "copper_ppm": 76.88, "gold_ppm": 0.01469999981, "molybdenum_ppm": 5.42, "arsenic_ppm": 39.0, "cobalt_ppm": 16.0, "score_porphyry": 1.2760437905520077, "rank_porphyry": 1008, "dist_to_fault_km": 5.53, "dist_to_terrane_boundary_km": 7.49, "grid_id": "159_69", "year": 1978 }, "geometry": { "type": "Point", "coordinates": [ -131.41707, 59.21756 ] } },
{ "type": "Feature", "properties": { "sample_id": "ID104O785657", "latitude": 59.18995, "longitude": -131.39369, "rock_class": "sedimentary rocks", "rock_type": "chert, siliceous argillite, siliciclastic rocks", "terrane": "Cache Creek", "terrane_name": "Cache Creek", "era": "Paleozoic to Mesozoic", "copper_ppm": 75.35, "gold_ppm": 0.004800000191, "molybdenum_ppm": 4.03, "arsenic_ppm": 296.7999878, "cobalt_ppm": 15.1, "score_porphyry": 1.3243197116694558, "rank_porphyry": 920, "dist_to_fault_km": 4.63, "dist_to_terrane_boundary_km": 9.01, "grid_id": "159_69", "year": 1978 }, "geometry": { "type": "Point", "coordinates": [ -131.39369, 59.18995 ] } },
{ "type": "Feature", "properties": { "sample_id": "ID104O785658", "latitude": 59.18946, "longitude": -131.32984, "rock_class": "volcanic rocks", "rock_type": "basaltic volcanic rocks", "terrane": "Cache Creek", "terrane_name": "Cache Creek", "era": "Paleozoic", "copper_ppm": 91.34, "gold_ppm": 0.0037000000480000004, "molybdenum_ppm": 11.26, "arsenic_ppm": 101.9000015, "cobalt_ppm": 22.0, "score_porphyry": 1.7033572702306561, "rank_porphyry": 433, "dist_to_fault_km": 1.35, "dist_to_terrane_boundary_km": 6.68, "grid_id": "158_69", "year": 1978 }, "geometry": { "type": "Point", "coordinates": [ -131.32984, 59.18946 ] } },
{ "type": "Feature", "properties": { "sample_id": "ID104O785740", "latitude": 59.86304, "longitude": -130.7566, "rock_class": "sedimentary rocks", "rock_type": "mudstone, siltstone, shale fine clastic sedimentary rocks", "terrane": "Yukon-Tanana", "terrane_name": "Yukon-Tanana", "era": "Paleozoic", "copper_ppm": 156.76, "gold_ppm": 0.01030000019, "molybdenum_ppm": 10.33, "arsenic_ppm": 3.9000000950000002, "cobalt_ppm": 51.9, "score_porphyry": 1.7770249549168768, "rank_porphyry": 376, "dist_to_fault_km": 0.21, "dist_to_terrane_boundary_km": 8.4, "grid_id": "166_73", "year": 1978 }, "geometry": { "type": "Point", "coordinates": [ -130.7566, 59.86304 ] } },
{ "type": "Feature", "properties": { "sample_id": "ID104O785776", "latitude": 59.27674, "longitude": -131.60605, "rock_class": "intrusive rocks", "rock_type": "quartz dioritic intrusive rocks", "terrane": "Post Accretionary", "terrane_name": "Cache Creek", "era": "Mesozoic", "copper_ppm": 63.88, "gold_ppm": 0.0025999999049999998, "molybdenum_ppm": 59.65, "arsenic_ppm": 18.79999924, "cobalt_ppm": 8.4, "score_porphyry": 1.8271372578368648, "rank_porphyry": 347, "dist_to_fault_km": 9.79, "dist_to_terrane_boundary_km": 9.83, "grid_id": "160_68", "year": 1978 }, "geometry": { "type": "Point", "coordinates": [ -131.60605, 59.27674 ] } },
{ "type": "Feature", "properties": { "sample_id": "ID104O785852", "latitude": 59.61621, "longitude": -131.55349, "rock_class": "sedimentary rocks", "rock_type": "mudstone, siltstone, shale fine clastic sedimentary rocks", "terrane": "Yukon-Tanana", "terrane_name": "Yukon-Tanana", "era": "Mesozoic", "copper_ppm": 101.42, "gold_ppm": 0.0054000000950000003, "molybdenum_ppm": 7.36, "arsenic_ppm": 78.59999847, "cobalt_ppm": 22.0, "score_porphyry": 1.582958974168482, "rank_porphyry": 533, "dist_to_fault_km": 1.11, "dist_to_terrane_boundary_km": 15.56, "grid_id": "163_68", "year": 1978 }, "geometry": { "type": "Point", "coordinates": [ -131.55349, 59.61621 ] } },
{ "type": "Feature", "properties": { "sample_id": "ID104O785862", "latitude": 59.71954, "longitude": -131.46073, "rock_class": "intrusive rocks", "rock_type": "granodioritic intrusive rocks", "terrane": "Post Accretionary", "terrane_name": "Yukon-Tanana", "era": "Mesozoic", "copper_ppm": 96.41, "gold_ppm": 0.0022000000480000004, "molybdenum_ppm": 21.05, "arsenic_ppm": 5.800000191, "cobalt_ppm": 12.7, "score_porphyry": 1.571047184602222, "rank_porphyry": 543, "dist_to_fault_km": 7.79, "dist_to_terrane_boundary_km": 28.15, "grid_id": "164_69", "year": 1978 }, "geometry": { "type": "Point", "coordinates": [ -131.46073, 59.71954 ] } },
{ "type": "Feature", "properties": { "sample_id": "ID104P781529", "latitude": 59.34202, "longitude": -129.52972, "rock_class": "sedimentary rocks", "rock_type": "quartzite, quartz arenite sedimentary rocks", "terrane": "Cassiar", "terrane_name": "Cassiar", "era": "Paleozoic", "copper_ppm": 97.39, "gold_ppm": 0.01460000038, "molybdenum_ppm": 67.56, "arsenic_ppm": 899.5999756, "cobalt_ppm": 12.9, "score_porphyry": 2.5923115294829016, "rank_porphyry": 131, "dist_to_fault_km": 0.07, "dist_to_terrane_boundary_km": 1.04, "grid_id": "160_79", "year": 1978 }, "geometry": { "type": "Point", "coordinates": [ -129.52972, 59.34202 ] } },
{ "type": "Feature", "properties": { "sample_id": "ID104P781530", "latitude": 59.33729, "longitude": -129.52265, "rock_class": "sedimentary rocks", "rock_type": "limestone, marble, calcareous sedimentary rocks", "terrane": "Cassiar", "terrane_name": "Cassiar", "era": "Paleozoic", "copper_ppm": 183.27, "gold_ppm": 0.01360000038, "molybdenum_ppm": 12.64, "arsenic_ppm": 341.7000122, "cobalt_ppm": 11.8, "score_porphyry": 2.128009111428582, "rank_porphyry": 227, "dist_to_fault_km": 0.31, "dist_to_terrane_boundary_km": 1.22, "grid_id": "159_79", "year": 1978 }, "geometry": { "type": "Point", "coordinates": [ -129.52265, 59.33729 ] } },
{ "type": "Feature", "properties": { "sample_id": "ID104P781804", "latitude": 59.13565, "longitude": -129.74696, "rock_class": "sedimentary rocks", "rock_type": "limestone, slate, siltstone, argillite", "terrane": "Cassiar", "terrane_name": "Cassiar", "era": "Paleozoic", "copper_ppm": 82.59, "gold_ppm": 0.0017999999520000001, "molybdenum_ppm": 22.4, "arsenic_ppm": 30.0, "cobalt_ppm": 31.3, "score_porphyry": 1.8348219007894786, "rank_porphyry": 338, "dist_to_fault_km": 0.17, "dist_to_terrane_boundary_km": 1.24, "grid_id": "157_78", "year": 1978 }, "geometry": { "type": "Point", "coordinates": [ -129.74696, 59.13565 ] } },
{ "type": "Feature", "properties": { "sample_id": "ID104P781814", "latitude": 59.18986, "longitude": -129.71583, "rock_class": "volcanic rocks", "rock_type": "basaltic volcanic rocks", "terrane": "Slide Mountain", "terrane_name": "Slide Mountain", "era": "Paleozoic", "copper_ppm": 109.07, "gold_ppm": 0.03029999924, "molybdenum_ppm": 6.52, "arsenic_ppm": 84.69999695, "cobalt_ppm": 18.8, "score_porphyry": 1.6769508510341686, "rank_porphyry": 447, "dist_to_fault_km": 0.85, "dist_to_terrane_boundary_km": 0.85, "grid_id": "158_78", "year": 1978 }, "geometry": { "type": "Point", "coordinates": [ -129.71583, 59.18986 ] } },
{ "type": "Feature", "properties": { "sample_id": "ID104P781815", "latitude": 59.18995, "longitude": -129.74021, "rock_class": "sedimentary rocks", "rock_type": "limestone, marble, calcareous sedimentary rocks", "terrane": "Cassiar", "terrane_name": "Cassiar", "era": "Paleozoic", "copper_ppm": 42.16, "gold_ppm": 0.3071000061, "molybdenum_ppm": 2.73, "arsenic_ppm": 73.59999847, "cobalt_ppm": 13.4, "score_porphyry": 2.0910802341760721, "rank_porphyry": 241, "dist_to_fault_km": 0.23, "dist_to_terrane_boundary_km": 0.5, "grid_id": "158_78", "year": 1978 }, "geometry": { "type": "Point", "coordinates": [ -129.74021, 59.18995 ] } },
{ "type": "Feature", "properties": { "sample_id": "ID104P781817", "latitude": 59.18025, "longitude": -129.30566, "rock_class": "volcanic rocks", "rock_type": "basaltic volcanic rocks", "terrane": "Slide Mountain", "terrane_name": "Slide Mountain", "era": "Paleozoic", "copper_ppm": 66.63, "gold_ppm": 0.009, "molybdenum_ppm": 6.22, "arsenic_ppm": 51.79999924, "cobalt_ppm": 20.4, "score_porphyry": 1.2999551611735591, "rank_porphyry": 963, "dist_to_fault_km": 0.68, "dist_to_terrane_boundary_km": 2.4, "grid_id": "158_81", "year": 1978 }, "geometry": { "type": "Point", "coordinates": [ -129.30566, 59.18025 ] } },
{ "type": "Feature", "properties": { "sample_id": "ID104P781820", "latitude": 59.18744, "longitude": -129.39314, "rock_class": "sedimentary rocks", "rock_type": "marine sedimentary and volcanic rocks", "terrane": "Slide Mountain", "terrane_name": "Slide Mountain", "era": "Paleozoic", "copper_ppm": 77.3, "gold_ppm": 0.007, "molybdenum_ppm": 9.94, "arsenic_ppm": 83.0, "cobalt_ppm": 17.6, "score_porphyry": 1.5415959159194488, "rank_porphyry": 577, "dist_to_fault_km": 0.27, "dist_to_terrane_boundary_km": 2.52, "grid_id": "158_80", "year": 1978 }, "geometry": { "type": "Point", "coordinates": [ -129.39314, 59.18744 ] } },
{ "type": "Feature", "properties": { "sample_id": "ID104P781822", "latitude": 59.18091, "longitude": -129.4285, "rock_class": "sedimentary rocks", "rock_type": "marine sedimentary and volcanic rocks", "terrane": "Slide Mountain", "terrane_name": "Slide Mountain", "era": "Paleozoic", "copper_ppm": 84.63, "gold_ppm": 0.0054000000950000003, "molybdenum_ppm": 10.7, "arsenic_ppm": 105.6999969, "cobalt_ppm": 18.9, "score_porphyry": 1.6374327949132887, "rank_porphyry": 477, "dist_to_fault_km": 0.15, "dist_to_terrane_boundary_km": 0.46, "grid_id": "158_80", "year": 1978 }, "geometry": { "type": "Point", "coordinates": [ -129.4285, 59.18091 ] } },
{ "type": "Feature", "properties": { "sample_id": "ID104P781868", "latitude": 59.39561, "longitude": -129.80016, "rock_class": "sedimentary rocks", "rock_type": "mudstone/laminite fine clastic sedimentary rocks", "terrane": "North America - basinal strata", "terrane_name": "Cassiar", "era": "Paleozoic", "copper_ppm": 55.98, "gold_ppm": 0.00030000001199999998, "molybdenum_ppm": 19.75, "arsenic_ppm": 30.79999924, "cobalt_ppm": 17.9, "score_porphyry": 1.5143194835068821, "rank_porphyry": 605, "dist_to_fault_km": 0.04, "dist_to_terrane_boundary_km": 0.66, "grid_id": "160_78", "year": 1978 }, "geometry": { "type": "Point", "coordinates": [ -129.80016, 59.39561 ] } },
{ "type": "Feature", "properties": { "sample_id": "ID104P781873", "latitude": 59.32005, "longitude": -129.73564, "rock_class": "volcanic rocks", "rock_type": "basaltic volcanic rocks", "terrane": "Slide Mountain", "terrane_name": "Slide Mountain", "era": "Paleozoic", "copper_ppm": 266.95, "gold_ppm": 0.0039000000950000003, "molybdenum_ppm": 0.44, "arsenic_ppm": 30.5, "cobalt_ppm": 40.2, "score_porphyry": 1.3341817205498607, "rank_porphyry": 903, "dist_to_fault_km": 0.27, "dist_to_terrane_boundary_km": 4.32, "grid_id": "159_78", "year": 1978 }, "geometry": { "type": "Point", "coordinates": [ -129.73564, 59.32005 ] } },
{ "type": "Feature", "properties": { "sample_id": "ID104P781880", "latitude": 59.25852, "longitude": -129.62481, "rock_class": "volcanic rocks", "rock_type": "basaltic volcanic rocks", "terrane": "Slide Mountain", "terrane_name": "Slide Mountain", "era": "Paleozoic", "copper_ppm": 73.28, "gold_ppm": 0.09959999847000001, "molybdenum_ppm": 0.69, "arsenic_ppm": 81.80000305, "cobalt_ppm": 29.7, "score_porphyry": 1.3166340931018541, "rank_porphyry": 936, "dist_to_fault_km": 2.02, "dist_to_terrane_boundary_km": 5.8, "grid_id": "159_79", "year": 1978 }, "geometry": { "type": "Point", "coordinates": [ -129.62481, 59.25852 ] } }
]
}
